true_label,predicted_label,probability,file_path
0,1,0.6608,/home/miro/Workspace/MachineLearningProjects/ww-trainer/experiments/hey_mycroft/dataset/negatives/processed/000273.wav
0,1,0.6221,/home/miro/Workspace/MachineLearningProjects/ww-trainer/experiments/hey_mycroft/dataset/negatives/processed/000281.wav
0,1,0.6669,experiments/hey_mycroft/dataset/negatives/not_wake_word_subset/not_wake_word_04778.wav
0,1,0.7140,experiments/hey_mycroft/dataset/negatives/not_wake_word_subset/not_wake_word_07625.wav
0,1,0.7070,experiments/hey_mycroft/dataset/negatives/not_wake_word_subset/not_wake_word_06626.wav
0,1,0.7963,/home/miro/Workspace/MachineLearningProjects/ww-trainer/experiments/hey_mycroft/dataset/negatives/processed/001482.wav
0,1,0.7510,experiments/hey_mycroft/dataset/negatives/not_wake_word_subset/not_wake_word_06217.wav
0,1,0.7372,experiments/hey_mycroft/dataset/negatives/not_wake_word_subset/not_wake_word_06972.wav
0,1,0.5772,experiments/hey_mycroft/dataset/negatives/not_wake_word_subset/not_wake_word_03474.wav
0,1,0.6672,experiments/hey_mycroft/dataset/negatives/not_wake_word_subset/not_wake_word_05106.wav
0,1,0.7346,experiments/hey_mycroft/dataset/negatives/not_wake_word_subset/not_wake_word_03071.wav
0,1,0.7552,experiments/hey_mycroft/dataset/negatives/not_wake_word_subset/not_wake_word_01698.wav
0,1,0.6993,experiments/hey_mycroft/dataset/negatives/not_wake_word_subset/not_wake_word_08091.wav
0,1,0.6856,experiments/hey_mycroft/dataset/negatives/not_wake_word_subset/not_wake_word_03771.wav
0,1,0.7393,experiments/hey_mycroft/dataset/negatives/not_wake_word_subset/not_wake_word_07134.wav
0,1,0.6486,experiments/hey_mycroft/dataset/negatives/not_wake_word_subset/not_wake_word_08136.wav
0,1,0.6709,/home/miro/Workspace/MachineLearningProjects/ww-trainer/experiments/hey_mycroft/dataset/negatives/processed/000173.wav
0,1,0.6602,experiments/hey_mycroft/dataset/negatives/not_wake_word_subset/not_wake_word_03728.wav
0,1,0.7358,experiments/hey_mycroft/dataset/negatives/not_wake_word_subset/not_wake_word_07691.wav
0,1,0.7926,experiments/hey_mycroft/dataset/negatives/not_wake_word_subset/not_wake_word_06795.wav
0,1,0.5184,/home/miro/Workspace/MachineLearningProjects/ww-trainer/experiments/hey_mycroft/dataset/negatives/processed/000493.wav
0,1,0.7801,experiments/hey_mycroft/dataset/negatives/not_wake_word_subset/not_wake_word_02852.wav
0,1,0.6913,experiments/hey_mycroft/dataset/negatives/not_wake_word_subset/not_wake_word_02475.wav
0,1,0.6343,experiments/hey_mycroft/dataset/negatives/not_wake_word_subset/not_wake_word_04083.wav
0,1,0.6929,/home/miro/Workspace/MachineLearningProjects/ww-trainer/experiments/hey_mycroft/dataset/negatives/processed/000314.wav
0,1,0.7236,experiments/hey_mycroft/dataset/negatives/not_wake_word_subset/not_wake_word_06109.wav
0,1,0.6611,/home/miro/Workspace/MachineLearningProjects/ww-trainer/experiments/hey_mycroft/dataset/negatives/processed/000548.wav
0,1,0.6070,experiments/hey_mycroft/dataset/negatives/not_wake_word_subset/not_wake_word_01984.wav
0,1,0.6541,experiments/hey_mycroft/dataset/negatives/not_wake_word_subset/not_wake_word_01681.wav
0,1,0.7290,experiments/hey_mycroft/dataset/negatives/not_wake_word_subset/not_wake_word_01420.wav
0,1,0.6472,experiments/hey_mycroft/dataset/negatives/not_wake_word_subset/not_wake_word_08032.wav
0,1,0.6538,experiments/hey_mycroft/dataset/negatives/not_wake_word_subset/not_wake_word_01763.wav
0,1,0.7344,experiments/hey_mycroft/dataset/negatives/not_wake_word_subset/not_wake_word_01476.wav
0,1,0.6625,experiments/hey_mycroft/dataset/negatives/not_wake_word_subset/not_wake_word_04735.wav
0,1,0.6747,experiments/hey_mycroft/dataset/negatives/not_wake_word_subset/not_wake_word_02418.wav
0,1,0.6149,/home/miro/Workspace/MachineLearningProjects/ww-trainer/experiments/hey_mycroft/dataset/negatives/processed/000201.wav
0,1,0.6532,/home/miro/Workspace/MachineLearningProjects/ww-trainer/experiments/hey_mycroft/dataset/negatives/processed/000917.wav
0,1,0.6430,/home/miro/Workspace/MachineLearningProjects/ww-trainer/experiments/hey_mycroft/dataset/negatives/processed/000024.wav
0,1,0.6678,experiments/hey_mycroft/dataset/negatives/not_wake_word_subset/not_wake_word_05636.wav
0,1,0.6901,experiments/hey_mycroft/dataset/negatives/not_wake_word_subset/not_wake_word_05364.wav
0,1,0.6253,/home/miro/Workspace/MachineLearningProjects/ww-trainer/experiments/hey_mycroft/dataset/negatives/processed/001993.wav
0,1,0.7277,experiments/hey_mycroft/dataset/negatives/not_wake_word_subset/not_wake_word_04507.wav
0,1,0.7397,experiments/hey_mycroft/dataset/negatives/not_wake_word_subset/not_wake_word_00627.wav
0,1,0.7256,experiments/hey_mycroft/dataset/negatives/not_wake_word_subset/not_wake_word_06478.wav
0,1,0.5027,experiments/hey_mycroft/dataset/negatives/not_wake_word_subset/not_wake_word_07693.wav
0,1,0.7614,experiments/hey_mycroft/dataset/negatives/not_wake_word_subset/not_wake_word_01558.wav
0,1,0.7636,experiments/hey_mycroft/dataset/negatives/not_wake_word_subset/not_wake_word_06047.wav
0,1,0.7441,experiments/hey_mycroft/dataset/negatives/not_wake_word_subset/not_wake_word_07364.wav
0,1,0.5937,experiments/hey_mycroft/dataset/negatives/not_wake_word_subset/not_wake_word_02419.wav
0,1,0.6119,experiments/hey_mycroft/dataset/negatives/not_wake_word_subset/not_wake_word_08446.wav
0,1,0.7122,experiments/hey_mycroft/dataset/negatives/not_wake_word_subset/not_wake_word_04979.wav
0,1,0.5505,experiments/hey_mycroft/dataset/negatives/not_wake_word_subset/not_wake_word_04062.wav
0,1,0.6916,experiments/hey_mycroft/dataset/negatives/not_wake_word_subset/not_wake_word_05140.wav
0,1,0.7282,experiments/hey_mycroft/dataset/negatives/not_wake_word_subset/not_wake_word_06651.wav
0,1,0.6170,experiments/hey_mycroft/dataset/negatives/not_wake_word_subset/not_wake_word_07125.wav
0,1,0.6491,experiments/hey_mycroft/dataset/negatives/not_wake_word_subset/not_wake_word_07317.wav
0,1,0.7406,experiments/hey_mycroft/dataset/negatives/not_wake_word_subset/not_wake_word_05863.wav
0,1,0.6824,experiments/hey_mycroft/dataset/negatives/not_wake_word_subset/not_wake_word_02533.wav
0,1,0.6753,experiments/hey_mycroft/dataset/negatives/not_wake_word_subset/not_wake_word_09038.wav
0,1,0.6089,experiments/hey_mycroft/dataset/negatives/not_wake_word_subset/not_wake_word_04650.wav
0,1,0.6686,experiments/hey_mycroft/dataset/negatives/not_wake_word_subset/not_wake_word_06472.wav
0,1,0.6822,experiments/hey_mycroft/dataset/negatives/not_wake_word_subset/not_wake_word_02104.wav
0,1,0.6721,experiments/hey_mycroft/dataset/negatives/not_wake_word_subset/not_wake_word_09034.wav
0,1,0.7022,experiments/hey_mycroft/dataset/negatives/not_wake_word_subset/not_wake_word_07844.wav
0,1,0.6296,/home/miro/Workspace/MachineLearningProjects/ww-trainer/experiments/hey_mycroft/dataset/negatives/processed/000135.wav
0,1,0.6829,experiments/hey_mycroft/dataset/negatives/not_wake_word_subset/not_wake_word_05139.wav
0,1,0.6807,experiments/hey_mycroft/dataset/negatives/not_wake_word_subset/not_wake_word_04571.wav
0,1,0.6500,experiments/hey_mycroft/dataset/negatives/not_wake_word_subset/not_wake_word_02725.wav
0,1,0.6295,experiments/hey_mycroft/dataset/negatives/not_wake_word_subset/not_wake_word_07422.wav
0,1,0.7099,/home/miro/Workspace/MachineLearningProjects/ww-trainer/experiments/hey_mycroft/dataset/negatives/processed/001589.wav
0,1,0.6421,experiments/hey_mycroft/dataset/negatives/not_wake_word_subset/not_wake_word_05758.wav
0,1,0.6402,experiments/hey_mycroft/dataset/negatives/not_wake_word_subset/not_wake_word_00473.wav
0,1,0.7135,experiments/hey_mycroft/dataset/negatives/not_wake_word_subset/not_wake_word_01730.wav
0,1,0.7503,/home/miro/Workspace/MachineLearningProjects/ww-trainer/experiments/hey_mycroft/dataset/negatives/processed/001263.wav
0,1,0.7210,experiments/hey_mycroft/dataset/negatives/not_wake_word_subset/not_wake_word_05583.wav
0,1,0.6617,experiments/hey_mycroft/dataset/negatives/not_wake_word_subset/not_wake_word_03349.wav
0,1,0.6735,experiments/hey_mycroft/dataset/negatives/not_wake_word_subset/not_wake_word_01617.wav
0,1,0.6999,experiments/hey_mycroft/dataset/negatives/not_wake_word_subset/not_wake_word_08798.wav
0,1,0.6832,experiments/hey_mycroft/dataset/negatives/not_wake_word_subset/not_wake_word_01977.wav
0,1,0.6088,experiments/hey_mycroft/dataset/negatives/not_wake_word_subset/not_wake_word_02592.wav
0,1,0.6957,experiments/hey_mycroft/dataset/negatives/not_wake_word_subset/not_wake_word_05401.wav
0,1,0.7036,experiments/hey_mycroft/dataset/negatives/not_wake_word_subset/not_wake_word_03393.wav
0,1,0.6763,experiments/hey_mycroft/dataset/negatives/not_wake_word_subset/not_wake_word_01536.wav
0,1,0.6365,experiments/hey_mycroft/dataset/negatives/not_wake_word_subset/not_wake_word_04602.wav
0,1,0.6847,experiments/hey_mycroft/dataset/negatives/not_wake_word_subset/not_wake_word_00942.wav
0,1,0.7993,/home/miro/Workspace/MachineLearningProjects/ww-trainer/experiments/hey_mycroft/dataset/negatives/processed/001794.wav
0,1,0.6448,experiments/hey_mycroft/dataset/negatives/not_wake_word_subset/not_wake_word_08725.wav
0,1,0.5585,/home/miro/Workspace/MachineLearningProjects/ww-trainer/experiments/hey_mycroft/dataset/negatives/processed/000274.wav
0,1,0.6379,experiments/hey_mycroft/dataset/negatives/not_wake_word_subset/not_wake_word_02267.wav
0,1,0.6422,experiments/hey_mycroft/dataset/negatives/not_wake_word_subset/not_wake_word_07173.wav
0,1,0.7414,experiments/hey_mycroft/dataset/negatives/not_wake_word_subset/not_wake_word_02940.wav
0,1,0.7328,experiments/hey_mycroft/dataset/negatives/not_wake_word_subset/not_wake_word_07542.wav
0,1,0.6059,experiments/hey_mycroft/dataset/negatives/not_wake_word_subset/not_wake_word_01112.wav
0,1,0.6087,experiments/hey_mycroft/dataset/negatives/not_wake_word_subset/not_wake_word_02691.wav
0,1,0.7057,experiments/hey_mycroft/dataset/negatives/not_wake_word_subset/not_wake_word_05919.wav
0,1,0.6740,/home/miro/Workspace/MachineLearningProjects/ww-trainer/experiments/hey_mycroft/dataset/negatives/processed/000772.wav
0,1,0.7422,experiments/hey_mycroft/dataset/negatives/not_wake_word_subset/not_wake_word_02233.wav
0,1,0.6865,experiments/hey_mycroft/dataset/negatives/not_wake_word_subset/not_wake_word_04557.wav
0,1,0.7620,experiments/hey_mycroft/dataset/negatives/not_wake_word_subset/not_wake_word_05968.wav
0,1,0.7217,/home/miro/Workspace/MachineLearningProjects/ww-trainer/experiments/hey_mycroft/dataset/negatives/processed/001899.wav
0,1,0.7201,experiments/hey_mycroft/dataset/negatives/not_wake_word_subset/not_wake_word_02081.wav
0,1,0.6673,experiments/hey_mycroft/dataset/negatives/not_wake_word_subset/not_wake_word_00201.wav
0,1,0.5997,/home/miro/Workspace/MachineLearningProjects/ww-trainer/experiments/hey_mycroft/dataset/negatives/processed/001582.wav
0,1,0.6176,/home/miro/Workspace/MachineLearningProjects/ww-trainer/experiments/hey_mycroft/dataset/negatives/processed/000099.wav
0,1,0.5895,experiments/hey_mycroft/dataset/negatives/not_wake_word_subset/not_wake_word_04984.wav
0,1,0.6876,/home/miro/Workspace/MachineLearningProjects/ww-trainer/experiments/hey_mycroft/dataset/negatives/processed/001259.wav
0,1,0.6098,experiments/hey_mycroft/dataset/negatives/not_wake_word_subset/not_wake_word_07914.wav
0,1,0.6501,experiments/hey_mycroft/dataset/negatives/not_wake_word_subset/not_wake_word_08585.wav
0,1,0.6559,/home/miro/Workspace/MachineLearningProjects/ww-trainer/experiments/hey_mycroft/dataset/negatives/processed/000473.wav
0,1,0.6626,experiments/hey_mycroft/dataset/negatives/not_wake_word_subset/not_wake_word_01146.wav
0,1,0.5183,experiments/hey_mycroft/dataset/negatives/not_wake_word_subset/not_wake_word_08670.wav
0,1,0.7344,/home/miro/Workspace/MachineLearningProjects/ww-trainer/experiments/hey_mycroft/dataset/negatives/processed/001651.wav
0,1,0.7004,experiments/hey_mycroft/dataset/negatives/not_wake_word_subset/not_wake_word_05569.wav
0,1,0.7578,/home/miro/Workspace/MachineLearningProjects/ww-trainer/experiments/hey_mycroft/dataset/negatives/processed/001125.wav
0,1,0.6365,experiments/hey_mycroft/dataset/negatives/not_wake_word_subset/not_wake_word_00652.wav
0,1,0.7305,experiments/hey_mycroft/dataset/negatives/not_wake_word_subset/not_wake_word_06709.wav
0,1,0.6545,/home/miro/Workspace/MachineLearningProjects/ww-trainer/experiments/hey_mycroft/dataset/negatives/processed/000966.wav
0,1,0.5939,experiments/hey_mycroft/dataset/negatives/not_wake_word_subset/not_wake_word_00373.wav
0,1,0.6666,experiments/hey_mycroft/dataset/negatives/not_wake_word_subset/not_wake_word_01543.wav
0,1,0.6398,experiments/hey_mycroft/dataset/negatives/not_wake_word_subset/not_wake_word_07488.wav
0,1,0.6786,experiments/hey_mycroft/dataset/negatives/not_wake_word_subset/not_wake_word_06101.wav
0,1,0.6230,experiments/hey_mycroft/dataset/negatives/not_wake_word_subset/not_wake_word_07091.wav
0,1,0.7194,/home/miro/Workspace/MachineLearningProjects/ww-trainer/experiments/hey_mycroft/dataset/negatives/processed/000108.wav
0,1,0.6774,experiments/hey_mycroft/dataset/negatives/not_wake_word_subset/not_wake_word_06605.wav
0,1,0.5411,/home/miro/Workspace/MachineLearningProjects/ww-trainer/experiments/hey_mycroft/dataset/negatives/processed/000352.wav
0,1,0.6638,experiments/hey_mycroft/dataset/negatives/not_wake_word_subset/not_wake_word_07179.wav
0,1,0.5697,experiments/hey_mycroft/dataset/negatives/not_wake_word_subset/not_wake_word_03163.wav
0,1,0.6235,/home/miro/Workspace/MachineLearningProjects/ww-trainer/experiments/hey_mycroft/dataset/negatives/processed/000680.wav
0,1,0.7263,experiments/hey_mycroft/dataset/negatives/not_wake_word_subset/not_wake_word_03112.wav
0,1,0.6515,experiments/hey_mycroft/dataset/negatives/not_wake_word_subset/not_wake_word_03408.wav
0,1,0.6877,experiments/hey_mycroft/dataset/negatives/not_wake_word_subset/not_wake_word_04136.wav
0,1,0.7158,experiments/hey_mycroft/dataset/negatives/not_wake_word_subset/not_wake_word_08467.wav
0,1,0.7586,experiments/hey_mycroft/dataset/negatives/not_wake_word_subset/not_wake_word_01685.wav
0,1,0.7014,/home/miro/Workspace/MachineLearningProjects/ww-trainer/experiments/hey_mycroft/dataset/negatives/processed/000443.wav
0,1,0.6132,experiments/hey_mycroft/dataset/negatives/not_wake_word_subset/not_wake_word_08043.wav
0,1,0.6712,experiments/hey_mycroft/dataset/negatives/not_wake_word_subset/not_wake_word_07991.wav
0,1,0.6718,experiments/hey_mycroft/dataset/negatives/not_wake_word_subset/not_wake_word_07918.wav
0,1,0.5102,experiments/hey_mycroft/dataset/negatives/not_wake_word_subset/not_wake_word_02901.wav
0,1,0.7896,/home/miro/Workspace/MachineLearningProjects/ww-trainer/experiments/hey_mycroft/dataset/negatives/processed/000102.wav
0,1,0.7089,experiments/hey_mycroft/dataset/negatives/not_wake_word_subset/not_wake_word_06275.wav
0,1,0.5455,experiments/hey_mycroft/dataset/negatives/not_wake_word_subset/not_wake_word_06589.wav
0,1,0.6728,/home/miro/Workspace/MachineLearningProjects/ww-trainer/experiments/hey_mycroft/dataset/negatives/processed/000151.wav
0,1,0.6546,experiments/hey_mycroft/dataset/negatives/not_wake_word_subset/not_wake_word_01497.wav
0,1,0.6004,experiments/hey_mycroft/dataset/negatives/not_wake_word_subset/not_wake_word_02863.wav
0,1,0.6741,experiments/hey_mycroft/dataset/negatives/not_wake_word_subset/not_wake_word_03263.wav
0,1,0.7002,experiments/hey_mycroft/dataset/negatives/not_wake_word_subset/not_wake_word_07658.wav
0,1,0.5120,experiments/hey_mycroft/dataset/negatives/not_wake_word_subset/not_wake_word_01053.wav
0,1,0.7051,experiments/hey_mycroft/dataset/negatives/not_wake_word_subset/not_wake_word_07007.wav
0,1,0.7318,/home/miro/Workspace/MachineLearningProjects/ww-trainer/experiments/hey_mycroft/dataset/negatives/processed/000831.wav
0,1,0.7966,/home/miro/Workspace/MachineLearningProjects/ww-trainer/experiments/hey_mycroft/dataset/negatives/processed/000947.wav
0,1,0.6101,experiments/hey_mycroft/dataset/negatives/not_wake_word_subset/not_wake_word_05326.wav
0,1,0.6886,experiments/hey_mycroft/dataset/negatives/not_wake_word_subset/not_wake_word_07245.wav
0,1,0.7104,experiments/hey_mycroft/dataset/negatives/not_wake_word_subset/not_wake_word_06966.wav
0,1,0.5083,/home/miro/Workspace/MachineLearningProjects/ww-trainer/experiments/hey_mycroft/dataset/negatives/processed/000954.wav
0,1,0.7175,experiments/hey_mycroft/dataset/negatives/not_wake_word_subset/not_wake_word_04349.wav
0,1,0.7463,experiments/hey_mycroft/dataset/negatives/not_wake_word_subset/not_wake_word_02661.wav
0,1,0.6923,experiments/hey_mycroft/dataset/negatives/not_wake_word_subset/not_wake_word_04748.wav
0,1,0.7259,experiments/hey_mycroft/dataset/negatives/not_wake_word_subset/not_wake_word_02042.wav
0,1,0.7527,/home/miro/Workspace/MachineLearningProjects/ww-trainer/experiments/hey_mycroft/dataset/negatives/processed/001005.wav
0,1,0.6286,experiments/hey_mycroft/dataset/negatives/not_wake_word_subset/not_wake_word_03567.wav
0,1,0.7386,experiments/hey_mycroft/dataset/negatives/not_wake_word_subset/not_wake_word_00695.wav
0,1,0.6054,experiments/hey_mycroft/dataset/negatives/not_wake_word_subset/not_wake_word_01163.wav
0,1,0.6435,/home/miro/Workspace/MachineLearningProjects/ww-trainer/experiments/hey_mycroft/dataset/negatives/processed/001466.wav
0,1,0.7012,experiments/hey_mycroft/dataset/negatives/not_wake_word_subset/not_wake_word_03783.wav
0,1,0.6781,experiments/hey_mycroft/dataset/negatives/not_wake_word_subset/not_wake_word_08754.wav
0,1,0.5622,experiments/hey_mycroft/dataset/negatives/not_wake_word_subset/not_wake_word_08427.wav
0,1,0.7058,experiments/hey_mycroft/dataset/negatives/not_wake_word_subset/not_wake_word_06548.wav
0,1,0.5926,experiments/hey_mycroft/dataset/negatives/not_wake_word_subset/not_wake_word_08684.wav
0,1,0.6671,experiments/hey_mycroft/dataset/negatives/not_wake_word_subset/not_wake_word_07445.wav
0,1,0.7133,experiments/hey_mycroft/dataset/negatives/not_wake_word_subset/not_wake_word_03440.wav
0,1,0.6366,experiments/hey_mycroft/dataset/negatives/not_wake_word_subset/not_wake_word_01186.wav
0,1,0.5183,experiments/hey_mycroft/dataset/negatives/not_wake_word_subset/not_wake_word_07969.wav
0,1,0.6730,experiments/hey_mycroft/dataset/negatives/not_wake_word_subset/not_wake_word_02622.wav
0,1,0.5687,/home/miro/Workspace/MachineLearningProjects/ww-trainer/experiments/hey_mycroft/dataset/negatives/processed/000026.wav
0,1,0.6931,experiments/hey_mycroft/dataset/negatives/not_wake_word_subset/not_wake_word_04089.wav
0,1,0.7175,experiments/hey_mycroft/dataset/negatives/not_wake_word_subset/not_wake_word_06277.wav
0,1,0.6442,experiments/hey_mycroft/dataset/negatives/not_wake_word_subset/not_wake_word_08341.wav
0,1,0.7716,experiments/hey_mycroft/dataset/negatives/not_wake_word_subset/not_wake_word_00407.wav
0,1,0.6705,experiments/hey_mycroft/dataset/negatives/not_wake_word_subset/not_wake_word_00019.wav
0,1,0.6548,experiments/hey_mycroft/dataset/negatives/not_wake_word_subset/not_wake_word_03753.wav
0,1,0.6857,experiments/hey_mycroft/dataset/negatives/not_wake_word_subset/not_wake_word_06659.wav
0,1,0.7256,experiments/hey_mycroft/dataset/negatives/not_wake_word_subset/not_wake_word_01983.wav
0,1,0.6470,experiments/hey_mycroft/dataset/negatives/not_wake_word_subset/not_wake_word_03645.wav
0,1,0.6944,experiments/hey_mycroft/dataset/negatives/not_wake_word_subset/not_wake_word_02635.wav
0,1,0.6919,experiments/hey_mycroft/dataset/negatives/not_wake_word_subset/not_wake_word_08764.wav
0,1,0.5711,experiments/hey_mycroft/dataset/negatives/not_wake_word_subset/not_wake_word_03150.wav
0,1,0.6447,experiments/hey_mycroft/dataset/negatives/not_wake_word_subset/not_wake_word_05888.wav
0,1,0.6769,experiments/hey_mycroft/dataset/negatives/not_wake_word_subset/not_wake_word_03469.wav
0,1,0.6905,experiments/hey_mycroft/dataset/negatives/not_wake_word_subset/not_wake_word_00453.wav
0,1,0.6451,experiments/hey_mycroft/dataset/negatives/not_wake_word_subset/not_wake_word_05398.wav
0,1,0.6865,experiments/hey_mycroft/dataset/negatives/not_wake_word_subset/not_wake_word_04340.wav
0,1,0.7642,experiments/hey_mycroft/dataset/negatives/not_wake_word_subset/not_wake_word_00645.wav
0,1,0.5702,experiments/hey_mycroft/dataset/negatives/not_wake_word_subset/not_wake_word_08718.wav
0,1,0.5664,/home/miro/Workspace/MachineLearningProjects/ww-trainer/experiments/hey_mycroft/dataset/negatives/processed/000095.wav
0,1,0.6497,experiments/hey_mycroft/dataset/negatives/not_wake_word_subset/not_wake_word_00540.wav
0,1,0.7104,experiments/hey_mycroft/dataset/negatives/not_wake_word_subset/not_wake_word_05929.wav
0,1,0.7235,experiments/hey_mycroft/dataset/negatives/not_wake_word_subset/not_wake_word_07817.wav
0,1,0.7252,experiments/hey_mycroft/dataset/negatives/not_wake_word_subset/not_wake_word_07098.wav
0,1,0.7355,experiments/hey_mycroft/dataset/negatives/not_wake_word_subset/not_wake_word_08500.wav
0,1,0.6506,experiments/hey_mycroft/dataset/negatives/not_wake_word_subset/not_wake_word_01127.wav
0,1,0.6935,experiments/hey_mycroft/dataset/negatives/not_wake_word_subset/not_wake_word_04957.wav
0,1,0.5160,/home/miro/Workspace/MachineLearningProjects/ww-trainer/experiments/hey_mycroft/dataset/negatives/processed/001536.wav
0,1,0.5170,experiments/hey_mycroft/dataset/negatives/not_wake_word_subset/not_wake_word_00356.wav
0,1,0.7112,experiments/hey_mycroft/dataset/negatives/not_wake_word_subset/not_wake_word_03476.wav
0,1,0.7445,experiments/hey_mycroft/dataset/negatives/not_wake_word_subset/not_wake_word_04883.wav
0,1,0.7453,experiments/hey_mycroft/dataset/negatives/not_wake_word_subset/not_wake_word_06523.wav
0,1,0.6233,experiments/hey_mycroft/dataset/negatives/not_wake_word_subset/not_wake_word_01200.wav
0,1,0.5772,/home/miro/Workspace/MachineLearningProjects/ww-trainer/experiments/hey_mycroft/dataset/negatives/processed/001039.wav
0,1,0.6678,experiments/hey_mycroft/dataset/negatives/not_wake_word_subset/not_wake_word_01144.wav
0,1,0.7110,experiments/hey_mycroft/dataset/negatives/not_wake_word_subset/not_wake_word_08950.wav
0,1,0.6060,experiments/hey_mycroft/dataset/negatives/not_wake_word_subset/not_wake_word_01833.wav
0,1,0.7479,/home/miro/Workspace/MachineLearningProjects/ww-trainer/experiments/hey_mycroft/dataset/negatives/processed/001049.wav
0,1,0.6955,experiments/hey_mycroft/dataset/negatives/not_wake_word_subset/not_wake_word_09023.wav
0,1,0.6382,experiments/hey_mycroft/dataset/negatives/not_wake_word_subset/not_wake_word_01041.wav
0,1,0.6949,experiments/hey_mycroft/dataset/negatives/not_wake_word_subset/not_wake_word_01895.wav
0,1,0.6736,experiments/hey_mycroft/dataset/negatives/not_wake_word_subset/not_wake_word_00028.wav
0,1,0.6613,experiments/hey_mycroft/dataset/negatives/not_wake_word_subset/not_wake_word_02454.wav
0,1,0.6558,experiments/hey_mycroft/dataset/negatives/not_wake_word_subset/not_wake_word_04579.wav
0,1,0.6649,experiments/hey_mycroft/dataset/negatives/not_wake_word_subset/not_wake_word_00091.wav
0,1,0.6315,experiments/hey_mycroft/dataset/negatives/not_wake_word_subset/not_wake_word_04894.wav
0,1,0.6842,experiments/hey_mycroft/dataset/negatives/not_wake_word_subset/not_wake_word_08923.wav
0,1,0.6092,experiments/hey_mycroft/dataset/negatives/not_wake_word_subset/not_wake_word_05027.wav
0,1,0.7562,experiments/hey_mycroft/dataset/negatives/not_wake_word_subset/not_wake_word_01925.wav
0,1,0.6153,experiments/hey_mycroft/dataset/negatives/not_wake_word_subset/not_wake_word_03281.wav
0,1,0.7167,experiments/hey_mycroft/dataset/negatives/not_wake_word_subset/not_wake_word_07887.wav
0,1,0.6666,experiments/hey_mycroft/dataset/negatives/not_wake_word_subset/not_wake_word_02471.wav
0,1,0.6652,experiments/hey_mycroft/dataset/negatives/not_wake_word_subset/not_wake_word_05619.wav
0,1,0.6864,experiments/hey_mycroft/dataset/negatives/not_wake_word_subset/not_wake_word_03681.wav
0,1,0.6384,/home/miro/Workspace/MachineLearningProjects/ww-trainer/experiments/hey_mycroft/dataset/negatives/processed/001738.wav
0,1,0.6888,experiments/hey_mycroft/dataset/negatives/not_wake_word_subset/not_wake_word_04867.wav
0,1,0.5530,experiments/hey_mycroft/dataset/negatives/not_wake_word_subset/not_wake_word_02793.wav
0,1,0.7000,experiments/hey_mycroft/dataset/negatives/not_wake_word_subset/not_wake_word_01639.wav
0,1,0.6670,experiments/hey_mycroft/dataset/negatives/not_wake_word_subset/not_wake_word_02928.wav
0,1,0.5959,experiments/hey_mycroft/dataset/negatives/not_wake_word_subset/not_wake_word_08739.wav
0,1,0.7325,experiments/hey_mycroft/dataset/negatives/not_wake_word_subset/not_wake_word_05324.wav
0,1,0.7133,experiments/hey_mycroft/dataset/negatives/not_wake_word_subset/not_wake_word_02069.wav
0,1,0.6695,/home/miro/Workspace/MachineLearningProjects/ww-trainer/experiments/hey_mycroft/dataset/negatives/processed/000407.wav
0,1,0.6175,experiments/hey_mycroft/dataset/negatives/not_wake_word_subset/not_wake_word_01875.wav
0,1,0.6331,experiments/hey_mycroft/dataset/negatives/not_wake_word_subset/not_wake_word_03546.wav
0,1,0.5119,/home/miro/Workspace/MachineLearningProjects/ww-trainer/experiments/hey_mycroft/dataset/negatives/processed/001542.wav
0,1,0.6584,experiments/hey_mycroft/dataset/negatives/not_wake_word_subset/not_wake_word_01159.wav
0,1,0.6665,experiments/hey_mycroft/dataset/negatives/not_wake_word_subset/not_wake_word_08199.wav
0,1,0.6737,experiments/hey_mycroft/dataset/negatives/not_wake_word_subset/not_wake_word_04517.wav
0,1,0.6598,experiments/hey_mycroft/dataset/negatives/not_wake_word_subset/not_wake_word_03399.wav
0,1,0.7558,/home/miro/Workspace/MachineLearningProjects/ww-trainer/experiments/hey_mycroft/dataset/negatives/processed/000617.wav
0,1,0.7106,experiments/hey_mycroft/dataset/negatives/not_wake_word_subset/not_wake_word_06791.wav
0,1,0.6371,/home/miro/Workspace/MachineLearningProjects/ww-trainer/experiments/hey_mycroft/dataset/negatives/processed/000430.wav
0,1,0.7183,experiments/hey_mycroft/dataset/negatives/not_wake_word_subset/not_wake_word_07397.wav
0,1,0.6982,experiments/hey_mycroft/dataset/negatives/not_wake_word_subset/not_wake_word_02772.wav
0,1,0.5050,experiments/hey_mycroft/dataset/negatives/not_wake_word_subset/not_wake_word_00937.wav
0,1,0.6524,experiments/hey_mycroft/dataset/negatives/not_wake_word_subset/not_wake_word_06118.wav
0,1,0.6940,experiments/hey_mycroft/dataset/negatives/not_wake_word_subset/not_wake_word_02442.wav
0,1,0.5918,experiments/hey_mycroft/dataset/negatives/not_wake_word_subset/not_wake_word_03767.wav
0,1,0.5820,experiments/hey_mycroft/dataset/negatives/not_wake_word_subset/not_wake_word_00422.wav
0,1,0.5832,experiments/hey_mycroft/dataset/negatives/not_wake_word_subset/not_wake_word_02415.wav
0,1,0.7694,experiments/hey_mycroft/dataset/negatives/not_wake_word_subset/not_wake_word_01443.wav
0,1,0.5114,experiments/hey_mycroft/dataset/negatives/not_wake_word_subset/not_wake_word_04968.wav
0,1,0.6011,experiments/hey_mycroft/dataset/negatives/not_wake_word_subset/not_wake_word_08736.wav
0,1,0.6022,experiments/hey_mycroft/dataset/negatives/not_wake_word_subset/not_wake_word_04111.wav
0,1,0.7524,experiments/hey_mycroft/dataset/negatives/not_wake_word_subset/not_wake_word_03336.wav
0,1,0.6751,experiments/hey_mycroft/dataset/negatives/not_wake_word_subset/not_wake_word_08540.wav
0,1,0.6740,experiments/hey_mycroft/dataset/negatives/not_wake_word_subset/not_wake_word_05076.wav
0,1,0.6565,experiments/hey_mycroft/dataset/negatives/not_wake_word_subset/not_wake_word_02345.wav
0,1,0.6581,experiments/hey_mycroft/dataset/negatives/not_wake_word_subset/not_wake_word_01529.wav
0,1,0.6840,experiments/hey_mycroft/dataset/negatives/not_wake_word_subset/not_wake_word_03994.wav
0,1,0.5889,experiments/hey_mycroft/dataset/negatives/not_wake_word_subset/not_wake_word_01605.wav
0,1,0.7584,experiments/hey_mycroft/dataset/negatives/not_wake_word_subset/not_wake_word_03674.wav
0,1,0.6508,experiments/hey_mycroft/dataset/negatives/not_wake_word_subset/not_wake_word_03243.wav
0,1,0.6097,/home/miro/Workspace/MachineLearningProjects/ww-trainer/experiments/hey_mycroft/dataset/negatives/processed/000520.wav
0,1,0.6378,experiments/hey_mycroft/dataset/negatives/not_wake_word_subset/not_wake_word_03682.wav
0,1,0.6291,experiments/hey_mycroft/dataset/negatives/not_wake_word_subset/not_wake_word_04142.wav
0,1,0.6562,experiments/hey_mycroft/dataset/negatives/not_wake_word_subset/not_wake_word_06483.wav
0,1,0.6795,experiments/hey_mycroft/dataset/negatives/not_wake_word_subset/not_wake_word_02800.wav
0,1,0.6105,/home/miro/Workspace/MachineLearningProjects/ww-trainer/experiments/hey_mycroft/dataset/negatives/processed/000923.wav
0,1,0.7494,/home/miro/Workspace/MachineLearningProjects/ww-trainer/experiments/hey_mycroft/dataset/negatives/processed/001025.wav
0,1,0.7169,experiments/hey_mycroft/dataset/negatives/not_wake_word_subset/not_wake_word_03484.wav
0,1,0.7118,experiments/hey_mycroft/dataset/negatives/not_wake_word_subset/not_wake_word_07276.wav
0,1,0.6426,experiments/hey_mycroft/dataset/negatives/not_wake_word_subset/not_wake_word_06444.wav
0,1,0.7766,/home/miro/Workspace/MachineLearningProjects/ww-trainer/experiments/hey_mycroft/dataset/negatives/processed/001022.wav
0,1,0.7519,experiments/hey_mycroft/dataset/negatives/not_wake_word_subset/not_wake_word_03635.wav
0,1,0.6830,/home/miro/Workspace/MachineLearningProjects/ww-trainer/experiments/hey_mycroft/dataset/negatives/processed/000842.wav
0,1,0.6204,experiments/hey_mycroft/dataset/negatives/not_wake_word_subset/not_wake_word_04996.wav
0,1,0.6626,experiments/hey_mycroft/dataset/negatives/not_wake_word_subset/not_wake_word_07040.wav
0,1,0.6980,experiments/hey_mycroft/dataset/negatives/not_wake_word_subset/not_wake_word_05449.wav
0,1,0.6168,experiments/hey_mycroft/dataset/negatives/not_wake_word_subset/not_wake_word_02237.wav
0,1,0.6561,experiments/hey_mycroft/dataset/negatives/not_wake_word_subset/not_wake_word_06119.wav
0,1,0.6749,experiments/hey_mycroft/dataset/negatives/not_wake_word_subset/not_wake_word_08002.wav
0,1,0.7339,experiments/hey_mycroft/dataset/negatives/not_wake_word_subset/not_wake_word_07959.wav
0,1,0.7061,experiments/hey_mycroft/dataset/negatives/not_wake_word_subset/not_wake_word_04134.wav
0,1,0.6748,experiments/hey_mycroft/dataset/negatives/not_wake_word_subset/not_wake_word_09033.wav
0,1,0.6193,experiments/hey_mycroft/dataset/negatives/not_wake_word_subset/not_wake_word_03998.wav
0,1,0.6341,experiments/hey_mycroft/dataset/negatives/not_wake_word_subset/not_wake_word_01308.wav
0,1,0.6556,experiments/hey_mycroft/dataset/negatives/not_wake_word_subset/not_wake_word_03010.wav
0,1,0.5165,/home/miro/Workspace/MachineLearningProjects/ww-trainer/experiments/hey_mycroft/dataset/negatives/processed/001413.wav
0,1,0.6892,experiments/hey_mycroft/dataset/negatives/not_wake_word_subset/not_wake_word_05706.wav
0,1,0.6106,experiments/hey_mycroft/dataset/negatives/not_wake_word_subset/not_wake_word_02049.wav
0,1,0.7054,experiments/hey_mycroft/dataset/negatives/not_wake_word_subset/not_wake_word_02980.wav
0,1,0.7100,experiments/hey_mycroft/dataset/negatives/not_wake_word_subset/not_wake_word_07492.wav
0,1,0.6825,experiments/hey_mycroft/dataset/negatives/not_wake_word_subset/not_wake_word_00814.wav
0,1,0.7052,experiments/hey_mycroft/dataset/negatives/not_wake_word_subset/not_wake_word_00807.wav
0,1,0.7096,experiments/hey_mycroft/dataset/negatives/not_wake_word_subset/not_wake_word_06261.wav
0,1,0.7022,experiments/hey_mycroft/dataset/negatives/not_wake_word_subset/not_wake_word_06931.wav
0,1,0.6899,experiments/hey_mycroft/dataset/negatives/not_wake_word_subset/not_wake_word_00561.wav
0,1,0.6767,experiments/hey_mycroft/dataset/negatives/not_wake_word_subset/not_wake_word_06804.wav
0,1,0.6658,experiments/hey_mycroft/dataset/negatives/not_wake_word_subset/not_wake_word_05205.wav
0,1,0.6737,experiments/hey_mycroft/dataset/negatives/not_wake_word_subset/not_wake_word_06456.wav
0,1,0.6727,experiments/hey_mycroft/dataset/negatives/not_wake_word_subset/not_wake_word_08086.wav
0,1,0.6491,experiments/hey_mycroft/dataset/negatives/not_wake_word_subset/not_wake_word_04582.wav
0,1,0.5913,/home/miro/Workspace/MachineLearningProjects/ww-trainer/experiments/hey_mycroft/dataset/negatives/processed/000830.wav
0,1,0.6775,/home/miro/Workspace/MachineLearningProjects/ww-trainer/experiments/hey_mycroft/dataset/negatives/processed/000184.wav
0,1,0.6786,experiments/hey_mycroft/dataset/negatives/not_wake_word_subset/not_wake_word_01301.wav
0,1,0.8308,/home/miro/Workspace/MachineLearningProjects/ww-trainer/experiments/hey_mycroft/dataset/negatives/processed/001620.wav
0,1,0.6732,experiments/hey_mycroft/dataset/negatives/not_wake_word_subset/not_wake_word_00660.wav
0,1,0.5503,/home/miro/Workspace/MachineLearningProjects/ww-trainer/experiments/hey_mycroft/dataset/negatives/processed/001366.wav
0,1,0.6124,experiments/hey_mycroft/dataset/negatives/not_wake_word_subset/not_wake_word_05097.wav
0,1,0.6496,/home/miro/Workspace/MachineLearningProjects/ww-trainer/experiments/hey_mycroft/dataset/negatives/processed/000646.wav
0,1,0.6840,experiments/hey_mycroft/dataset/negatives/not_wake_word_subset/not_wake_word_01881.wav
0,1,0.6040,experiments/hey_mycroft/dataset/negatives/not_wake_word_subset/not_wake_word_05426.wav
0,1,0.6775,experiments/hey_mycroft/dataset/negatives/not_wake_word_subset/not_wake_word_01295.wav
0,1,0.7237,experiments/hey_mycroft/dataset/negatives/not_wake_word_subset/not_wake_word_03778.wav
0,1,0.7144,experiments/hey_mycroft/dataset/negatives/not_wake_word_subset/not_wake_word_04558.wav
0,1,0.7172,experiments/hey_mycroft/dataset/negatives/not_wake_word_subset/not_wake_word_07562.wav
0,1,0.6714,experiments/hey_mycroft/dataset/negatives/not_wake_word_subset/not_wake_word_00358.wav
0,1,0.7063,experiments/hey_mycroft/dataset/negatives/not_wake_word_subset/not_wake_word_08836.wav
0,1,0.6327,experiments/hey_mycroft/dataset/negatives/not_wake_word_subset/not_wake_word_03842.wav
0,1,0.7115,experiments/hey_mycroft/dataset/negatives/not_wake_word_subset/not_wake_word_07742.wav
0,1,0.7209,experiments/hey_mycroft/dataset/negatives/not_wake_word_subset/not_wake_word_00752.wav
0,1,0.6465,experiments/hey_mycroft/dataset/negatives/not_wake_word_subset/not_wake_word_05340.wav
0,1,0.6400,experiments/hey_mycroft/dataset/negatives/not_wake_word_subset/not_wake_word_08309.wav
0,1,0.7328,experiments/hey_mycroft/dataset/negatives/not_wake_word_subset/not_wake_word_07617.wav
0,1,0.6900,experiments/hey_mycroft/dataset/negatives/not_wake_word_subset/not_wake_word_03451.wav
0,1,0.6780,experiments/hey_mycroft/dataset/negatives/not_wake_word_subset/not_wake_word_09017.wav
0,1,0.6617,experiments/hey_mycroft/dataset/negatives/not_wake_word_subset/not_wake_word_06417.wav
0,1,0.7091,experiments/hey_mycroft/dataset/negatives/not_wake_word_subset/not_wake_word_00216.wav
0,1,0.7304,experiments/hey_mycroft/dataset/negatives/not_wake_word_subset/not_wake_word_01645.wav
0,1,0.6887,experiments/hey_mycroft/dataset/negatives/not_wake_word_subset/not_wake_word_06691.wav
0,1,0.7120,experiments/hey_mycroft/dataset/negatives/not_wake_word_subset/not_wake_word_00064.wav
0,1,0.6596,experiments/hey_mycroft/dataset/negatives/not_wake_word_subset/not_wake_word_01589.wav
0,1,0.5340,/home/miro/Workspace/MachineLearningProjects/ww-trainer/experiments/hey_mycroft/dataset/negatives/processed/000020.wav
0,1,0.6191,experiments/hey_mycroft/dataset/negatives/not_wake_word_subset/not_wake_word_05283.wav
0,1,0.6680,experiments/hey_mycroft/dataset/negatives/not_wake_word_subset/not_wake_word_07382.wav
0,1,0.6489,experiments/hey_mycroft/dataset/negatives/not_wake_word_subset/not_wake_word_03900.wav
0,1,0.6548,/home/miro/Workspace/MachineLearningProjects/ww-trainer/experiments/hey_mycroft/dataset/negatives/processed/001249.wav
0,1,0.7304,experiments/hey_mycroft/dataset/negatives/not_wake_word_subset/not_wake_word_02321.wav
0,1,0.6614,experiments/hey_mycroft/dataset/negatives/not_wake_word_subset/not_wake_word_02580.wav
0,1,0.6775,experiments/hey_mycroft/dataset/negatives/not_wake_word_subset/not_wake_word_06222.wav
0,1,0.6820,experiments/hey_mycroft/dataset/negatives/not_wake_word_subset/not_wake_word_06779.wav
0,1,0.6287,/home/miro/Workspace/MachineLearningProjects/ww-trainer/experiments/hey_mycroft/dataset/negatives/processed/001649.wav
0,1,0.7042,experiments/hey_mycroft/dataset/negatives/not_wake_word_subset/not_wake_word_00212.wav
0,1,0.7132,experiments/hey_mycroft/dataset/negatives/not_wake_word_subset/not_wake_word_01675.wav
0,1,0.6559,experiments/hey_mycroft/dataset/negatives/not_wake_word_subset/not_wake_word_06597.wav
0,1,0.6473,experiments/hey_mycroft/dataset/negatives/not_wake_word_subset/not_wake_word_06549.wav
0,1,0.6602,experiments/hey_mycroft/dataset/negatives/not_wake_word_subset/not_wake_word_05115.wav
0,1,0.6886,experiments/hey_mycroft/dataset/negatives/not_wake_word_subset/not_wake_word_05465.wav
0,1,0.5751,/home/miro/Workspace/MachineLearningProjects/ww-trainer/experiments/hey_mycroft/dataset/negatives/processed/001728.wav
0,1,0.6240,experiments/hey_mycroft/dataset/negatives/not_wake_word_subset/not_wake_word_02404.wav
0,1,0.7329,/home/miro/Workspace/MachineLearningProjects/ww-trainer/experiments/hey_mycroft/dataset/negatives/processed/001325.wav
0,1,0.6615,experiments/hey_mycroft/dataset/negatives/not_wake_word_subset/not_wake_word_03930.wav
0,1,0.6327,experiments/hey_mycroft/dataset/negatives/not_wake_word_subset/not_wake_word_03131.wav
0,1,0.5143,/home/miro/Workspace/MachineLearningProjects/ww-trainer/experiments/hey_mycroft/dataset/negatives/processed/000677.wav
0,1,0.7638,experiments/hey_mycroft/dataset/negatives/not_wake_word_subset/not_wake_word_02814.wav
0,1,0.6007,experiments/hey_mycroft/dataset/negatives/not_wake_word_subset/not_wake_word_03847.wav
0,1,0.7070,experiments/hey_mycroft/dataset/negatives/not_wake_word_subset/not_wake_word_05087.wav
0,1,0.7182,experiments/hey_mycroft/dataset/negatives/not_wake_word_subset/not_wake_word_06498.wav
0,1,0.6993,experiments/hey_mycroft/dataset/negatives/not_wake_word_subset/not_wake_word_05144.wav
0,1,0.7124,experiments/hey_mycroft/dataset/negatives/not_wake_word_subset/not_wake_word_02804.wav
0,1,0.6955,/home/miro/Workspace/MachineLearningProjects/ww-trainer/experiments/hey_mycroft/dataset/negatives/processed/000627.wav
0,1,0.6635,experiments/hey_mycroft/dataset/negatives/not_wake_word_subset/not_wake_word_02253.wav
0,1,0.5249,/home/miro/Workspace/MachineLearningProjects/ww-trainer/experiments/hey_mycroft/dataset/negatives/processed/000934.wav
0,1,0.7096,experiments/hey_mycroft/dataset/negatives/not_wake_word_subset/not_wake_word_07112.wav
0,1,0.6574,experiments/hey_mycroft/dataset/negatives/not_wake_word_subset/not_wake_word_00402.wav
0,1,0.6259,experiments/hey_mycroft/dataset/negatives/not_wake_word_subset/not_wake_word_02172.wav
0,1,0.7386,experiments/hey_mycroft/dataset/negatives/not_wake_word_subset/not_wake_word_01743.wav
0,1,0.5373,experiments/hey_mycroft/dataset/negatives/not_wake_word_subset/not_wake_word_07744.wav
0,1,0.7456,experiments/hey_mycroft/dataset/negatives/not_wake_word_subset/not_wake_word_03007.wav
0,1,0.6127,experiments/hey_mycroft/dataset/negatives/not_wake_word_subset/not_wake_word_00647.wav
0,1,0.7186,/home/miro/Workspace/MachineLearningProjects/ww-trainer/experiments/hey_mycroft/dataset/negatives/processed/001964.wav
0,1,0.6972,/home/miro/Workspace/MachineLearningProjects/ww-trainer/experiments/hey_mycroft/dataset/negatives/processed/000174.wav
0,1,0.7060,experiments/hey_mycroft/dataset/negatives/not_wake_word_subset/not_wake_word_01816.wav
0,1,0.6429,experiments/hey_mycroft/dataset/negatives/not_wake_word_subset/not_wake_word_01994.wav
0,1,0.6303,experiments/hey_mycroft/dataset/negatives/not_wake_word_subset/not_wake_word_00885.wav
0,1,0.6128,experiments/hey_mycroft/dataset/negatives/not_wake_word_subset/not_wake_word_08561.wav
0,1,0.6692,experiments/hey_mycroft/dataset/negatives/not_wake_word_subset/not_wake_word_03233.wav
0,1,0.7272,experiments/hey_mycroft/dataset/negatives/not_wake_word_subset/not_wake_word_00159.wav
0,1,0.6025,/home/miro/Workspace/MachineLearningProjects/ww-trainer/experiments/hey_mycroft/dataset/negatives/processed/000058.wav
0,1,0.6981,experiments/hey_mycroft/dataset/negatives/not_wake_word_subset/not_wake_word_06593.wav
0,1,0.6933,experiments/hey_mycroft/dataset/negatives/not_wake_word_subset/not_wake_word_04093.wav
0,1,0.7274,experiments/hey_mycroft/dataset/negatives/not_wake_word_subset/not_wake_word_00429.wav
0,1,0.7369,experiments/hey_mycroft/dataset/negatives/not_wake_word_subset/not_wake_word_04305.wav
0,1,0.6943,experiments/hey_mycroft/dataset/negatives/not_wake_word_subset/not_wake_word_00347.wav
0,1,0.6704,experiments/hey_mycroft/dataset/negatives/not_wake_word_subset/not_wake_word_01080.wav
0,1,0.6512,experiments/hey_mycroft/dataset/negatives/not_wake_word_subset/not_wake_word_03948.wav
0,1,0.7380,/home/miro/Workspace/MachineLearningProjects/ww-trainer/experiments/hey_mycroft/dataset/negatives/processed/000611.wav
0,1,0.6523,experiments/hey_mycroft/dataset/negatives/not_wake_word_subset/not_wake_word_06499.wav
0,1,0.7300,experiments/hey_mycroft/dataset/negatives/not_wake_word_subset/not_wake_word_03238.wav
0,1,0.6353,experiments/hey_mycroft/dataset/negatives/not_wake_word_subset/not_wake_word_05807.wav
0,1,0.6494,/home/miro/Workspace/MachineLearningProjects/ww-trainer/experiments/hey_mycroft/dataset/negatives/processed/001023.wav
0,1,0.7235,experiments/hey_mycroft/dataset/negatives/not_wake_word_subset/not_wake_word_07154.wav
0,1,0.7806,experiments/hey_mycroft/dataset/negatives/not_wake_word_subset/not_wake_word_06991.wav
0,1,0.7518,experiments/hey_mycroft/dataset/negatives/not_wake_word_subset/not_wake_word_03086.wav
0,1,0.6543,experiments/hey_mycroft/dataset/negatives/not_wake_word_subset/not_wake_word_02424.wav
0,1,0.6636,experiments/hey_mycroft/dataset/negatives/not_wake_word_subset/not_wake_word_02648.wav
0,1,0.7152,experiments/hey_mycroft/dataset/negatives/not_wake_word_subset/not_wake_word_05288.wav
0,1,0.6962,experiments/hey_mycroft/dataset/negatives/not_wake_word_subset/not_wake_word_01825.wav
0,1,0.6642,/home/miro/Workspace/MachineLearningProjects/ww-trainer/experiments/hey_mycroft/dataset/negatives/processed/000780.wav
0,1,0.6406,experiments/hey_mycroft/dataset/negatives/not_wake_word_subset/not_wake_word_02982.wav
0,1,0.5752,experiments/hey_mycroft/dataset/negatives/not_wake_word_subset/not_wake_word_05039.wav
0,1,0.6183,experiments/hey_mycroft/dataset/negatives/not_wake_word_subset/not_wake_word_02684.wav
0,1,0.7171,experiments/hey_mycroft/dataset/negatives/not_wake_word_subset/not_wake_word_05306.wav
0,1,0.5723,/home/miro/Workspace/MachineLearningProjects/ww-trainer/experiments/hey_mycroft/dataset/negatives/processed/000064.wav
0,1,0.6215,experiments/hey_mycroft/dataset/negatives/not_wake_word_subset/not_wake_word_08830.wav
0,1,0.6738,/home/miro/Workspace/MachineLearningProjects/ww-trainer/experiments/hey_mycroft/dataset/negatives/processed/000567.wav
0,1,0.6744,/home/miro/Workspace/MachineLearningProjects/ww-trainer/experiments/hey_mycroft/dataset/negatives/processed/000469.wav
0,1,0.6059,experiments/hey_mycroft/dataset/negatives/not_wake_word_subset/not_wake_word_06745.wav
0,1,0.6509,experiments/hey_mycroft/dataset/negatives/not_wake_word_subset/not_wake_word_05297.wav
0,1,0.6563,experiments/hey_mycroft/dataset/negatives/not_wake_word_subset/not_wake_word_05303.wav
0,1,0.5732,experiments/hey_mycroft/dataset/negatives/not_wake_word_subset/not_wake_word_06088.wav
0,1,0.6699,experiments/hey_mycroft/dataset/negatives/not_wake_word_subset/not_wake_word_00779.wav
0,1,0.7515,experiments/hey_mycroft/dataset/negatives/not_wake_word_subset/not_wake_word_08354.wav
0,1,0.6576,experiments/hey_mycroft/dataset/negatives/not_wake_word_subset/not_wake_word_00846.wav
0,1,0.6778,experiments/hey_mycroft/dataset/negatives/not_wake_word_subset/not_wake_word_03125.wav
0,1,0.7216,experiments/hey_mycroft/dataset/negatives/not_wake_word_subset/not_wake_word_07922.wav
0,1,0.6076,experiments/hey_mycroft/dataset/negatives/not_wake_word_subset/not_wake_word_00812.wav
0,1,0.7210,experiments/hey_mycroft/dataset/negatives/not_wake_word_subset/not_wake_word_02784.wav
0,1,0.5617,experiments/hey_mycroft/dataset/negatives/not_wake_word_subset/not_wake_word_00238.wav
0,1,0.6594,experiments/hey_mycroft/dataset/negatives/not_wake_word_subset/not_wake_word_05749.wav
0,1,0.5610,/home/miro/Workspace/MachineLearningProjects/ww-trainer/experiments/hey_mycroft/dataset/negatives/processed/000704.wav
0,1,0.6912,experiments/hey_mycroft/dataset/negatives/not_wake_word_subset/not_wake_word_05423.wav
0,1,0.5184,/home/miro/Workspace/MachineLearningProjects/ww-trainer/experiments/hey_mycroft/dataset/negatives/processed/000980.wav
0,1,0.6678,experiments/hey_mycroft/dataset/negatives/not_wake_word_subset/not_wake_word_00337.wav
0,1,0.7100,experiments/hey_mycroft/dataset/negatives/not_wake_word_subset/not_wake_word_08511.wav
0,1,0.5382,/home/miro/Workspace/MachineLearningProjects/ww-trainer/experiments/hey_mycroft/dataset/negatives/processed/000150.wav
0,1,0.6682,experiments/hey_mycroft/dataset/negatives/not_wake_word_subset/not_wake_word_05575.wav
0,1,0.7477,experiments/hey_mycroft/dataset/negatives/not_wake_word_subset/not_wake_word_04387.wav
0,1,0.6781,/home/miro/Workspace/MachineLearningProjects/ww-trainer/experiments/hey_mycroft/dataset/negatives/processed/001747.wav
0,1,0.6526,/home/miro/Workspace/MachineLearningProjects/ww-trainer/experiments/hey_mycroft/dataset/negatives/processed/000026.wav
0,1,0.7078,experiments/hey_mycroft/dataset/negatives/not_wake_word_subset/not_wake_word_00345.wav
0,1,0.6411,experiments/hey_mycroft/dataset/negatives/not_wake_word_subset/not_wake_word_06756.wav
0,1,0.6518,experiments/hey_mycroft/dataset/negatives/not_wake_word_subset/not_wake_word_03319.wav
0,1,0.7482,experiments/hey_mycroft/dataset/negatives/not_wake_word_subset/not_wake_word_06746.wav
0,1,0.6741,experiments/hey_mycroft/dataset/negatives/not_wake_word_subset/not_wake_word_06116.wav
0,1,0.6543,experiments/hey_mycroft/dataset/negatives/not_wake_word_subset/not_wake_word_05560.wav
0,1,0.8195,/home/miro/Workspace/MachineLearningProjects/ww-trainer/experiments/hey_mycroft/dataset/negatives/processed/001449.wav
0,1,0.6750,experiments/hey_mycroft/dataset/negatives/not_wake_word_subset/not_wake_word_04637.wav
0,1,0.6953,experiments/hey_mycroft/dataset/negatives/not_wake_word_subset/not_wake_word_03493.wav
0,1,0.6429,experiments/hey_mycroft/dataset/negatives/not_wake_word_subset/not_wake_word_07921.wav
0,1,0.6528,experiments/hey_mycroft/dataset/negatives/not_wake_word_subset/not_wake_word_04534.wav
0,1,0.5950,experiments/hey_mycroft/dataset/negatives/not_wake_word_subset/not_wake_word_06403.wav
0,1,0.6985,experiments/hey_mycroft/dataset/negatives/not_wake_word_subset/not_wake_word_08167.wav
0,1,0.6312,/home/miro/Workspace/MachineLearningProjects/ww-trainer/experiments/hey_mycroft/dataset/negatives/processed/000430.wav
0,1,0.6493,/home/miro/Workspace/MachineLearningProjects/ww-trainer/experiments/hey_mycroft/dataset/negatives/processed/000226.wav
0,1,0.6235,experiments/hey_mycroft/dataset/negatives/not_wake_word_subset/not_wake_word_07620.wav
0,1,0.6399,experiments/hey_mycroft/dataset/negatives/not_wake_word_subset/not_wake_word_07252.wav
0,1,0.7411,experiments/hey_mycroft/dataset/negatives/not_wake_word_subset/not_wake_word_06913.wav
0,1,0.6450,experiments/hey_mycroft/dataset/negatives/not_wake_word_subset/not_wake_word_06566.wav
0,1,0.5562,/home/miro/Workspace/MachineLearningProjects/ww-trainer/experiments/hey_mycroft/dataset/negatives/processed/000802.wav
0,1,0.6637,experiments/hey_mycroft/dataset/negatives/not_wake_word_subset/not_wake_word_03886.wav
0,1,0.7494,experiments/hey_mycroft/dataset/negatives/not_wake_word_subset/not_wake_word_00539.wav
0,1,0.6611,experiments/hey_mycroft/dataset/negatives/not_wake_word_subset/not_wake_word_05051.wav
0,1,0.6550,experiments/hey_mycroft/dataset/negatives/not_wake_word_subset/not_wake_word_07269.wav
0,1,0.6896,experiments/hey_mycroft/dataset/negatives/not_wake_word_subset/not_wake_word_04893.wav
0,1,0.6881,experiments/hey_mycroft/dataset/negatives/not_wake_word_subset/not_wake_word_02089.wav
0,1,0.7202,experiments/hey_mycroft/dataset/negatives/not_wake_word_subset/not_wake_word_07737.wav
0,1,0.6742,experiments/hey_mycroft/dataset/negatives/not_wake_word_subset/not_wake_word_03404.wav
0,1,0.7100,experiments/hey_mycroft/dataset/negatives/not_wake_word_subset/not_wake_word_00722.wav
0,1,0.6205,experiments/hey_mycroft/dataset/negatives/not_wake_word_subset/not_wake_word_00489.wav
0,1,0.7345,experiments/hey_mycroft/dataset/negatives/not_wake_word_subset/not_wake_word_09011.wav
0,1,0.7001,experiments/hey_mycroft/dataset/negatives/not_wake_word_subset/not_wake_word_07865.wav
0,1,0.6871,experiments/hey_mycroft/dataset/negatives/not_wake_word_subset/not_wake_word_07401.wav
0,1,0.6892,experiments/hey_mycroft/dataset/negatives/not_wake_word_subset/not_wake_word_00340.wav
0,1,0.6544,experiments/hey_mycroft/dataset/negatives/not_wake_word_subset/not_wake_word_05184.wav
0,1,0.7105,/home/miro/Workspace/MachineLearningProjects/ww-trainer/experiments/hey_mycroft/dataset/negatives/processed/000945.wav
0,1,0.7068,experiments/hey_mycroft/dataset/negatives/not_wake_word_subset/not_wake_word_03913.wav
0,1,0.6071,experiments/hey_mycroft/dataset/negatives/not_wake_word_subset/not_wake_word_05108.wav
0,1,0.6237,experiments/hey_mycroft/dataset/negatives/not_wake_word_subset/not_wake_word_07712.wav
0,1,0.7336,experiments/hey_mycroft/dataset/negatives/not_wake_word_subset/not_wake_word_03996.wav
0,1,0.7019,experiments/hey_mycroft/dataset/negatives/not_wake_word_subset/not_wake_word_05393.wav
0,1,0.7424,experiments/hey_mycroft/dataset/negatives/not_wake_word_subset/not_wake_word_06485.wav
0,1,0.7460,experiments/hey_mycroft/dataset/negatives/not_wake_word_subset/not_wake_word_02965.wav
0,1,0.6690,experiments/hey_mycroft/dataset/negatives/not_wake_word_subset/not_wake_word_05345.wav
0,1,0.6837,experiments/hey_mycroft/dataset/negatives/not_wake_word_subset/not_wake_word_00150.wav
0,1,0.6686,experiments/hey_mycroft/dataset/negatives/not_wake_word_subset/not_wake_word_03703.wav
0,1,0.6600,/home/miro/Workspace/MachineLearningProjects/ww-trainer/experiments/hey_mycroft/dataset/negatives/processed/000992.wav
0,1,0.6058,experiments/hey_mycroft/dataset/negatives/not_wake_word_subset/not_wake_word_00775.wav
0,1,0.7155,experiments/hey_mycroft/dataset/negatives/not_wake_word_subset/not_wake_word_05656.wav
0,1,0.6761,experiments/hey_mycroft/dataset/negatives/not_wake_word_subset/not_wake_word_07261.wav
0,1,0.6787,experiments/hey_mycroft/dataset/negatives/not_wake_word_subset/not_wake_word_03091.wav
0,1,0.5795,experiments/hey_mycroft/dataset/negatives/not_wake_word_subset/not_wake_word_00107.wav
0,1,0.6164,experiments/hey_mycroft/dataset/negatives/not_wake_word_subset/not_wake_word_07957.wav
0,1,0.7424,experiments/hey_mycroft/dataset/negatives/not_wake_word_subset/not_wake_word_05064.wav
0,1,0.6564,experiments/hey_mycroft/dataset/negatives/not_wake_word_subset/not_wake_word_03257.wav
0,1,0.7080,/home/miro/Workspace/MachineLearningProjects/ww-trainer/experiments/hey_mycroft/dataset/negatives/processed/000777.wav
0,1,0.6539,experiments/hey_mycroft/dataset/negatives/not_wake_word_subset/not_wake_word_03211.wav
0,1,0.6882,experiments/hey_mycroft/dataset/negatives/not_wake_word_subset/not_wake_word_05621.wav
0,1,0.6964,/home/miro/Workspace/MachineLearningProjects/ww-trainer/experiments/hey_mycroft/dataset/negatives/processed/000911.wav
0,1,0.6547,/home/miro/Workspace/MachineLearningProjects/ww-trainer/experiments/hey_mycroft/dataset/negatives/processed/000673.wav
0,1,0.6335,/home/miro/Workspace/MachineLearningProjects/ww-trainer/experiments/hey_mycroft/dataset/negatives/processed/001323.wav
0,1,0.5938,/home/miro/Workspace/MachineLearningProjects/ww-trainer/experiments/hey_mycroft/dataset/negatives/processed/000718.wav
0,1,0.6949,experiments/hey_mycroft/dataset/negatives/not_wake_word_subset/not_wake_word_02486.wav
0,1,0.6507,/home/miro/Workspace/MachineLearningProjects/ww-trainer/experiments/hey_mycroft/dataset/negatives/processed/001652.wav
0,1,0.7518,experiments/hey_mycroft/dataset/negatives/not_wake_word_subset/not_wake_word_04782.wav
0,1,0.6699,/home/miro/Workspace/MachineLearningProjects/ww-trainer/experiments/hey_mycroft/dataset/negatives/processed/000128.wav
0,1,0.5742,experiments/hey_mycroft/dataset/negatives/not_wake_word_subset/not_wake_word_06276.wav
0,1,0.6648,experiments/hey_mycroft/dataset/negatives/not_wake_word_subset/not_wake_word_06571.wav
0,1,0.7195,experiments/hey_mycroft/dataset/negatives/not_wake_word_subset/not_wake_word_08323.wav
0,1,0.6767,experiments/hey_mycroft/dataset/negatives/not_wake_word_subset/not_wake_word_05416.wav
0,1,0.6385,experiments/hey_mycroft/dataset/negatives/not_wake_word_subset/not_wake_word_05650.wav
0,1,0.7717,/home/miro/Workspace/MachineLearningProjects/ww-trainer/experiments/hey_mycroft/dataset/negatives/processed/001399.wav
0,1,0.6138,experiments/hey_mycroft/dataset/negatives/not_wake_word_subset/not_wake_word_02884.wav
0,1,0.6283,experiments/hey_mycroft/dataset/negatives/not_wake_word_subset/not_wake_word_05094.wav
0,1,0.6835,experiments/hey_mycroft/dataset/negatives/not_wake_word_subset/not_wake_word_03633.wav
0,1,0.7433,experiments/hey_mycroft/dataset/negatives/not_wake_word_subset/not_wake_word_06868.wav
0,1,0.6733,/home/miro/Workspace/MachineLearningProjects/ww-trainer/experiments/hey_mycroft/dataset/negatives/processed/000416.wav
0,1,0.7042,experiments/hey_mycroft/dataset/negatives/not_wake_word_subset/not_wake_word_00956.wav
0,1,0.5943,experiments/hey_mycroft/dataset/negatives/not_wake_word_subset/not_wake_word_02283.wav
0,1,0.6598,experiments/hey_mycroft/dataset/negatives/not_wake_word_subset/not_wake_word_07178.wav
0,1,0.6717,experiments/hey_mycroft/dataset/negatives/not_wake_word_subset/not_wake_word_03144.wav
0,1,0.6529,experiments/hey_mycroft/dataset/negatives/not_wake_word_subset/not_wake_word_01770.wav
0,1,0.7349,experiments/hey_mycroft/dataset/negatives/not_wake_word_subset/not_wake_word_06447.wav
0,1,0.6304,experiments/hey_mycroft/dataset/negatives/not_wake_word_subset/not_wake_word_01477.wav
0,1,0.7109,experiments/hey_mycroft/dataset/negatives/not_wake_word_subset/not_wake_word_03345.wav
0,1,0.6634,experiments/hey_mycroft/dataset/negatives/not_wake_word_subset/not_wake_word_08740.wav
0,1,0.5338,experiments/hey_mycroft/dataset/negatives/not_wake_word_subset/not_wake_word_04742.wav
0,1,0.6915,experiments/hey_mycroft/dataset/negatives/not_wake_word_subset/not_wake_word_07954.wav
0,1,0.6145,experiments/hey_mycroft/dataset/negatives/not_wake_word_subset/not_wake_word_04416.wav
0,1,0.6950,experiments/hey_mycroft/dataset/negatives/not_wake_word_subset/not_wake_word_04052.wav
0,1,0.6989,/home/miro/Workspace/MachineLearningProjects/ww-trainer/experiments/hey_mycroft/dataset/negatives/processed/001945.wav
0,1,0.6638,experiments/hey_mycroft/dataset/negatives/not_wake_word_subset/not_wake_word_02974.wav
0,1,0.7110,experiments/hey_mycroft/dataset/negatives/not_wake_word_subset/not_wake_word_02523.wav
0,1,0.6004,experiments/hey_mycroft/dataset/negatives/not_wake_word_subset/not_wake_word_01859.wav
0,1,0.5392,/home/miro/Workspace/MachineLearningProjects/ww-trainer/experiments/hey_mycroft/dataset/negatives/processed/000377.wav
0,1,0.7066,experiments/hey_mycroft/dataset/negatives/not_wake_word_subset/not_wake_word_04872.wav
0,1,0.7489,experiments/hey_mycroft/dataset/negatives/not_wake_word_subset/not_wake_word_00654.wav
0,1,0.5898,/home/miro/Workspace/MachineLearningProjects/ww-trainer/experiments/hey_mycroft/dataset/negatives/processed/000723.wav
0,1,0.7042,experiments/hey_mycroft/dataset/negatives/not_wake_word_subset/not_wake_word_06486.wav
0,1,0.6744,experiments/hey_mycroft/dataset/negatives/not_wake_word_subset/not_wake_word_07343.wav
0,1,0.7483,experiments/hey_mycroft/dataset/negatives/not_wake_word_subset/not_wake_word_02147.wav
0,1,0.7125,experiments/hey_mycroft/dataset/negatives/not_wake_word_subset/not_wake_word_05586.wav
0,1,0.5787,experiments/hey_mycroft/dataset/negatives/not_wake_word_subset/not_wake_word_01161.wav
0,1,0.5928,experiments/hey_mycroft/dataset/negatives/not_wake_word_subset/not_wake_word_02547.wav
0,1,0.7401,experiments/hey_mycroft/dataset/negatives/not_wake_word_subset/not_wake_word_04559.wav
0,1,0.6733,/home/miro/Workspace/MachineLearningProjects/ww-trainer/experiments/hey_mycroft/dataset/negatives/processed/000416.wav
0,1,0.6640,experiments/hey_mycroft/dataset/negatives/not_wake_word_subset/not_wake_word_07157.wav
0,1,0.8034,/home/miro/Workspace/MachineLearningProjects/ww-trainer/experiments/hey_mycroft/dataset/negatives/processed/001974.wav
0,1,0.6602,experiments/hey_mycroft/dataset/negatives/not_wake_word_subset/not_wake_word_06819.wav
0,1,0.7212,experiments/hey_mycroft/dataset/negatives/not_wake_word_subset/not_wake_word_03134.wav
0,1,0.7192,experiments/hey_mycroft/dataset/negatives/not_wake_word_subset/not_wake_word_06607.wav
0,1,0.6645,experiments/hey_mycroft/dataset/negatives/not_wake_word_subset/not_wake_word_06565.wav
0,1,0.6155,/home/miro/Workspace/MachineLearningProjects/ww-trainer/experiments/hey_mycroft/dataset/negatives/processed/000736.wav
0,1,0.6379,experiments/hey_mycroft/dataset/negatives/not_wake_word_subset/not_wake_word_09000.wav
0,1,0.6820,experiments/hey_mycroft/dataset/negatives/not_wake_word_subset/not_wake_word_01944.wav
0,1,0.7313,experiments/hey_mycroft/dataset/negatives/not_wake_word_subset/not_wake_word_04774.wav
0,1,0.5801,/home/miro/Workspace/MachineLearningProjects/ww-trainer/experiments/hey_mycroft/dataset/negatives/processed/000454.wav
0,1,0.6524,experiments/hey_mycroft/dataset/negatives/not_wake_word_subset/not_wake_word_06100.wav
0,1,0.6537,/home/miro/Workspace/MachineLearningProjects/ww-trainer/experiments/hey_mycroft/dataset/negatives/processed/000546.wav
0,1,0.6811,experiments/hey_mycroft/dataset/negatives/not_wake_word_subset/not_wake_word_01291.wav
0,1,0.7778,experiments/hey_mycroft/dataset/negatives/not_wake_word_subset/not_wake_word_00792.wav
0,1,0.7415,experiments/hey_mycroft/dataset/negatives/not_wake_word_subset/not_wake_word_06000.wav
0,1,0.6864,experiments/hey_mycroft/dataset/negatives/not_wake_word_subset/not_wake_word_03032.wav
0,1,0.7767,/home/miro/Workspace/MachineLearningProjects/ww-trainer/experiments/hey_mycroft/dataset/negatives/processed/000102.wav
0,1,0.5689,experiments/hey_mycroft/dataset/negatives/not_wake_word_subset/not_wake_word_01585.wav
0,1,0.7543,experiments/hey_mycroft/dataset/negatives/not_wake_word_subset/not_wake_word_07549.wav
0,1,0.6328,/home/miro/Workspace/MachineLearningProjects/ww-trainer/experiments/hey_mycroft/dataset/negatives/processed/000410.wav
0,1,0.6413,experiments/hey_mycroft/dataset/negatives/not_wake_word_subset/not_wake_word_06181.wav
0,1,0.6474,experiments/hey_mycroft/dataset/negatives/not_wake_word_subset/not_wake_word_08489.wav
0,1,0.6500,experiments/hey_mycroft/dataset/negatives/not_wake_word_subset/not_wake_word_00739.wav
0,1,0.6878,experiments/hey_mycroft/dataset/negatives/not_wake_word_subset/not_wake_word_08646.wav
0,1,0.7388,experiments/hey_mycroft/dataset/negatives/not_wake_word_subset/not_wake_word_01403.wav
0,1,0.7305,experiments/hey_mycroft/dataset/negatives/not_wake_word_subset/not_wake_word_06461.wav
0,1,0.7531,experiments/hey_mycroft/dataset/negatives/not_wake_word_subset/not_wake_word_08506.wav
0,1,0.6891,experiments/hey_mycroft/dataset/negatives/not_wake_word_subset/not_wake_word_01682.wav
0,1,0.7432,experiments/hey_mycroft/dataset/negatives/not_wake_word_subset/not_wake_word_04343.wav
0,1,0.7013,experiments/hey_mycroft/dataset/negatives/not_wake_word_subset/not_wake_word_07979.wav
0,1,0.6467,experiments/hey_mycroft/dataset/negatives/not_wake_word_subset/not_wake_word_03921.wav
0,1,0.5416,/home/miro/Workspace/MachineLearningProjects/ww-trainer/experiments/hey_mycroft/dataset/negatives/processed/000037.wav
0,1,0.6818,experiments/hey_mycroft/dataset/negatives/not_wake_word_subset/not_wake_word_00415.wav
0,1,0.7684,experiments/hey_mycroft/dataset/negatives/not_wake_word_subset/not_wake_word_07483.wav
0,1,0.7051,experiments/hey_mycroft/dataset/negatives/not_wake_word_subset/not_wake_word_00633.wav
0,1,0.6738,experiments/hey_mycroft/dataset/negatives/not_wake_word_subset/not_wake_word_07060.wav
0,1,0.5951,experiments/hey_mycroft/dataset/negatives/not_wake_word_subset/not_wake_word_03151.wav
0,1,0.7258,experiments/hey_mycroft/dataset/negatives/not_wake_word_subset/not_wake_word_02054.wav
0,1,0.6143,experiments/hey_mycroft/dataset/negatives/not_wake_word_subset/not_wake_word_05540.wav
0,1,0.5842,experiments/hey_mycroft/dataset/negatives/not_wake_word_subset/not_wake_word_04233.wav
0,1,0.6798,/home/miro/Workspace/MachineLearningProjects/ww-trainer/experiments/hey_mycroft/dataset/negatives/processed/000029.wav
0,1,0.6516,experiments/hey_mycroft/dataset/negatives/not_wake_word_subset/not_wake_word_06210.wav
0,1,0.6770,experiments/hey_mycroft/dataset/negatives/not_wake_word_subset/not_wake_word_06316.wav
0,1,0.6565,experiments/hey_mycroft/dataset/negatives/not_wake_word_subset/not_wake_word_06246.wav
0,1,0.6809,experiments/hey_mycroft/dataset/negatives/not_wake_word_subset/not_wake_word_04346.wav
0,1,0.6106,experiments/hey_mycroft/dataset/negatives/not_wake_word_subset/not_wake_word_00618.wav
0,1,0.6432,experiments/hey_mycroft/dataset/negatives/not_wake_word_subset/not_wake_word_02531.wav
0,1,0.6799,experiments/hey_mycroft/dataset/negatives/not_wake_word_subset/not_wake_word_07703.wav
0,1,0.6653,experiments/hey_mycroft/dataset/negatives/not_wake_word_subset/not_wake_word_07191.wav
0,1,0.5783,/home/miro/Workspace/MachineLearningProjects/ww-trainer/experiments/hey_mycroft/dataset/negatives/processed/001221.wav
0,1,0.7537,experiments/hey_mycroft/dataset/negatives/not_wake_word_subset/not_wake_word_09041.wav
0,1,0.6910,experiments/hey_mycroft/dataset/negatives/not_wake_word_subset/not_wake_word_06364.wav
0,1,0.6481,experiments/hey_mycroft/dataset/negatives/not_wake_word_subset/not_wake_word_01348.wav
0,1,0.6711,experiments/hey_mycroft/dataset/negatives/not_wake_word_subset/not_wake_word_04205.wav
0,1,0.7361,experiments/hey_mycroft/dataset/negatives/not_wake_word_subset/not_wake_word_04350.wav
0,1,0.6308,experiments/hey_mycroft/dataset/negatives/not_wake_word_subset/not_wake_word_04553.wav
0,1,0.6273,experiments/hey_mycroft/dataset/negatives/not_wake_word_subset/not_wake_word_05261.wav
0,1,0.6953,/home/miro/Workspace/MachineLearningProjects/ww-trainer/experiments/hey_mycroft/dataset/negatives/processed/000793.wav
0,1,0.6912,experiments/hey_mycroft/dataset/negatives/not_wake_word_subset/not_wake_word_07383.wav
0,1,0.6342,experiments/hey_mycroft/dataset/negatives/not_wake_word_subset/not_wake_word_07574.wav
0,1,0.7117,experiments/hey_mycroft/dataset/negatives/not_wake_word_subset/not_wake_word_08035.wav
0,1,0.6400,/home/miro/Workspace/MachineLearningProjects/ww-trainer/experiments/hey_mycroft/dataset/negatives/processed/000387.wav
0,1,0.6777,experiments/hey_mycroft/dataset/negatives/not_wake_word_subset/not_wake_word_00560.wav
0,1,0.7305,experiments/hey_mycroft/dataset/negatives/not_wake_word_subset/not_wake_word_07614.wav
0,1,0.7098,experiments/hey_mycroft/dataset/negatives/not_wake_word_subset/not_wake_word_07909.wav
0,1,0.6668,experiments/hey_mycroft/dataset/negatives/not_wake_word_subset/not_wake_word_07545.wav
0,1,0.7175,experiments/hey_mycroft/dataset/negatives/not_wake_word_subset/not_wake_word_00833.wav
0,1,0.7250,experiments/hey_mycroft/dataset/negatives/not_wake_word_subset/not_wake_word_04601.wav
0,1,0.7208,experiments/hey_mycroft/dataset/negatives/not_wake_word_subset/not_wake_word_04317.wav
0,1,0.6568,experiments/hey_mycroft/dataset/negatives/not_wake_word_subset/not_wake_word_05508.wav
0,1,0.7081,experiments/hey_mycroft/dataset/negatives/not_wake_word_subset/not_wake_word_03503.wav
0,1,0.7660,experiments/hey_mycroft/dataset/negatives/not_wake_word_subset/not_wake_word_01755.wav
0,1,0.5621,/home/miro/Workspace/MachineLearningProjects/ww-trainer/experiments/hey_mycroft/dataset/negatives/processed/000350.wav
0,1,0.6887,experiments/hey_mycroft/dataset/negatives/not_wake_word_subset/not_wake_word_02357.wav
0,1,0.5949,/home/miro/Workspace/MachineLearningProjects/ww-trainer/experiments/hey_mycroft/dataset/negatives/processed/000088.wav
0,1,0.6551,experiments/hey_mycroft/dataset/negatives/not_wake_word_subset/not_wake_word_02677.wav
0,1,0.6356,experiments/hey_mycroft/dataset/negatives/not_wake_word_subset/not_wake_word_00334.wav
0,1,0.5757,experiments/hey_mycroft/dataset/negatives/not_wake_word_subset/not_wake_word_03114.wav
0,1,0.6273,experiments/hey_mycroft/dataset/negatives/not_wake_word_subset/not_wake_word_04353.wav
0,1,0.6529,experiments/hey_mycroft/dataset/negatives/not_wake_word_subset/not_wake_word_05188.wav
0,1,0.6937,/home/miro/Workspace/MachineLearningProjects/ww-trainer/experiments/hey_mycroft/dataset/negatives/processed/000694.wav
0,1,0.6758,experiments/hey_mycroft/dataset/negatives/not_wake_word_subset/not_wake_word_07145.wav
0,1,0.5986,experiments/hey_mycroft/dataset/negatives/not_wake_word_subset/not_wake_word_07889.wav
0,1,0.7427,experiments/hey_mycroft/dataset/negatives/not_wake_word_subset/not_wake_word_01134.wav
0,1,0.6271,experiments/hey_mycroft/dataset/negatives/not_wake_word_subset/not_wake_word_01648.wav
0,1,0.6657,experiments/hey_mycroft/dataset/negatives/not_wake_word_subset/not_wake_word_08850.wav
0,1,0.6729,experiments/hey_mycroft/dataset/negatives/not_wake_word_subset/not_wake_word_05975.wav
0,1,0.6511,experiments/hey_mycroft/dataset/negatives/not_wake_word_subset/not_wake_word_07924.wav
0,1,0.6880,experiments/hey_mycroft/dataset/negatives/not_wake_word_subset/not_wake_word_07452.wav
0,1,0.7026,experiments/hey_mycroft/dataset/negatives/not_wake_word_subset/not_wake_word_04772.wav
0,1,0.6635,experiments/hey_mycroft/dataset/negatives/not_wake_word_subset/not_wake_word_07963.wav
0,1,0.7547,/home/miro/Workspace/MachineLearningProjects/ww-trainer/experiments/hey_mycroft/dataset/negatives/processed/001553.wav
0,1,0.6865,experiments/hey_mycroft/dataset/negatives/not_wake_word_subset/not_wake_word_02781.wav
0,1,0.7730,experiments/hey_mycroft/dataset/negatives/not_wake_word_subset/not_wake_word_04953.wav
0,1,0.5261,/home/miro/Workspace/MachineLearningProjects/ww-trainer/experiments/hey_mycroft/dataset/negatives/processed/000276.wav
0,1,0.6581,experiments/hey_mycroft/dataset/negatives/not_wake_word_subset/not_wake_word_04845.wav
0,1,0.7302,experiments/hey_mycroft/dataset/negatives/not_wake_word_subset/not_wake_word_03630.wav
0,1,0.6162,experiments/hey_mycroft/dataset/negatives/not_wake_word_subset/not_wake_word_00126.wav
0,1,0.6460,experiments/hey_mycroft/dataset/negatives/not_wake_word_subset/not_wake_word_03607.wav
0,1,0.5934,experiments/hey_mycroft/dataset/negatives/not_wake_word_subset/not_wake_word_01125.wav
0,1,0.6577,experiments/hey_mycroft/dataset/negatives/not_wake_word_subset/not_wake_word_06941.wav
0,1,0.7074,/home/miro/Workspace/MachineLearningProjects/ww-trainer/experiments/hey_mycroft/dataset/negatives/processed/000557.wav
0,1,0.5057,/home/miro/Workspace/MachineLearningProjects/ww-trainer/experiments/hey_mycroft/dataset/negatives/processed/000346.wav
0,1,0.6617,experiments/hey_mycroft/dataset/negatives/not_wake_word_subset/not_wake_word_08099.wav
0,1,0.6727,experiments/hey_mycroft/dataset/negatives/not_wake_word_subset/not_wake_word_08508.wav
0,1,0.5945,experiments/hey_mycroft/dataset/negatives/not_wake_word_subset/not_wake_word_05525.wav
0,1,0.6441,experiments/hey_mycroft/dataset/negatives/not_wake_word_subset/not_wake_word_07565.wav
0,1,0.5665,experiments/hey_mycroft/dataset/negatives/not_wake_word_subset/not_wake_word_07881.wav
0,1,0.6950,experiments/hey_mycroft/dataset/negatives/not_wake_word_subset/not_wake_word_03267.wav
0,1,0.6769,experiments/hey_mycroft/dataset/negatives/not_wake_word_subset/not_wake_word_05086.wav
0,1,0.6649,experiments/hey_mycroft/dataset/negatives/not_wake_word_subset/not_wake_word_02658.wav
0,1,0.6181,experiments/hey_mycroft/dataset/negatives/not_wake_word_subset/not_wake_word_05515.wav
0,1,0.6599,experiments/hey_mycroft/dataset/negatives/not_wake_word_subset/not_wake_word_04273.wav
0,1,0.7056,experiments/hey_mycroft/dataset/negatives/not_wake_word_subset/not_wake_word_08029.wav
0,1,0.6923,experiments/hey_mycroft/dataset/negatives/not_wake_word_subset/not_wake_word_03528.wav
0,1,0.5684,experiments/hey_mycroft/dataset/negatives/not_wake_word_subset/not_wake_word_06113.wav
0,1,0.5867,experiments/hey_mycroft/dataset/negatives/not_wake_word_subset/not_wake_word_01210.wav
0,1,0.7049,experiments/hey_mycroft/dataset/negatives/not_wake_word_subset/not_wake_word_06919.wav
0,1,0.6581,/home/miro/Workspace/MachineLearningProjects/ww-trainer/experiments/hey_mycroft/dataset/negatives/processed/000332.wav
0,1,0.6012,experiments/hey_mycroft/dataset/negatives/not_wake_word_subset/not_wake_word_02065.wav
0,1,0.6394,experiments/hey_mycroft/dataset/negatives/not_wake_word_subset/not_wake_word_05958.wav
0,1,0.7451,experiments/hey_mycroft/dataset/negatives/not_wake_word_subset/not_wake_word_03055.wav
0,1,0.7452,experiments/hey_mycroft/dataset/negatives/not_wake_word_subset/not_wake_word_02881.wav
0,1,0.6624,experiments/hey_mycroft/dataset/negatives/not_wake_word_subset/not_wake_word_00435.wav
0,1,0.6152,experiments/hey_mycroft/dataset/negatives/not_wake_word_subset/not_wake_word_05112.wav
0,1,0.6286,experiments/hey_mycroft/dataset/negatives/not_wake_word_subset/not_wake_word_00180.wav
0,1,0.7635,experiments/hey_mycroft/dataset/negatives/not_wake_word_subset/not_wake_word_02261.wav
0,1,0.7029,experiments/hey_mycroft/dataset/negatives/not_wake_word_subset/not_wake_word_01147.wav
0,1,0.6141,/home/miro/Workspace/MachineLearningProjects/ww-trainer/experiments/hey_mycroft/dataset/negatives/processed/000919.wav
0,1,0.7276,/home/miro/Workspace/MachineLearningProjects/ww-trainer/experiments/hey_mycroft/dataset/negatives/processed/000616.wav
0,1,0.6327,experiments/hey_mycroft/dataset/negatives/not_wake_word_subset/not_wake_word_08318.wav
0,1,0.6169,experiments/hey_mycroft/dataset/negatives/not_wake_word_subset/not_wake_word_06066.wav
0,1,0.7195,experiments/hey_mycroft/dataset/negatives/not_wake_word_subset/not_wake_word_08289.wav
0,1,0.7128,experiments/hey_mycroft/dataset/negatives/not_wake_word_subset/not_wake_word_02574.wav
0,1,0.7470,/home/miro/Workspace/MachineLearningProjects/ww-trainer/experiments/hey_mycroft/dataset/negatives/processed/000625.wav
0,1,0.6109,experiments/hey_mycroft/dataset/negatives/not_wake_word_subset/not_wake_word_07162.wav
0,1,0.5999,experiments/hey_mycroft/dataset/negatives/not_wake_word_subset/not_wake_word_06800.wav
0,1,0.7130,experiments/hey_mycroft/dataset/negatives/not_wake_word_subset/not_wake_word_02318.wav
0,1,0.7092,experiments/hey_mycroft/dataset/negatives/not_wake_word_subset/not_wake_word_02297.wav
0,1,0.7062,experiments/hey_mycroft/dataset/negatives/not_wake_word_subset/not_wake_word_03612.wav
0,1,0.6894,experiments/hey_mycroft/dataset/negatives/not_wake_word_subset/not_wake_word_01083.wav
0,1,0.6848,experiments/hey_mycroft/dataset/negatives/not_wake_word_subset/not_wake_word_02046.wav
0,1,0.6227,/home/miro/Workspace/MachineLearningProjects/ww-trainer/experiments/hey_mycroft/dataset/negatives/processed/001821.wav
0,1,0.6700,experiments/hey_mycroft/dataset/negatives/not_wake_word_subset/not_wake_word_06883.wav
0,1,0.7192,experiments/hey_mycroft/dataset/negatives/not_wake_word_subset/not_wake_word_01877.wav
0,1,0.7135,experiments/hey_mycroft/dataset/negatives/not_wake_word_subset/not_wake_word_08936.wav
0,1,0.6274,experiments/hey_mycroft/dataset/negatives/not_wake_word_subset/not_wake_word_04921.wav
0,1,0.5637,experiments/hey_mycroft/dataset/negatives/not_wake_word_subset/not_wake_word_07509.wav
0,1,0.6757,experiments/hey_mycroft/dataset/negatives/not_wake_word_subset/not_wake_word_06884.wav
0,1,0.6322,experiments/hey_mycroft/dataset/negatives/not_wake_word_subset/not_wake_word_08590.wav
0,1,0.7199,experiments/hey_mycroft/dataset/negatives/not_wake_word_subset/not_wake_word_05701.wav
0,1,0.6724,experiments/hey_mycroft/dataset/negatives/not_wake_word_subset/not_wake_word_08857.wav
0,1,0.7026,experiments/hey_mycroft/dataset/negatives/not_wake_word_subset/not_wake_word_03837.wav
0,1,0.6619,experiments/hey_mycroft/dataset/negatives/not_wake_word_subset/not_wake_word_02848.wav
0,1,0.6760,experiments/hey_mycroft/dataset/negatives/not_wake_word_subset/not_wake_word_05627.wav
0,1,0.7028,experiments/hey_mycroft/dataset/negatives/not_wake_word_subset/not_wake_word_00994.wav
0,1,0.7471,experiments/hey_mycroft/dataset/negatives/not_wake_word_subset/not_wake_word_05156.wav
0,1,0.7118,experiments/hey_mycroft/dataset/negatives/not_wake_word_subset/not_wake_word_00431.wav
0,1,0.6573,experiments/hey_mycroft/dataset/negatives/not_wake_word_subset/not_wake_word_03152.wav
0,1,0.5767,/home/miro/Workspace/MachineLearningProjects/ww-trainer/experiments/hey_mycroft/dataset/negatives/processed/000297.wav
0,1,0.7426,experiments/hey_mycroft/dataset/negatives/not_wake_word_subset/not_wake_word_08821.wav
0,1,0.6282,experiments/hey_mycroft/dataset/negatives/not_wake_word_subset/not_wake_word_05311.wav
0,1,0.6111,experiments/hey_mycroft/dataset/negatives/not_wake_word_subset/not_wake_word_01071.wav
0,1,0.5746,/home/miro/Workspace/MachineLearningProjects/ww-trainer/experiments/hey_mycroft/dataset/negatives/processed/000802.wav
0,1,0.5363,experiments/hey_mycroft/dataset/negatives/not_wake_word_subset/not_wake_word_07079.wav
0,1,0.6846,experiments/hey_mycroft/dataset/negatives/not_wake_word_subset/not_wake_word_03270.wav
0,1,0.5611,experiments/hey_mycroft/dataset/negatives/not_wake_word_subset/not_wake_word_08424.wav
0,1,0.7433,experiments/hey_mycroft/dataset/negatives/not_wake_word_subset/not_wake_word_04077.wav
0,1,0.7050,experiments/hey_mycroft/dataset/negatives/not_wake_word_subset/not_wake_word_02086.wav
0,1,0.5947,experiments/hey_mycroft/dataset/negatives/not_wake_word_subset/not_wake_word_04433.wav
0,1,0.7152,experiments/hey_mycroft/dataset/negatives/not_wake_word_subset/not_wake_word_03716.wav
0,1,0.6786,experiments/hey_mycroft/dataset/negatives/not_wake_word_subset/not_wake_word_05135.wav
0,1,0.5147,experiments/hey_mycroft/dataset/negatives/not_wake_word_subset/not_wake_word_08906.wav
0,1,0.5669,experiments/hey_mycroft/dataset/negatives/not_wake_word_subset/not_wake_word_03583.wav
0,1,0.6122,experiments/hey_mycroft/dataset/negatives/not_wake_word_subset/not_wake_word_06925.wav
0,1,0.6492,experiments/hey_mycroft/dataset/negatives/not_wake_word_subset/not_wake_word_03979.wav
0,1,0.5453,/home/miro/Workspace/MachineLearningProjects/ww-trainer/experiments/hey_mycroft/dataset/negatives/processed/000363.wav
0,1,0.6890,experiments/hey_mycroft/dataset/negatives/not_wake_word_subset/not_wake_word_03622.wav
0,1,0.6271,experiments/hey_mycroft/dataset/negatives/not_wake_word_subset/not_wake_word_06147.wav
0,1,0.7112,experiments/hey_mycroft/dataset/negatives/not_wake_word_subset/not_wake_word_04075.wav
0,1,0.7802,/home/miro/Workspace/MachineLearningProjects/ww-trainer/experiments/hey_mycroft/dataset/negatives/processed/001631.wav
0,1,0.6592,experiments/hey_mycroft/dataset/negatives/not_wake_word_subset/not_wake_word_08275.wav
0,1,0.7704,/home/miro/Workspace/MachineLearningProjects/ww-trainer/experiments/hey_mycroft/dataset/negatives/processed/001101.wav
0,1,0.6306,experiments/hey_mycroft/dataset/negatives/not_wake_word_subset/not_wake_word_05541.wav
0,1,0.6486,experiments/hey_mycroft/dataset/negatives/not_wake_word_subset/not_wake_word_00010.wav
0,1,0.6438,/home/miro/Workspace/MachineLearningProjects/ww-trainer/experiments/hey_mycroft/dataset/negatives/processed/000344.wav
0,1,0.5900,/home/miro/Workspace/MachineLearningProjects/ww-trainer/experiments/hey_mycroft/dataset/negatives/processed/000388.wav
0,1,0.6820,experiments/hey_mycroft/dataset/negatives/not_wake_word_subset/not_wake_word_02527.wav
0,1,0.6899,experiments/hey_mycroft/dataset/negatives/not_wake_word_subset/not_wake_word_08160.wav
0,1,0.6197,/home/miro/Workspace/MachineLearningProjects/ww-trainer/experiments/hey_mycroft/dataset/negatives/processed/000649.wav
0,1,0.5747,/home/miro/Workspace/MachineLearningProjects/ww-trainer/experiments/hey_mycroft/dataset/negatives/processed/001907.wav
0,1,0.6671,experiments/hey_mycroft/dataset/negatives/not_wake_word_subset/not_wake_word_04463.wav
0,1,0.6623,experiments/hey_mycroft/dataset/negatives/not_wake_word_subset/not_wake_word_02472.wav
0,1,0.6419,experiments/hey_mycroft/dataset/negatives/not_wake_word_subset/not_wake_word_06869.wav
0,1,0.7278,experiments/hey_mycroft/dataset/negatives/not_wake_word_subset/not_wake_word_08691.wav
0,1,0.5424,/home/miro/Workspace/MachineLearningProjects/ww-trainer/experiments/hey_mycroft/dataset/negatives/processed/001698.wav
0,1,0.7291,experiments/hey_mycroft/dataset/negatives/not_wake_word_subset/not_wake_word_07120.wav
0,1,0.6860,/home/miro/Workspace/MachineLearningProjects/ww-trainer/experiments/hey_mycroft/dataset/negatives/processed/000823.wav
0,1,0.7540,experiments/hey_mycroft/dataset/negatives/not_wake_word_subset/not_wake_word_00894.wav
0,1,0.6677,experiments/hey_mycroft/dataset/negatives/not_wake_word_subset/not_wake_word_03572.wav
0,1,0.5624,experiments/hey_mycroft/dataset/negatives/not_wake_word_subset/not_wake_word_03449.wav
0,1,0.5525,/home/miro/Workspace/MachineLearningProjects/ww-trainer/experiments/hey_mycroft/dataset/negatives/processed/001817.wav
0,1,0.7384,experiments/hey_mycroft/dataset/negatives/not_wake_word_subset/not_wake_word_07243.wav
0,1,0.6672,experiments/hey_mycroft/dataset/negatives/not_wake_word_subset/not_wake_word_00442.wav
0,1,0.5873,experiments/hey_mycroft/dataset/negatives/not_wake_word_subset/not_wake_word_02251.wav
0,1,0.6626,experiments/hey_mycroft/dataset/negatives/not_wake_word_subset/not_wake_word_02435.wav
0,1,0.6937,experiments/hey_mycroft/dataset/negatives/not_wake_word_subset/not_wake_word_07033.wav
0,1,0.5749,experiments/hey_mycroft/dataset/negatives/not_wake_word_subset/not_wake_word_00909.wav
0,1,0.6720,experiments/hey_mycroft/dataset/negatives/not_wake_word_subset/not_wake_word_05765.wav
0,1,0.7401,experiments/hey_mycroft/dataset/negatives/not_wake_word_subset/not_wake_word_08520.wav
0,1,0.7112,experiments/hey_mycroft/dataset/negatives/not_wake_word_subset/not_wake_word_03938.wav
0,1,0.6189,experiments/hey_mycroft/dataset/negatives/not_wake_word_subset/not_wake_word_07671.wav
0,1,0.7513,experiments/hey_mycroft/dataset/negatives/not_wake_word_subset/not_wake_word_04119.wav
0,1,0.5936,experiments/hey_mycroft/dataset/negatives/not_wake_word_subset/not_wake_word_01318.wav
0,1,0.6366,experiments/hey_mycroft/dataset/negatives/not_wake_word_subset/not_wake_word_08118.wav
0,1,0.6258,experiments/hey_mycroft/dataset/negatives/not_wake_word_subset/not_wake_word_05231.wav
0,1,0.7302,experiments/hey_mycroft/dataset/negatives/not_wake_word_subset/not_wake_word_07461.wav
0,1,0.6038,/home/miro/Workspace/MachineLearningProjects/ww-trainer/experiments/hey_mycroft/dataset/negatives/processed/000300.wav
0,1,0.6766,experiments/hey_mycroft/dataset/negatives/not_wake_word_subset/not_wake_word_01422.wav
0,1,0.7995,/home/miro/Workspace/MachineLearningProjects/ww-trainer/experiments/hey_mycroft/dataset/negatives/processed/001103.wav
0,1,0.6126,experiments/hey_mycroft/dataset/negatives/not_wake_word_subset/not_wake_word_05553.wav
0,1,0.7396,experiments/hey_mycroft/dataset/negatives/not_wake_word_subset/not_wake_word_06545.wav
0,1,0.6586,experiments/hey_mycroft/dataset/negatives/not_wake_word_subset/not_wake_word_00766.wav
0,1,0.6896,experiments/hey_mycroft/dataset/negatives/not_wake_word_subset/not_wake_word_07378.wav
0,1,0.7878,/home/miro/Workspace/MachineLearningProjects/ww-trainer/experiments/hey_mycroft/dataset/negatives/processed/001292.wav
0,1,0.6246,experiments/hey_mycroft/dataset/negatives/not_wake_word_subset/not_wake_word_06071.wav
0,1,0.6949,/home/miro/Workspace/MachineLearningProjects/ww-trainer/experiments/hey_mycroft/dataset/negatives/processed/000874.wav
0,1,0.7405,experiments/hey_mycroft/dataset/negatives/not_wake_word_subset/not_wake_word_03982.wav
0,1,0.6991,experiments/hey_mycroft/dataset/negatives/not_wake_word_subset/not_wake_word_06860.wav
0,1,0.6771,experiments/hey_mycroft/dataset/negatives/not_wake_word_subset/not_wake_word_00208.wav
0,1,0.5512,/home/miro/Workspace/MachineLearningProjects/ww-trainer/experiments/hey_mycroft/dataset/negatives/processed/001697.wav
0,1,0.7566,experiments/hey_mycroft/dataset/negatives/not_wake_word_subset/not_wake_word_01266.wav
0,1,0.6195,experiments/hey_mycroft/dataset/negatives/not_wake_word_subset/not_wake_word_06081.wav
0,1,0.7296,experiments/hey_mycroft/dataset/negatives/not_wake_word_subset/not_wake_word_00746.wav
0,1,0.5139,experiments/hey_mycroft/dataset/negatives/not_wake_word_subset/not_wake_word_04698.wav
0,1,0.7037,experiments/hey_mycroft/dataset/negatives/not_wake_word_subset/not_wake_word_04859.wav
0,1,0.5287,experiments/hey_mycroft/dataset/negatives/not_wake_word_subset/not_wake_word_04563.wav
0,1,0.7152,experiments/hey_mycroft/dataset/negatives/not_wake_word_subset/not_wake_word_08812.wav
0,1,0.7244,/home/miro/Workspace/MachineLearningProjects/ww-trainer/experiments/hey_mycroft/dataset/negatives/processed/001773.wav
0,1,0.6724,experiments/hey_mycroft/dataset/negatives/not_wake_word_subset/not_wake_word_05882.wav
0,1,0.7104,experiments/hey_mycroft/dataset/negatives/not_wake_word_subset/not_wake_word_04809.wav
0,1,0.6821,experiments/hey_mycroft/dataset/negatives/not_wake_word_subset/not_wake_word_07663.wav
0,1,0.6490,experiments/hey_mycroft/dataset/negatives/not_wake_word_subset/not_wake_word_06874.wav
0,1,0.6441,experiments/hey_mycroft/dataset/negatives/not_wake_word_subset/not_wake_word_07735.wav
0,1,0.6262,experiments/hey_mycroft/dataset/negatives/not_wake_word_subset/not_wake_word_03812.wav
0,1,0.7337,experiments/hey_mycroft/dataset/negatives/not_wake_word_subset/not_wake_word_08519.wav
0,1,0.5265,/home/miro/Workspace/MachineLearningProjects/ww-trainer/experiments/hey_mycroft/dataset/negatives/processed/000952.wav
0,1,0.6563,experiments/hey_mycroft/dataset/negatives/not_wake_word_subset/not_wake_word_08327.wav
0,1,0.6543,experiments/hey_mycroft/dataset/negatives/not_wake_word_subset/not_wake_word_08189.wav
0,1,0.6998,/home/miro/Workspace/MachineLearningProjects/ww-trainer/experiments/hey_mycroft/dataset/negatives/processed/001782.wav
0,1,0.6853,experiments/hey_mycroft/dataset/negatives/not_wake_word_subset/not_wake_word_06940.wav
0,1,0.7188,/home/miro/Workspace/MachineLearningProjects/ww-trainer/experiments/hey_mycroft/dataset/negatives/processed/001487.wav
0,1,0.6691,experiments/hey_mycroft/dataset/negatives/not_wake_word_subset/not_wake_word_03849.wav
0,1,0.7489,experiments/hey_mycroft/dataset/negatives/not_wake_word_subset/not_wake_word_00189.wav
0,1,0.7036,experiments/hey_mycroft/dataset/negatives/not_wake_word_subset/not_wake_word_02505.wav
0,1,0.6867,experiments/hey_mycroft/dataset/negatives/not_wake_word_subset/not_wake_word_05293.wav
0,1,0.6920,experiments/hey_mycroft/dataset/negatives/not_wake_word_subset/not_wake_word_08342.wav
0,1,0.5842,experiments/hey_mycroft/dataset/negatives/not_wake_word_subset/not_wake_word_07680.wav
0,1,0.6241,experiments/hey_mycroft/dataset/negatives/not_wake_word_subset/not_wake_word_02445.wav
0,1,0.7120,experiments/hey_mycroft/dataset/negatives/not_wake_word_subset/not_wake_word_04336.wav
0,1,0.7005,experiments/hey_mycroft/dataset/negatives/not_wake_word_subset/not_wake_word_00232.wav
0,1,0.7075,experiments/hey_mycroft/dataset/negatives/not_wake_word_subset/not_wake_word_01342.wav
0,1,0.8254,/home/miro/Workspace/MachineLearningProjects/ww-trainer/experiments/hey_mycroft/dataset/negatives/processed/001219.wav
0,1,0.7256,experiments/hey_mycroft/dataset/negatives/not_wake_word_subset/not_wake_word_03262.wav
0,1,0.7184,experiments/hey_mycroft/dataset/negatives/not_wake_word_subset/not_wake_word_08934.wav
0,1,0.6529,experiments/hey_mycroft/dataset/negatives/not_wake_word_subset/not_wake_word_08023.wav
0,1,0.7016,/home/miro/Workspace/MachineLearningProjects/ww-trainer/experiments/hey_mycroft/dataset/negatives/processed/000700.wav
0,1,0.7066,experiments/hey_mycroft/dataset/negatives/not_wake_word_subset/not_wake_word_01232.wav
0,1,0.5933,experiments/hey_mycroft/dataset/negatives/not_wake_word_subset/not_wake_word_06492.wav
0,1,0.6325,experiments/hey_mycroft/dataset/negatives/not_wake_word_subset/not_wake_word_03955.wav
0,1,0.6747,experiments/hey_mycroft/dataset/negatives/not_wake_word_subset/not_wake_word_03587.wav
0,1,0.6692,experiments/hey_mycroft/dataset/negatives/not_wake_word_subset/not_wake_word_09039.wav
0,1,0.6860,/home/miro/Workspace/MachineLearningProjects/ww-trainer/experiments/hey_mycroft/dataset/negatives/processed/000657.wav
0,1,0.6561,experiments/hey_mycroft/dataset/negatives/not_wake_word_subset/not_wake_word_00377.wav
0,1,0.7183,experiments/hey_mycroft/dataset/negatives/not_wake_word_subset/not_wake_word_00304.wav
0,1,0.6851,experiments/hey_mycroft/dataset/negatives/not_wake_word_subset/not_wake_word_00526.wav
0,1,0.6895,experiments/hey_mycroft/dataset/negatives/not_wake_word_subset/not_wake_word_00063.wav
0,1,0.7364,experiments/hey_mycroft/dataset/negatives/not_wake_word_subset/not_wake_word_01035.wav
0,1,0.7013,experiments/hey_mycroft/dataset/negatives/not_wake_word_subset/not_wake_word_02616.wav
0,1,0.6743,experiments/hey_mycroft/dataset/negatives/not_wake_word_subset/not_wake_word_03863.wav
0,1,0.6999,experiments/hey_mycroft/dataset/negatives/not_wake_word_subset/not_wake_word_04493.wav
0,1,0.6923,experiments/hey_mycroft/dataset/negatives/not_wake_word_subset/not_wake_word_03804.wav
0,1,0.7196,experiments/hey_mycroft/dataset/negatives/not_wake_word_subset/not_wake_word_04041.wav
0,1,0.7050,experiments/hey_mycroft/dataset/negatives/not_wake_word_subset/not_wake_word_05928.wav
0,1,0.6029,experiments/hey_mycroft/dataset/negatives/not_wake_word_subset/not_wake_word_00822.wav
0,1,0.7077,experiments/hey_mycroft/dataset/negatives/not_wake_word_subset/not_wake_word_06312.wav
0,1,0.7143,/home/miro/Workspace/MachineLearningProjects/ww-trainer/experiments/hey_mycroft/dataset/negatives/processed/000115.wav
0,1,0.7772,/home/miro/Workspace/MachineLearningProjects/ww-trainer/experiments/hey_mycroft/dataset/negatives/processed/001966.wav
0,1,0.6530,experiments/hey_mycroft/dataset/negatives/not_wake_word_subset/not_wake_word_06661.wav
0,1,0.6771,experiments/hey_mycroft/dataset/negatives/not_wake_word_subset/not_wake_word_07180.wav
0,1,0.7623,experiments/hey_mycroft/dataset/negatives/not_wake_word_subset/not_wake_word_03165.wav
0,1,0.7315,experiments/hey_mycroft/dataset/negatives/not_wake_word_subset/not_wake_word_02664.wav
0,1,0.6554,experiments/hey_mycroft/dataset/negatives/not_wake_word_subset/not_wake_word_04396.wav
0,1,0.7356,experiments/hey_mycroft/dataset/negatives/not_wake_word_subset/not_wake_word_04686.wav
0,1,0.6393,experiments/hey_mycroft/dataset/negatives/not_wake_word_subset/not_wake_word_08296.wav
0,1,0.6439,experiments/hey_mycroft/dataset/negatives/not_wake_word_subset/not_wake_word_07484.wav
0,1,0.6857,experiments/hey_mycroft/dataset/negatives/not_wake_word_subset/not_wake_word_07940.wav
0,1,0.5932,experiments/hey_mycroft/dataset/negatives/not_wake_word_subset/not_wake_word_02972.wav
0,1,0.6923,/home/miro/Workspace/MachineLearningProjects/ww-trainer/experiments/hey_mycroft/dataset/negatives/processed/000082.wav
0,1,0.6673,experiments/hey_mycroft/dataset/negatives/not_wake_word_subset/not_wake_word_08280.wav
0,1,0.7145,experiments/hey_mycroft/dataset/negatives/not_wake_word_subset/not_wake_word_04013.wav
0,1,0.6252,experiments/hey_mycroft/dataset/negatives/not_wake_word_subset/not_wake_word_00626.wav
0,1,0.6236,experiments/hey_mycroft/dataset/negatives/not_wake_word_subset/not_wake_word_00024.wav
0,1,0.5418,experiments/hey_mycroft/dataset/negatives/not_wake_word_subset/not_wake_word_01167.wav
0,1,0.6797,/home/miro/Workspace/MachineLearningProjects/ww-trainer/experiments/hey_mycroft/dataset/negatives/processed/000813.wav
0,1,0.6711,experiments/hey_mycroft/dataset/negatives/not_wake_word_subset/not_wake_word_03045.wav
0,1,0.6139,experiments/hey_mycroft/dataset/negatives/not_wake_word_subset/not_wake_word_06269.wav
0,1,0.7075,/home/miro/Workspace/MachineLearningProjects/ww-trainer/experiments/hey_mycroft/dataset/negatives/processed/000342.wav
0,1,0.6725,experiments/hey_mycroft/dataset/negatives/not_wake_word_subset/not_wake_word_00521.wav
0,1,0.5730,experiments/hey_mycroft/dataset/negatives/not_wake_word_subset/not_wake_word_01870.wav
0,1,0.6478,experiments/hey_mycroft/dataset/negatives/not_wake_word_subset/not_wake_word_06823.wav
0,1,0.7374,experiments/hey_mycroft/dataset/negatives/not_wake_word_subset/not_wake_word_05813.wav
0,1,0.6044,experiments/hey_mycroft/dataset/negatives/not_wake_word_subset/not_wake_word_02733.wav
0,1,0.7025,experiments/hey_mycroft/dataset/negatives/not_wake_word_subset/not_wake_word_05556.wav
0,1,0.7507,experiments/hey_mycroft/dataset/negatives/not_wake_word_subset/not_wake_word_01864.wav
0,1,0.6861,/home/miro/Workspace/MachineLearningProjects/ww-trainer/experiments/hey_mycroft/dataset/negatives/processed/000230.wav
0,1,0.6780,experiments/hey_mycroft/dataset/negatives/not_wake_word_subset/not_wake_word_06814.wav
0,1,0.7278,experiments/hey_mycroft/dataset/negatives/not_wake_word_subset/not_wake_word_06225.wav
0,1,0.6971,experiments/hey_mycroft/dataset/negatives/not_wake_word_subset/not_wake_word_08000.wav
0,1,0.6977,experiments/hey_mycroft/dataset/negatives/not_wake_word_subset/not_wake_word_08202.wav
0,1,0.6441,/home/miro/Workspace/MachineLearningProjects/ww-trainer/experiments/hey_mycroft/dataset/negatives/processed/000269.wav
0,1,0.6348,experiments/hey_mycroft/dataset/negatives/not_wake_word_subset/not_wake_word_07367.wav
0,1,0.7736,experiments/hey_mycroft/dataset/negatives/not_wake_word_subset/not_wake_word_04574.wav
0,1,0.6516,experiments/hey_mycroft/dataset/negatives/not_wake_word_subset/not_wake_word_02094.wav
0,1,0.6713,experiments/hey_mycroft/dataset/negatives/not_wake_word_subset/not_wake_word_04566.wav
0,1,0.6716,experiments/hey_mycroft/dataset/negatives/not_wake_word_subset/not_wake_word_03044.wav
0,1,0.6288,experiments/hey_mycroft/dataset/negatives/not_wake_word_subset/not_wake_word_03586.wav
0,1,0.6367,experiments/hey_mycroft/dataset/negatives/not_wake_word_subset/not_wake_word_05580.wav
0,1,0.5986,experiments/hey_mycroft/dataset/negatives/not_wake_word_subset/not_wake_word_09004.wav
0,1,0.6710,experiments/hey_mycroft/dataset/negatives/not_wake_word_subset/not_wake_word_08271.wav
0,1,0.5992,experiments/hey_mycroft/dataset/negatives/not_wake_word_subset/not_wake_word_04565.wav
0,1,0.5924,experiments/hey_mycroft/dataset/negatives/not_wake_word_subset/not_wake_word_03734.wav
0,1,0.5725,/home/miro/Workspace/MachineLearningProjects/ww-trainer/experiments/hey_mycroft/dataset/negatives/processed/001253.wav
0,1,0.6549,experiments/hey_mycroft/dataset/negatives/not_wake_word_subset/not_wake_word_05148.wav
0,1,0.6724,experiments/hey_mycroft/dataset/negatives/not_wake_word_subset/not_wake_word_08613.wav
0,1,0.5976,experiments/hey_mycroft/dataset/negatives/not_wake_word_subset/not_wake_word_08200.wav
0,1,0.6457,experiments/hey_mycroft/dataset/negatives/not_wake_word_subset/not_wake_word_07435.wav
0,1,0.5044,/home/miro/Workspace/MachineLearningProjects/ww-trainer/experiments/hey_mycroft/dataset/negatives/processed/001069.wav
0,1,0.7317,experiments/hey_mycroft/dataset/negatives/not_wake_word_subset/not_wake_word_07207.wav
0,1,0.5682,experiments/hey_mycroft/dataset/negatives/not_wake_word_subset/not_wake_word_02470.wav
0,1,0.6011,experiments/hey_mycroft/dataset/negatives/not_wake_word_subset/not_wake_word_01546.wav
0,1,0.6374,experiments/hey_mycroft/dataset/negatives/not_wake_word_subset/not_wake_word_01173.wav
0,1,0.6561,experiments/hey_mycroft/dataset/negatives/not_wake_word_subset/not_wake_word_07518.wav
0,1,0.7192,experiments/hey_mycroft/dataset/negatives/not_wake_word_subset/not_wake_word_00797.wav
0,1,0.7094,experiments/hey_mycroft/dataset/negatives/not_wake_word_subset/not_wake_word_06136.wav
0,1,0.6833,experiments/hey_mycroft/dataset/negatives/not_wake_word_subset/not_wake_word_05764.wav
0,1,0.5622,experiments/hey_mycroft/dataset/negatives/not_wake_word_subset/not_wake_word_02288.wav
0,1,0.6715,experiments/hey_mycroft/dataset/negatives/not_wake_word_subset/not_wake_word_05447.wav
0,1,0.5911,experiments/hey_mycroft/dataset/negatives/not_wake_word_subset/not_wake_word_01154.wav
0,1,0.6094,experiments/hey_mycroft/dataset/negatives/not_wake_word_subset/not_wake_word_08493.wav
0,1,0.6185,/home/miro/Workspace/MachineLearningProjects/ww-trainer/experiments/hey_mycroft/dataset/negatives/processed/000637.wav
0,1,0.6501,experiments/hey_mycroft/dataset/negatives/not_wake_word_subset/not_wake_word_01390.wav
0,1,0.6395,experiments/hey_mycroft/dataset/negatives/not_wake_word_subset/not_wake_word_01890.wav
0,1,0.7672,experiments/hey_mycroft/dataset/negatives/not_wake_word_subset/not_wake_word_03574.wav
0,1,0.6493,experiments/hey_mycroft/dataset/negatives/not_wake_word_subset/not_wake_word_05170.wav
0,1,0.5664,experiments/hey_mycroft/dataset/negatives/not_wake_word_subset/not_wake_word_06072.wav
0,1,0.6686,experiments/hey_mycroft/dataset/negatives/not_wake_word_subset/not_wake_word_02608.wav
0,1,0.6609,experiments/hey_mycroft/dataset/negatives/not_wake_word_subset/not_wake_word_01626.wav
0,1,0.6097,/home/miro/Workspace/MachineLearningProjects/ww-trainer/experiments/hey_mycroft/dataset/negatives/processed/000697.wav
0,1,0.6865,experiments/hey_mycroft/dataset/negatives/not_wake_word_subset/not_wake_word_04814.wav
0,1,0.6911,experiments/hey_mycroft/dataset/negatives/not_wake_word_subset/not_wake_word_04812.wav
0,1,0.6899,/home/miro/Workspace/MachineLearningProjects/ww-trainer/experiments/hey_mycroft/dataset/negatives/processed/000822.wav
0,1,0.6845,/home/miro/Workspace/MachineLearningProjects/ww-trainer/experiments/hey_mycroft/dataset/negatives/processed/000997.wav
0,1,0.6200,experiments/hey_mycroft/dataset/negatives/not_wake_word_subset/not_wake_word_04626.wav
0,1,0.6183,experiments/hey_mycroft/dataset/negatives/not_wake_word_subset/not_wake_word_08281.wav
0,1,0.8121,/home/miro/Workspace/MachineLearningProjects/ww-trainer/experiments/hey_mycroft/dataset/negatives/processed/000960.wav
0,1,0.6629,experiments/hey_mycroft/dataset/negatives/not_wake_word_subset/not_wake_word_01797.wav
0,1,0.7497,experiments/hey_mycroft/dataset/negatives/not_wake_word_subset/not_wake_word_08567.wav
0,1,0.6765,experiments/hey_mycroft/dataset/negatives/not_wake_word_subset/not_wake_word_01331.wav
0,1,0.6398,experiments/hey_mycroft/dataset/negatives/not_wake_word_subset/not_wake_word_00591.wav
0,1,0.6755,experiments/hey_mycroft/dataset/negatives/not_wake_word_subset/not_wake_word_01193.wav
0,1,0.6081,experiments/hey_mycroft/dataset/negatives/not_wake_word_subset/not_wake_word_07788.wav
0,1,0.6914,experiments/hey_mycroft/dataset/negatives/not_wake_word_subset/not_wake_word_01425.wav
0,1,0.6786,experiments/hey_mycroft/dataset/negatives/not_wake_word_subset/not_wake_word_04422.wav
0,1,0.7181,/home/miro/Workspace/MachineLearningProjects/ww-trainer/experiments/hey_mycroft/dataset/negatives/processed/000321.wav
0,1,0.5872,/home/miro/Workspace/MachineLearningProjects/ww-trainer/experiments/hey_mycroft/dataset/negatives/processed/001007.wav
0,1,0.6841,experiments/hey_mycroft/dataset/negatives/not_wake_word_subset/not_wake_word_08627.wav
0,1,0.6980,experiments/hey_mycroft/dataset/negatives/not_wake_word_subset/not_wake_word_08321.wav
0,1,0.6929,experiments/hey_mycroft/dataset/negatives/not_wake_word_subset/not_wake_word_01936.wav
0,1,0.7120,experiments/hey_mycroft/dataset/negatives/not_wake_word_subset/not_wake_word_00658.wav
0,1,0.6942,/home/miro/Workspace/MachineLearningProjects/ww-trainer/experiments/hey_mycroft/dataset/negatives/processed/000881.wav
0,1,0.6847,experiments/hey_mycroft/dataset/negatives/not_wake_word_subset/not_wake_word_02828.wav
0,1,0.6525,experiments/hey_mycroft/dataset/negatives/not_wake_word_subset/not_wake_word_02238.wav
0,1,0.5783,experiments/hey_mycroft/dataset/negatives/not_wake_word_subset/not_wake_word_03634.wav
0,1,0.7063,experiments/hey_mycroft/dataset/negatives/not_wake_word_subset/not_wake_word_08573.wav
0,1,0.6584,/home/miro/Workspace/MachineLearningProjects/ww-trainer/experiments/hey_mycroft/dataset/negatives/processed/001841.wav
0,1,0.6502,experiments/hey_mycroft/dataset/negatives/not_wake_word_subset/not_wake_word_02328.wav
0,1,0.5217,/home/miro/Workspace/MachineLearningProjects/ww-trainer/experiments/hey_mycroft/dataset/negatives/processed/000630.wav
0,1,0.7380,/home/miro/Workspace/MachineLearningProjects/ww-trainer/experiments/hey_mycroft/dataset/negatives/processed/000611.wav
0,1,0.6742,experiments/hey_mycroft/dataset/negatives/not_wake_word_subset/not_wake_word_05280.wav
0,1,0.6772,experiments/hey_mycroft/dataset/negatives/not_wake_word_subset/not_wake_word_08697.wav
0,1,0.7713,/home/miro/Workspace/MachineLearningProjects/ww-trainer/experiments/hey_mycroft/dataset/negatives/processed/001855.wav
0,1,0.6534,/home/miro/Workspace/MachineLearningProjects/ww-trainer/experiments/hey_mycroft/dataset/negatives/processed/000503.wav
0,1,0.7182,experiments/hey_mycroft/dataset/negatives/not_wake_word_subset/not_wake_word_00603.wav
0,1,0.6487,/home/miro/Workspace/MachineLearningProjects/ww-trainer/experiments/hey_mycroft/dataset/negatives/processed/000387.wav
0,1,0.7899,/home/miro/Workspace/MachineLearningProjects/ww-trainer/experiments/hey_mycroft/dataset/negatives/processed/001057.wav
0,1,0.6947,experiments/hey_mycroft/dataset/negatives/not_wake_word_subset/not_wake_word_03951.wav
0,1,0.7738,experiments/hey_mycroft/dataset/negatives/not_wake_word_subset/not_wake_word_03502.wav
0,1,0.7031,experiments/hey_mycroft/dataset/negatives/not_wake_word_subset/not_wake_word_06050.wav
0,1,0.6553,experiments/hey_mycroft/dataset/negatives/not_wake_word_subset/not_wake_word_03920.wav
0,1,0.6621,experiments/hey_mycroft/dataset/negatives/not_wake_word_subset/not_wake_word_08693.wav
0,1,0.6307,experiments/hey_mycroft/dataset/negatives/not_wake_word_subset/not_wake_word_07270.wav
0,1,0.6571,experiments/hey_mycroft/dataset/negatives/not_wake_word_subset/not_wake_word_05437.wav
0,1,0.6652,experiments/hey_mycroft/dataset/negatives/not_wake_word_subset/not_wake_word_05852.wav
0,1,0.7131,experiments/hey_mycroft/dataset/negatives/not_wake_word_subset/not_wake_word_08655.wav
0,1,0.7324,experiments/hey_mycroft/dataset/negatives/not_wake_word_subset/not_wake_word_03897.wav
0,1,0.7243,/home/miro/Workspace/MachineLearningProjects/ww-trainer/experiments/hey_mycroft/dataset/negatives/processed/001051.wav
0,1,0.7114,experiments/hey_mycroft/dataset/negatives/not_wake_word_subset/not_wake_word_08097.wav
0,1,0.6372,experiments/hey_mycroft/dataset/negatives/not_wake_word_subset/not_wake_word_02647.wav
0,1,0.5097,/home/miro/Workspace/MachineLearningProjects/ww-trainer/experiments/hey_mycroft/dataset/negatives/processed/000521.wav
0,1,0.7062,experiments/hey_mycroft/dataset/negatives/not_wake_word_subset/not_wake_word_04659.wav
0,1,0.6471,/home/miro/Workspace/MachineLearningProjects/ww-trainer/experiments/hey_mycroft/dataset/negatives/processed/000675.wav
0,1,0.6458,experiments/hey_mycroft/dataset/negatives/not_wake_word_subset/not_wake_word_08235.wav
0,1,0.6489,experiments/hey_mycroft/dataset/negatives/not_wake_word_subset/not_wake_word_05814.wav
0,1,0.6467,experiments/hey_mycroft/dataset/negatives/not_wake_word_subset/not_wake_word_05578.wav
0,1,0.5759,/home/miro/Workspace/MachineLearningProjects/ww-trainer/experiments/hey_mycroft/dataset/negatives/processed/000440.wav
0,1,0.7176,experiments/hey_mycroft/dataset/negatives/not_wake_word_subset/not_wake_word_07026.wav
0,1,0.7008,experiments/hey_mycroft/dataset/negatives/not_wake_word_subset/not_wake_word_03256.wav
0,1,0.7353,experiments/hey_mycroft/dataset/negatives/not_wake_word_subset/not_wake_word_02665.wav
0,1,0.7310,experiments/hey_mycroft/dataset/negatives/not_wake_word_subset/not_wake_word_05192.wav
0,1,0.7734,experiments/hey_mycroft/dataset/negatives/not_wake_word_subset/not_wake_word_06185.wav
0,1,0.8405,/home/miro/Workspace/MachineLearningProjects/ww-trainer/experiments/hey_mycroft/dataset/negatives/processed/001468.wav
0,1,0.7072,/home/miro/Workspace/MachineLearningProjects/ww-trainer/experiments/hey_mycroft/dataset/negatives/processed/000411.wav
0,1,0.6852,/home/miro/Workspace/MachineLearningProjects/ww-trainer/experiments/hey_mycroft/dataset/negatives/processed/000436.wav
0,1,0.6532,experiments/hey_mycroft/dataset/negatives/not_wake_word_subset/not_wake_word_01815.wav
0,1,0.6340,experiments/hey_mycroft/dataset/negatives/not_wake_word_subset/not_wake_word_04335.wav
0,1,0.6782,/home/miro/Workspace/MachineLearningProjects/ww-trainer/experiments/hey_mycroft/dataset/negatives/processed/001055.wav
0,1,0.6431,experiments/hey_mycroft/dataset/negatives/not_wake_word_subset/not_wake_word_08753.wav
0,1,0.6865,experiments/hey_mycroft/dataset/negatives/not_wake_word_subset/not_wake_word_04906.wav
0,1,0.6106,/home/miro/Workspace/MachineLearningProjects/ww-trainer/experiments/hey_mycroft/dataset/negatives/processed/000804.wav
0,1,0.7103,experiments/hey_mycroft/dataset/negatives/not_wake_word_subset/not_wake_word_06670.wav
0,1,0.6624,experiments/hey_mycroft/dataset/negatives/not_wake_word_subset/not_wake_word_08206.wav
0,1,0.6018,experiments/hey_mycroft/dataset/negatives/not_wake_word_subset/not_wake_word_05268.wav
0,1,0.6594,experiments/hey_mycroft/dataset/negatives/not_wake_word_subset/not_wake_word_03825.wav
0,1,0.6732,experiments/hey_mycroft/dataset/negatives/not_wake_word_subset/not_wake_word_01047.wav
0,1,0.7536,/home/miro/Workspace/MachineLearningProjects/ww-trainer/experiments/hey_mycroft/dataset/negatives/processed/000821.wav
0,1,0.6785,experiments/hey_mycroft/dataset/negatives/not_wake_word_subset/not_wake_word_04313.wav
0,1,0.7267,experiments/hey_mycroft/dataset/negatives/not_wake_word_subset/not_wake_word_00492.wav
0,1,0.6859,experiments/hey_mycroft/dataset/negatives/not_wake_word_subset/not_wake_word_04544.wav
0,1,0.5936,/home/miro/Workspace/MachineLearningProjects/ww-trainer/experiments/hey_mycroft/dataset/negatives/processed/000098.wav
0,1,0.6517,experiments/hey_mycroft/dataset/negatives/not_wake_word_subset/not_wake_word_04378.wav
0,1,0.6291,experiments/hey_mycroft/dataset/negatives/not_wake_word_subset/not_wake_word_01990.wav
0,1,0.6743,experiments/hey_mycroft/dataset/negatives/not_wake_word_subset/not_wake_word_08153.wav
0,1,0.7447,experiments/hey_mycroft/dataset/negatives/not_wake_word_subset/not_wake_word_01237.wav
0,1,0.5796,/home/miro/Workspace/MachineLearningProjects/ww-trainer/experiments/hey_mycroft/dataset/negatives/processed/000439.wav
0,1,0.6647,experiments/hey_mycroft/dataset/negatives/not_wake_word_subset/not_wake_word_01290.wav
0,1,0.7462,experiments/hey_mycroft/dataset/negatives/not_wake_word_subset/not_wake_word_08985.wav
0,1,0.6596,experiments/hey_mycroft/dataset/negatives/not_wake_word_subset/not_wake_word_00933.wav
0,1,0.6348,experiments/hey_mycroft/dataset/negatives/not_wake_word_subset/not_wake_word_07434.wav
0,1,0.5848,experiments/hey_mycroft/dataset/negatives/not_wake_word_subset/not_wake_word_00938.wav
0,1,0.5933,experiments/hey_mycroft/dataset/negatives/not_wake_word_subset/not_wake_word_04720.wav
0,1,0.6879,experiments/hey_mycroft/dataset/negatives/not_wake_word_subset/not_wake_word_03614.wav
0,1,0.7356,experiments/hey_mycroft/dataset/negatives/not_wake_word_subset/not_wake_word_07023.wav
0,1,0.6296,experiments/hey_mycroft/dataset/negatives/not_wake_word_subset/not_wake_word_08399.wav
0,1,0.7139,experiments/hey_mycroft/dataset/negatives/not_wake_word_subset/not_wake_word_01181.wav
0,1,0.5459,/home/miro/Workspace/MachineLearningProjects/ww-trainer/experiments/hey_mycroft/dataset/negatives/processed/000493.wav
0,1,0.7203,experiments/hey_mycroft/dataset/negatives/not_wake_word_subset/not_wake_word_04316.wav
0,1,0.6739,experiments/hey_mycroft/dataset/negatives/not_wake_word_subset/not_wake_word_08492.wav
0,1,0.7402,experiments/hey_mycroft/dataset/negatives/not_wake_word_subset/not_wake_word_06679.wav
0,1,0.7238,/home/miro/Workspace/MachineLearningProjects/ww-trainer/experiments/hey_mycroft/dataset/negatives/processed/000225.wav
0,1,0.6637,experiments/hey_mycroft/dataset/negatives/not_wake_word_subset/not_wake_word_07653.wav
0,1,0.7097,experiments/hey_mycroft/dataset/negatives/not_wake_word_subset/not_wake_word_06446.wav
0,1,0.7664,experiments/hey_mycroft/dataset/negatives/not_wake_word_subset/not_wake_word_01270.wav
0,1,0.6656,experiments/hey_mycroft/dataset/negatives/not_wake_word_subset/not_wake_word_03827.wav
0,1,0.6750,experiments/hey_mycroft/dataset/negatives/not_wake_word_subset/not_wake_word_04283.wav
0,1,0.6349,experiments/hey_mycroft/dataset/negatives/not_wake_word_subset/not_wake_word_03117.wav
0,1,0.8234,/home/miro/Workspace/MachineLearningProjects/ww-trainer/experiments/hey_mycroft/dataset/negatives/processed/001215.wav
0,1,0.6048,experiments/hey_mycroft/dataset/negatives/not_wake_word_subset/not_wake_word_05948.wav
0,1,0.5621,/home/miro/Workspace/MachineLearningProjects/ww-trainer/experiments/hey_mycroft/dataset/negatives/processed/000276.wav
0,1,0.6750,/home/miro/Workspace/MachineLearningProjects/ww-trainer/experiments/hey_mycroft/dataset/negatives/processed/000681.wav
0,1,0.7052,experiments/hey_mycroft/dataset/negatives/not_wake_word_subset/not_wake_word_06613.wav
0,1,0.6106,experiments/hey_mycroft/dataset/negatives/not_wake_word_subset/not_wake_word_01754.wav
0,1,0.6656,experiments/hey_mycroft/dataset/negatives/not_wake_word_subset/not_wake_word_04625.wav
0,1,0.7687,/home/miro/Workspace/MachineLearningProjects/ww-trainer/experiments/hey_mycroft/dataset/negatives/processed/001481.wav
0,1,0.6367,/home/miro/Workspace/MachineLearningProjects/ww-trainer/experiments/hey_mycroft/dataset/negatives/processed/000500.wav
0,1,0.6360,experiments/hey_mycroft/dataset/negatives/not_wake_word_subset/not_wake_word_06644.wav
0,1,0.6695,experiments/hey_mycroft/dataset/negatives/not_wake_word_subset/not_wake_word_05141.wav
0,1,0.6918,/home/miro/Workspace/MachineLearningProjects/ww-trainer/experiments/hey_mycroft/dataset/negatives/processed/000806.wav
0,1,0.7651,experiments/hey_mycroft/dataset/negatives/not_wake_word_subset/not_wake_word_07797.wav
0,1,0.7327,experiments/hey_mycroft/dataset/negatives/not_wake_word_subset/not_wake_word_04426.wav
0,1,0.6496,/home/miro/Workspace/MachineLearningProjects/ww-trainer/experiments/hey_mycroft/dataset/negatives/processed/000646.wav
0,1,0.7091,experiments/hey_mycroft/dataset/negatives/not_wake_word_subset/not_wake_word_05004.wav
0,1,0.6320,experiments/hey_mycroft/dataset/negatives/not_wake_word_subset/not_wake_word_06493.wav
0,1,0.5922,/home/miro/Workspace/MachineLearningProjects/ww-trainer/experiments/hey_mycroft/dataset/negatives/processed/001608.wav
0,1,0.6767,/home/miro/Workspace/MachineLearningProjects/ww-trainer/experiments/hey_mycroft/dataset/negatives/processed/000835.wav
0,1,0.7188,/home/miro/Workspace/MachineLearningProjects/ww-trainer/experiments/hey_mycroft/dataset/negatives/processed/000547.wav
0,1,0.6790,experiments/hey_mycroft/dataset/negatives/not_wake_word_subset/not_wake_word_02989.wav
0,1,0.7125,experiments/hey_mycroft/dataset/negatives/not_wake_word_subset/not_wake_word_03259.wav
0,1,0.7228,experiments/hey_mycroft/dataset/negatives/not_wake_word_subset/not_wake_word_07217.wav
0,1,0.7354,experiments/hey_mycroft/dataset/negatives/not_wake_word_subset/not_wake_word_07745.wav
0,1,0.6230,experiments/hey_mycroft/dataset/negatives/not_wake_word_subset/not_wake_word_03947.wav
0,1,0.6269,experiments/hey_mycroft/dataset/negatives/not_wake_word_subset/not_wake_word_03053.wav
0,1,0.6350,experiments/hey_mycroft/dataset/negatives/not_wake_word_subset/not_wake_word_05664.wav
0,1,0.6372,/home/miro/Workspace/MachineLearningProjects/ww-trainer/experiments/hey_mycroft/dataset/negatives/processed/000828.wav
0,1,0.6517,/home/miro/Workspace/MachineLearningProjects/ww-trainer/experiments/hey_mycroft/dataset/negatives/processed/001742.wav
0,1,0.6846,experiments/hey_mycroft/dataset/negatives/not_wake_word_subset/not_wake_word_01525.wav
0,1,0.6888,experiments/hey_mycroft/dataset/negatives/not_wake_word_subset/not_wake_word_01996.wav
0,1,0.6735,experiments/hey_mycroft/dataset/negatives/not_wake_word_subset/not_wake_word_01731.wav
0,1,0.7035,experiments/hey_mycroft/dataset/negatives/not_wake_word_subset/not_wake_word_00888.wav
0,1,0.6616,experiments/hey_mycroft/dataset/negatives/not_wake_word_subset/not_wake_word_06345.wav
0,1,0.6008,/home/miro/Workspace/MachineLearningProjects/ww-trainer/experiments/hey_mycroft/dataset/negatives/processed/000324.wav
0,1,0.6406,experiments/hey_mycroft/dataset/negatives/not_wake_word_subset/not_wake_word_05265.wav
0,1,0.5382,/home/miro/Workspace/MachineLearningProjects/ww-trainer/experiments/hey_mycroft/dataset/negatives/processed/000150.wav
0,1,0.7412,experiments/hey_mycroft/dataset/negatives/not_wake_word_subset/not_wake_word_02939.wav
0,1,0.6409,experiments/hey_mycroft/dataset/negatives/not_wake_word_subset/not_wake_word_05147.wav
0,1,0.6609,/home/miro/Workspace/MachineLearningProjects/ww-trainer/experiments/hey_mycroft/dataset/negatives/processed/000742.wav
0,1,0.6334,experiments/hey_mycroft/dataset/negatives/not_wake_word_subset/not_wake_word_06383.wav
0,1,0.6154,experiments/hey_mycroft/dataset/negatives/not_wake_word_subset/not_wake_word_06397.wav
0,1,0.6794,/home/miro/Workspace/MachineLearningProjects/ww-trainer/experiments/hey_mycroft/dataset/negatives/processed/001145.wav
0,1,0.6748,experiments/hey_mycroft/dataset/negatives/not_wake_word_subset/not_wake_word_07019.wav
0,1,0.7677,experiments/hey_mycroft/dataset/negatives/not_wake_word_subset/not_wake_word_08859.wav
0,1,0.7336,experiments/hey_mycroft/dataset/negatives/not_wake_word_subset/not_wake_word_07460.wav
0,1,0.7251,experiments/hey_mycroft/dataset/negatives/not_wake_word_subset/not_wake_word_01085.wav
0,1,0.6255,experiments/hey_mycroft/dataset/negatives/not_wake_word_subset/not_wake_word_05821.wav
0,1,0.6902,/home/miro/Workspace/MachineLearningProjects/ww-trainer/experiments/hey_mycroft/dataset/negatives/processed/001407.wav
0,1,0.7009,/home/miro/Workspace/MachineLearningProjects/ww-trainer/experiments/hey_mycroft/dataset/negatives/processed/000083.wav
0,1,0.7533,experiments/hey_mycroft/dataset/negatives/not_wake_word_subset/not_wake_word_01216.wav
0,1,0.6508,experiments/hey_mycroft/dataset/negatives/not_wake_word_subset/not_wake_word_05271.wav
0,1,0.6664,experiments/hey_mycroft/dataset/negatives/not_wake_word_subset/not_wake_word_05490.wav
0,1,0.6389,experiments/hey_mycroft/dataset/negatives/not_wake_word_subset/not_wake_word_01128.wav
0,1,0.7157,experiments/hey_mycroft/dataset/negatives/not_wake_word_subset/not_wake_word_00206.wav
0,1,0.6686,experiments/hey_mycroft/dataset/negatives/not_wake_word_subset/not_wake_word_07478.wav
0,1,0.6443,experiments/hey_mycroft/dataset/negatives/not_wake_word_subset/not_wake_word_05633.wav
0,1,0.7377,experiments/hey_mycroft/dataset/negatives/not_wake_word_subset/not_wake_word_07226.wav
0,1,0.7235,experiments/hey_mycroft/dataset/negatives/not_wake_word_subset/not_wake_word_04334.wav
0,1,0.8299,/home/miro/Workspace/MachineLearningProjects/ww-trainer/experiments/hey_mycroft/dataset/negatives/processed/001948.wav
0,1,0.6911,/home/miro/Workspace/MachineLearningProjects/ww-trainer/experiments/hey_mycroft/dataset/negatives/processed/000669.wav
0,1,0.6856,experiments/hey_mycroft/dataset/negatives/not_wake_word_subset/not_wake_word_01414.wav
0,1,0.7112,/home/miro/Workspace/MachineLearningProjects/ww-trainer/experiments/hey_mycroft/dataset/negatives/processed/000119.wav
0,1,0.6679,experiments/hey_mycroft/dataset/negatives/not_wake_word_subset/not_wake_word_01396.wav
0,1,0.6737,experiments/hey_mycroft/dataset/negatives/not_wake_word_subset/not_wake_word_04480.wav
0,1,0.6233,experiments/hey_mycroft/dataset/negatives/not_wake_word_subset/not_wake_word_03366.wav
0,1,0.7727,/home/miro/Workspace/MachineLearningProjects/ww-trainer/experiments/hey_mycroft/dataset/negatives/processed/001307.wav
0,1,0.5918,/home/miro/Workspace/MachineLearningProjects/ww-trainer/experiments/hey_mycroft/dataset/negatives/processed/000308.wav
0,1,0.5810,experiments/hey_mycroft/dataset/negatives/not_wake_word_subset/not_wake_word_05169.wav
0,1,0.6626,experiments/hey_mycroft/dataset/negatives/not_wake_word_subset/not_wake_word_06808.wav
0,1,0.6866,experiments/hey_mycroft/dataset/negatives/not_wake_word_subset/not_wake_word_00691.wav
0,1,0.7495,/home/miro/Workspace/MachineLearningProjects/ww-trainer/experiments/hey_mycroft/dataset/negatives/processed/001308.wav
0,1,0.6856,experiments/hey_mycroft/dataset/negatives/not_wake_word_subset/not_wake_word_08838.wav
0,1,0.7065,/home/miro/Workspace/MachineLearningProjects/ww-trainer/experiments/hey_mycroft/dataset/negatives/processed/000549.wav
0,1,0.6361,experiments/hey_mycroft/dataset/negatives/not_wake_word_subset/not_wake_word_07340.wav
0,1,0.5949,experiments/hey_mycroft/dataset/negatives/not_wake_word_subset/not_wake_word_03074.wav
0,1,0.6783,experiments/hey_mycroft/dataset/negatives/not_wake_word_subset/not_wake_word_03729.wav
0,1,0.6802,experiments/hey_mycroft/dataset/negatives/not_wake_word_subset/not_wake_word_00535.wav
0,1,0.7149,experiments/hey_mycroft/dataset/negatives/not_wake_word_subset/not_wake_word_05187.wav
0,1,0.6421,experiments/hey_mycroft/dataset/negatives/not_wake_word_subset/not_wake_word_05675.wav
0,1,0.7087,experiments/hey_mycroft/dataset/negatives/not_wake_word_subset/not_wake_word_04376.wav
0,1,0.6440,experiments/hey_mycroft/dataset/negatives/not_wake_word_subset/not_wake_word_07994.wav
0,1,0.7161,experiments/hey_mycroft/dataset/negatives/not_wake_word_subset/not_wake_word_01268.wav
0,1,0.6744,/home/miro/Workspace/MachineLearningProjects/ww-trainer/experiments/hey_mycroft/dataset/negatives/processed/001139.wav
0,1,0.7197,experiments/hey_mycroft/dataset/negatives/not_wake_word_subset/not_wake_word_02607.wav
0,1,0.7013,experiments/hey_mycroft/dataset/negatives/not_wake_word_subset/not_wake_word_03468.wav
0,1,0.7434,experiments/hey_mycroft/dataset/negatives/not_wake_word_subset/not_wake_word_02782.wav
0,1,0.6755,experiments/hey_mycroft/dataset/negatives/not_wake_word_subset/not_wake_word_06977.wav
0,1,0.6643,experiments/hey_mycroft/dataset/negatives/not_wake_word_subset/not_wake_word_08120.wav
0,1,0.6441,experiments/hey_mycroft/dataset/negatives/not_wake_word_subset/not_wake_word_03434.wav
0,1,0.7777,/home/miro/Workspace/MachineLearningProjects/ww-trainer/experiments/hey_mycroft/dataset/negatives/processed/001108.wav
0,1,0.7061,experiments/hey_mycroft/dataset/negatives/not_wake_word_subset/not_wake_word_05245.wav
0,1,0.6393,experiments/hey_mycroft/dataset/negatives/not_wake_word_subset/not_wake_word_06635.wav
0,1,0.6407,experiments/hey_mycroft/dataset/negatives/not_wake_word_subset/not_wake_word_06616.wav
0,1,0.6991,experiments/hey_mycroft/dataset/negatives/not_wake_word_subset/not_wake_word_08723.wav
0,1,0.7586,experiments/hey_mycroft/dataset/negatives/not_wake_word_subset/not_wake_word_08001.wav
0,1,0.7006,experiments/hey_mycroft/dataset/negatives/not_wake_word_subset/not_wake_word_04461.wav
0,1,0.6135,experiments/hey_mycroft/dataset/negatives/not_wake_word_subset/not_wake_word_06692.wav
0,1,0.7330,experiments/hey_mycroft/dataset/negatives/not_wake_word_subset/not_wake_word_03603.wav
0,1,0.8355,/home/miro/Workspace/MachineLearningProjects/ww-trainer/experiments/hey_mycroft/dataset/negatives/processed/001213.wav
0,1,0.7485,/home/miro/Workspace/MachineLearningProjects/ww-trainer/experiments/hey_mycroft/dataset/negatives/processed/001032.wav
0,1,0.7107,experiments/hey_mycroft/dataset/negatives/not_wake_word_subset/not_wake_word_02537.wav
0,1,0.7068,experiments/hey_mycroft/dataset/negatives/not_wake_word_subset/not_wake_word_01194.wav
0,1,0.6797,experiments/hey_mycroft/dataset/negatives/not_wake_word_subset/not_wake_word_03012.wav
0,1,0.6265,experiments/hey_mycroft/dataset/negatives/not_wake_word_subset/not_wake_word_05522.wav
0,1,0.6800,experiments/hey_mycroft/dataset/negatives/not_wake_word_subset/not_wake_word_07087.wav
0,1,0.7143,experiments/hey_mycroft/dataset/negatives/not_wake_word_subset/not_wake_word_02548.wav
0,1,0.6444,experiments/hey_mycroft/dataset/negatives/not_wake_word_subset/not_wake_word_03242.wav
0,1,0.7176,experiments/hey_mycroft/dataset/negatives/not_wake_word_subset/not_wake_word_08524.wav
0,1,0.7303,experiments/hey_mycroft/dataset/negatives/not_wake_word_subset/not_wake_word_03700.wav
0,1,0.6566,/home/miro/Workspace/MachineLearningProjects/ww-trainer/experiments/hey_mycroft/dataset/negatives/processed/000141.wav
0,1,0.7027,experiments/hey_mycroft/dataset/negatives/not_wake_word_subset/not_wake_word_07974.wav
0,1,0.6867,experiments/hey_mycroft/dataset/negatives/not_wake_word_subset/not_wake_word_02561.wav
0,1,0.6995,experiments/hey_mycroft/dataset/negatives/not_wake_word_subset/not_wake_word_03685.wav
0,1,0.6526,/home/miro/Workspace/MachineLearningProjects/ww-trainer/experiments/hey_mycroft/dataset/negatives/processed/000193.wav
0,1,0.6987,experiments/hey_mycroft/dataset/negatives/not_wake_word_subset/not_wake_word_08702.wav
0,1,0.7251,experiments/hey_mycroft/dataset/negatives/not_wake_word_subset/not_wake_word_04942.wav
0,1,0.7111,experiments/hey_mycroft/dataset/negatives/not_wake_word_subset/not_wake_word_01989.wav
0,1,0.5914,experiments/hey_mycroft/dataset/negatives/not_wake_word_subset/not_wake_word_02639.wav
0,1,0.6640,experiments/hey_mycroft/dataset/negatives/not_wake_word_subset/not_wake_word_05591.wav
0,1,0.5517,experiments/hey_mycroft/dataset/negatives/not_wake_word_subset/not_wake_word_02886.wav
0,1,0.6478,experiments/hey_mycroft/dataset/negatives/not_wake_word_subset/not_wake_word_03793.wav
0,1,0.5085,/home/miro/Workspace/MachineLearningProjects/ww-trainer/experiments/hey_mycroft/dataset/negatives/processed/000402.wav
0,1,0.6929,experiments/hey_mycroft/dataset/negatives/not_wake_word_subset/not_wake_word_05385.wav
0,1,0.6353,experiments/hey_mycroft/dataset/negatives/not_wake_word_subset/not_wake_word_08599.wav
0,1,0.6876,experiments/hey_mycroft/dataset/negatives/not_wake_word_subset/not_wake_word_07386.wav
0,1,0.7190,experiments/hey_mycroft/dataset/negatives/not_wake_word_subset/not_wake_word_00408.wav
0,1,0.6453,experiments/hey_mycroft/dataset/negatives/not_wake_word_subset/not_wake_word_08060.wav
0,1,0.6739,experiments/hey_mycroft/dataset/negatives/not_wake_word_subset/not_wake_word_01001.wav
0,1,0.6210,experiments/hey_mycroft/dataset/negatives/not_wake_word_subset/not_wake_word_01121.wav
0,1,0.6886,experiments/hey_mycroft/dataset/negatives/not_wake_word_subset/not_wake_word_08593.wav
0,1,0.6975,experiments/hey_mycroft/dataset/negatives/not_wake_word_subset/not_wake_word_00044.wav
0,1,0.6778,experiments/hey_mycroft/dataset/negatives/not_wake_word_subset/not_wake_word_03186.wav
0,1,0.6968,/home/miro/Workspace/MachineLearningProjects/ww-trainer/experiments/hey_mycroft/dataset/negatives/processed/000427.wav
0,1,0.7199,experiments/hey_mycroft/dataset/negatives/not_wake_word_subset/not_wake_word_02001.wav
0,1,0.6937,/home/miro/Workspace/MachineLearningProjects/ww-trainer/experiments/hey_mycroft/dataset/negatives/processed/000694.wav
0,1,0.7306,experiments/hey_mycroft/dataset/negatives/not_wake_word_subset/not_wake_word_02877.wav
0,1,0.6641,experiments/hey_mycroft/dataset/negatives/not_wake_word_subset/not_wake_word_05314.wav
0,1,0.6078,experiments/hey_mycroft/dataset/negatives/not_wake_word_subset/not_wake_word_08786.wav
0,1,0.6754,experiments/hey_mycroft/dataset/negatives/not_wake_word_subset/not_wake_word_03124.wav
0,1,0.5930,/home/miro/Workspace/MachineLearningProjects/ww-trainer/experiments/hey_mycroft/dataset/negatives/processed/001888.wav
0,1,0.6144,experiments/hey_mycroft/dataset/negatives/not_wake_word_subset/not_wake_word_00696.wav
0,1,0.5542,experiments/hey_mycroft/dataset/negatives/not_wake_word_subset/not_wake_word_00175.wav
0,1,0.7102,experiments/hey_mycroft/dataset/negatives/not_wake_word_subset/not_wake_word_04178.wav
0,1,0.7239,experiments/hey_mycroft/dataset/negatives/not_wake_word_subset/not_wake_word_01313.wav
0,1,0.6823,experiments/hey_mycroft/dataset/negatives/not_wake_word_subset/not_wake_word_01772.wav
0,1,0.6562,experiments/hey_mycroft/dataset/negatives/not_wake_word_subset/not_wake_word_02774.wav
0,1,0.6606,experiments/hey_mycroft/dataset/negatives/not_wake_word_subset/not_wake_word_02272.wav
0,1,0.7064,/home/miro/Workspace/MachineLearningProjects/ww-trainer/experiments/hey_mycroft/dataset/negatives/processed/000845.wav
0,1,0.7459,experiments/hey_mycroft/dataset/negatives/not_wake_word_subset/not_wake_word_01105.wav
0,1,0.7037,experiments/hey_mycroft/dataset/negatives/not_wake_word_subset/not_wake_word_00813.wav
0,1,0.6921,experiments/hey_mycroft/dataset/negatives/not_wake_word_subset/not_wake_word_00122.wav
0,1,0.6899,experiments/hey_mycroft/dataset/negatives/not_wake_word_subset/not_wake_word_07976.wav
0,1,0.6965,experiments/hey_mycroft/dataset/negatives/not_wake_word_subset/not_wake_word_01780.wav
0,1,0.6501,experiments/hey_mycroft/dataset/negatives/not_wake_word_subset/not_wake_word_04372.wav
0,1,0.7031,experiments/hey_mycroft/dataset/negatives/not_wake_word_subset/not_wake_word_05181.wav
0,1,0.6408,experiments/hey_mycroft/dataset/negatives/not_wake_word_subset/not_wake_word_00449.wav
0,1,0.6162,experiments/hey_mycroft/dataset/negatives/not_wake_word_subset/not_wake_word_00728.wav
0,1,0.5087,experiments/hey_mycroft/dataset/negatives/not_wake_word_subset/not_wake_word_05295.wav
0,1,0.6497,experiments/hey_mycroft/dataset/negatives/not_wake_word_subset/not_wake_word_04128.wav
0,1,0.7069,experiments/hey_mycroft/dataset/negatives/not_wake_word_subset/not_wake_word_00843.wav
0,1,0.6183,experiments/hey_mycroft/dataset/negatives/not_wake_word_subset/not_wake_word_00999.wav
0,1,0.6578,/home/miro/Workspace/MachineLearningProjects/ww-trainer/experiments/hey_mycroft/dataset/negatives/processed/000227.wav
0,1,0.5566,experiments/hey_mycroft/dataset/negatives/not_wake_word_subset/not_wake_word_05686.wav
0,1,0.5972,/home/miro/Workspace/MachineLearningProjects/ww-trainer/experiments/hey_mycroft/dataset/negatives/processed/000226.wav
0,1,0.6244,experiments/hey_mycroft/dataset/negatives/not_wake_word_subset/not_wake_word_07706.wav
0,1,0.7093,experiments/hey_mycroft/dataset/negatives/not_wake_word_subset/not_wake_word_01050.wav
0,1,0.6817,/home/miro/Workspace/MachineLearningProjects/ww-trainer/experiments/hey_mycroft/dataset/negatives/processed/000339.wav
0,1,0.6801,experiments/hey_mycroft/dataset/negatives/not_wake_word_subset/not_wake_word_08907.wav
0,1,0.5452,experiments/hey_mycroft/dataset/negatives/not_wake_word_subset/not_wake_word_04825.wav
0,1,0.6685,experiments/hey_mycroft/dataset/negatives/not_wake_word_subset/not_wake_word_00274.wav
0,1,0.6135,experiments/hey_mycroft/dataset/negatives/not_wake_word_subset/not_wake_word_01201.wav
0,1,0.7316,experiments/hey_mycroft/dataset/negatives/not_wake_word_subset/not_wake_word_06724.wav
0,1,0.6579,experiments/hey_mycroft/dataset/negatives/not_wake_word_subset/not_wake_word_02876.wav
0,1,0.6524,/home/miro/Workspace/MachineLearningProjects/ww-trainer/experiments/hey_mycroft/dataset/negatives/processed/000741.wav
0,1,0.5379,experiments/hey_mycroft/dataset/negatives/not_wake_word_subset/not_wake_word_01903.wav
0,1,0.6471,experiments/hey_mycroft/dataset/negatives/not_wake_word_subset/not_wake_word_04835.wav
0,1,0.7438,experiments/hey_mycroft/dataset/negatives/not_wake_word_subset/not_wake_word_01856.wav
0,1,0.6621,experiments/hey_mycroft/dataset/negatives/not_wake_word_subset/not_wake_word_05489.wav
0,1,0.5331,/home/miro/Workspace/MachineLearningProjects/ww-trainer/experiments/hey_mycroft/dataset/negatives/processed/000148.wav
0,1,0.7060,experiments/hey_mycroft/dataset/negatives/not_wake_word_subset/not_wake_word_01853.wav
0,1,0.6650,experiments/hey_mycroft/dataset/negatives/not_wake_word_subset/not_wake_word_01032.wav
0,1,0.6971,experiments/hey_mycroft/dataset/negatives/not_wake_word_subset/not_wake_word_07801.wav
0,1,0.6710,experiments/hey_mycroft/dataset/negatives/not_wake_word_subset/not_wake_word_04157.wav
0,1,0.6354,experiments/hey_mycroft/dataset/negatives/not_wake_word_subset/not_wake_word_00700.wav
0,1,0.6654,experiments/hey_mycroft/dataset/negatives/not_wake_word_subset/not_wake_word_00772.wav
0,1,0.8310,/home/miro/Workspace/MachineLearningProjects/ww-trainer/experiments/hey_mycroft/dataset/negatives/processed/001214.wav
0,1,0.5634,experiments/hey_mycroft/dataset/negatives/not_wake_word_subset/not_wake_word_04640.wav
0,1,0.7038,experiments/hey_mycroft/dataset/negatives/not_wake_word_subset/not_wake_word_07237.wav
0,1,0.6560,experiments/hey_mycroft/dataset/negatives/not_wake_word_subset/not_wake_word_01814.wav
0,1,0.7652,experiments/hey_mycroft/dataset/negatives/not_wake_word_subset/not_wake_word_00372.wav
0,1,0.7207,experiments/hey_mycroft/dataset/negatives/not_wake_word_subset/not_wake_word_07975.wav
0,1,0.6091,/home/miro/Workspace/MachineLearningProjects/ww-trainer/experiments/hey_mycroft/dataset/negatives/processed/000145.wav
0,1,0.5857,experiments/hey_mycroft/dataset/negatives/not_wake_word_subset/not_wake_word_05420.wav
0,1,0.7390,experiments/hey_mycroft/dataset/negatives/not_wake_word_subset/not_wake_word_04280.wav
0,1,0.6956,experiments/hey_mycroft/dataset/negatives/not_wake_word_subset/not_wake_word_07254.wav
0,1,0.6651,experiments/hey_mycroft/dataset/negatives/not_wake_word_subset/not_wake_word_07450.wav
0,1,0.6716,experiments/hey_mycroft/dataset/negatives/not_wake_word_subset/not_wake_word_01807.wav
0,1,0.6071,/home/miro/Workspace/MachineLearningProjects/ww-trainer/experiments/hey_mycroft/dataset/negatives/processed/000740.wav
0,1,0.6982,experiments/hey_mycroft/dataset/negatives/not_wake_word_subset/not_wake_word_02937.wav
0,1,0.5114,/home/miro/Workspace/MachineLearningProjects/ww-trainer/experiments/hey_mycroft/dataset/negatives/processed/001630.wav
0,1,0.6970,experiments/hey_mycroft/dataset/negatives/not_wake_word_subset/not_wake_word_01766.wav
0,1,0.6025,/home/miro/Workspace/MachineLearningProjects/ww-trainer/experiments/hey_mycroft/dataset/negatives/processed/000712.wav
0,1,0.7579,experiments/hey_mycroft/dataset/negatives/not_wake_word_subset/not_wake_word_08433.wav
0,1,0.6875,experiments/hey_mycroft/dataset/negatives/not_wake_word_subset/not_wake_word_00848.wav
0,1,0.6582,experiments/hey_mycroft/dataset/negatives/not_wake_word_subset/not_wake_word_07795.wav
0,1,0.5306,/home/miro/Workspace/MachineLearningProjects/ww-trainer/experiments/hey_mycroft/dataset/negatives/processed/000858.wav
0,1,0.6921,experiments/hey_mycroft/dataset/negatives/not_wake_word_subset/not_wake_word_05443.wav
0,1,0.7331,experiments/hey_mycroft/dataset/negatives/not_wake_word_subset/not_wake_word_05375.wav
0,1,0.6917,experiments/hey_mycroft/dataset/negatives/not_wake_word_subset/not_wake_word_02355.wav
0,1,0.6071,/home/miro/Workspace/MachineLearningProjects/ww-trainer/experiments/hey_mycroft/dataset/negatives/processed/000506.wav
0,1,0.7139,experiments/hey_mycroft/dataset/negatives/not_wake_word_subset/not_wake_word_01251.wav
0,1,0.6914,experiments/hey_mycroft/dataset/negatives/not_wake_word_subset/not_wake_word_07351.wav
0,1,0.7135,experiments/hey_mycroft/dataset/negatives/not_wake_word_subset/not_wake_word_05530.wav
0,1,0.7992,/home/miro/Workspace/MachineLearningProjects/ww-trainer/experiments/hey_mycroft/dataset/negatives/processed/001816.wav
0,1,0.7427,experiments/hey_mycroft/dataset/negatives/not_wake_word_subset/not_wake_word_05719.wav
0,1,0.7391,experiments/hey_mycroft/dataset/negatives/not_wake_word_subset/not_wake_word_03444.wav
0,1,0.6214,experiments/hey_mycroft/dataset/negatives/not_wake_word_subset/not_wake_word_02230.wav
0,1,0.7061,experiments/hey_mycroft/dataset/negatives/not_wake_word_subset/not_wake_word_03139.wav
0,1,0.7033,/home/miro/Workspace/MachineLearningProjects/ww-trainer/experiments/hey_mycroft/dataset/negatives/processed/000816.wav
0,1,0.5090,/home/miro/Workspace/MachineLearningProjects/ww-trainer/experiments/hey_mycroft/dataset/negatives/processed/001660.wav
0,1,0.7335,experiments/hey_mycroft/dataset/negatives/not_wake_word_subset/not_wake_word_01495.wav
0,1,0.7047,experiments/hey_mycroft/dataset/negatives/not_wake_word_subset/not_wake_word_07775.wav
0,1,0.7319,experiments/hey_mycroft/dataset/negatives/not_wake_word_subset/not_wake_word_02887.wav
0,1,0.6222,experiments/hey_mycroft/dataset/negatives/not_wake_word_subset/not_wake_word_01965.wav
0,1,0.6468,experiments/hey_mycroft/dataset/negatives/not_wake_word_subset/not_wake_word_07753.wav
0,1,0.6537,/home/miro/Workspace/MachineLearningProjects/ww-trainer/experiments/hey_mycroft/dataset/negatives/processed/000408.wav
0,1,0.7022,/home/miro/Workspace/MachineLearningProjects/ww-trainer/experiments/hey_mycroft/dataset/negatives/processed/000175.wav
0,1,0.6895,experiments/hey_mycroft/dataset/negatives/not_wake_word_subset/not_wake_word_05907.wav
0,1,0.7087,experiments/hey_mycroft/dataset/negatives/not_wake_word_subset/not_wake_word_01452.wav
0,1,0.6260,experiments/hey_mycroft/dataset/negatives/not_wake_word_subset/not_wake_word_01747.wav
0,1,0.7434,experiments/hey_mycroft/dataset/negatives/not_wake_word_subset/not_wake_word_01762.wav
0,1,0.6341,experiments/hey_mycroft/dataset/negatives/not_wake_word_subset/not_wake_word_07067.wav
0,1,0.7046,/home/miro/Workspace/MachineLearningProjects/ww-trainer/experiments/hey_mycroft/dataset/negatives/processed/000907.wav
0,1,0.7181,experiments/hey_mycroft/dataset/negatives/not_wake_word_subset/not_wake_word_03959.wav
0,1,0.6439,experiments/hey_mycroft/dataset/negatives/not_wake_word_subset/not_wake_word_05729.wav
0,1,0.6365,experiments/hey_mycroft/dataset/negatives/not_wake_word_subset/not_wake_word_03291.wav
0,1,0.6328,experiments/hey_mycroft/dataset/negatives/not_wake_word_subset/not_wake_word_06694.wav
0,1,0.7023,experiments/hey_mycroft/dataset/negatives/not_wake_word_subset/not_wake_word_06292.wav
0,1,0.6166,experiments/hey_mycroft/dataset/negatives/not_wake_word_subset/not_wake_word_06929.wav
0,1,0.6515,/home/miro/Workspace/MachineLearningProjects/ww-trainer/experiments/hey_mycroft/dataset/negatives/processed/000832.wav
0,1,0.7490,experiments/hey_mycroft/dataset/negatives/not_wake_word_subset/not_wake_word_08822.wav
0,1,0.6133,experiments/hey_mycroft/dataset/negatives/not_wake_word_subset/not_wake_word_04048.wav
0,1,0.7319,/home/miro/Workspace/MachineLearningProjects/ww-trainer/experiments/hey_mycroft/dataset/negatives/processed/001225.wav
0,1,0.5587,/home/miro/Workspace/MachineLearningProjects/ww-trainer/experiments/hey_mycroft/dataset/negatives/processed/000464.wav
0,1,0.6463,experiments/hey_mycroft/dataset/negatives/not_wake_word_subset/not_wake_word_03765.wav
0,1,0.6709,experiments/hey_mycroft/dataset/negatives/not_wake_word_subset/not_wake_word_02185.wav
0,1,0.6389,experiments/hey_mycroft/dataset/negatives/not_wake_word_subset/not_wake_word_00764.wav
0,1,0.6932,experiments/hey_mycroft/dataset/negatives/not_wake_word_subset/not_wake_word_01214.wav
0,1,0.6619,experiments/hey_mycroft/dataset/negatives/not_wake_word_subset/not_wake_word_04919.wav
0,1,0.7474,experiments/hey_mycroft/dataset/negatives/not_wake_word_subset/not_wake_word_01714.wav
0,1,0.6856,experiments/hey_mycroft/dataset/negatives/not_wake_word_subset/not_wake_word_00476.wav
0,1,0.7356,experiments/hey_mycroft/dataset/negatives/not_wake_word_subset/not_wake_word_06648.wav
0,1,0.6507,experiments/hey_mycroft/dataset/negatives/not_wake_word_subset/not_wake_word_03250.wav
0,1,0.5090,/home/miro/Workspace/MachineLearningProjects/ww-trainer/experiments/hey_mycroft/dataset/negatives/processed/000517.wav
0,1,0.6817,experiments/hey_mycroft/dataset/negatives/not_wake_word_subset/not_wake_word_02038.wav
0,1,0.6975,experiments/hey_mycroft/dataset/negatives/not_wake_word_subset/not_wake_word_03529.wav
0,1,0.6938,experiments/hey_mycroft/dataset/negatives/not_wake_word_subset/not_wake_word_01230.wav
0,1,0.7792,/home/miro/Workspace/MachineLearningProjects/ww-trainer/experiments/hey_mycroft/dataset/negatives/processed/001098.wav
0,1,0.6871,experiments/hey_mycroft/dataset/negatives/not_wake_word_subset/not_wake_word_07604.wav
0,1,0.6770,experiments/hey_mycroft/dataset/negatives/not_wake_word_subset/not_wake_word_01253.wav
0,1,0.6655,experiments/hey_mycroft/dataset/negatives/not_wake_word_subset/not_wake_word_03609.wav
0,1,0.6906,experiments/hey_mycroft/dataset/negatives/not_wake_word_subset/not_wake_word_05154.wav
0,1,0.6401,experiments/hey_mycroft/dataset/negatives/not_wake_word_subset/not_wake_word_05492.wav
0,1,0.6035,experiments/hey_mycroft/dataset/negatives/not_wake_word_subset/not_wake_word_08347.wav
0,1,0.6473,experiments/hey_mycroft/dataset/negatives/not_wake_word_subset/not_wake_word_00118.wav
0,1,0.6598,experiments/hey_mycroft/dataset/negatives/not_wake_word_subset/not_wake_word_05062.wav
0,1,0.6339,/home/miro/Workspace/MachineLearningProjects/ww-trainer/experiments/hey_mycroft/dataset/negatives/processed/000336.wav
0,1,0.5293,/home/miro/Workspace/MachineLearningProjects/ww-trainer/experiments/hey_mycroft/dataset/negatives/processed/000195.wav
0,1,0.6945,experiments/hey_mycroft/dataset/negatives/not_wake_word_subset/not_wake_word_04294.wav
0,1,0.6916,experiments/hey_mycroft/dataset/negatives/not_wake_word_subset/not_wake_word_04309.wav
0,1,0.5420,experiments/hey_mycroft/dataset/negatives/not_wake_word_subset/not_wake_word_02287.wav
0,1,0.6543,experiments/hey_mycroft/dataset/negatives/not_wake_word_subset/not_wake_word_01408.wav
0,1,0.6868,experiments/hey_mycroft/dataset/negatives/not_wake_word_subset/not_wake_word_06992.wav
0,1,0.6417,experiments/hey_mycroft/dataset/negatives/not_wake_word_subset/not_wake_word_04452.wav
0,1,0.7461,experiments/hey_mycroft/dataset/negatives/not_wake_word_subset/not_wake_word_01513.wav
0,1,0.5832,experiments/hey_mycroft/dataset/negatives/not_wake_word_subset/not_wake_word_08558.wav
0,1,0.5451,experiments/hey_mycroft/dataset/negatives/not_wake_word_subset/not_wake_word_00388.wav
0,1,0.6758,experiments/hey_mycroft/dataset/negatives/not_wake_word_subset/not_wake_word_07613.wav
0,1,0.5951,/home/miro/Workspace/MachineLearningProjects/ww-trainer/experiments/hey_mycroft/dataset/negatives/processed/000351.wav
0,1,0.6186,experiments/hey_mycroft/dataset/negatives/not_wake_word_subset/not_wake_word_06595.wav
0,1,0.6946,experiments/hey_mycroft/dataset/negatives/not_wake_word_subset/not_wake_word_07787.wav
0,1,0.6377,experiments/hey_mycroft/dataset/negatives/not_wake_word_subset/not_wake_word_01935.wav
0,1,0.6547,experiments/hey_mycroft/dataset/negatives/not_wake_word_subset/not_wake_word_07142.wav
0,1,0.6653,experiments/hey_mycroft/dataset/negatives/not_wake_word_subset/not_wake_word_08974.wav
0,1,0.6527,/home/miro/Workspace/MachineLearningProjects/ww-trainer/experiments/hey_mycroft/dataset/negatives/processed/001319.wav
0,1,0.5834,/home/miro/Workspace/MachineLearningProjects/ww-trainer/experiments/hey_mycroft/dataset/negatives/processed/000345.wav
0,1,0.7599,experiments/hey_mycroft/dataset/negatives/not_wake_word_subset/not_wake_word_00518.wav
0,1,0.6748,experiments/hey_mycroft/dataset/negatives/not_wake_word_subset/not_wake_word_06179.wav
0,1,0.7103,experiments/hey_mycroft/dataset/negatives/not_wake_word_subset/not_wake_word_04682.wav
0,1,0.6742,experiments/hey_mycroft/dataset/negatives/not_wake_word_subset/not_wake_word_04729.wav
0,1,0.6538,experiments/hey_mycroft/dataset/negatives/not_wake_word_subset/not_wake_word_04555.wav
0,1,0.6839,/home/miro/Workspace/MachineLearningProjects/ww-trainer/experiments/hey_mycroft/dataset/negatives/processed/001889.wav
0,1,0.6321,experiments/hey_mycroft/dataset/negatives/not_wake_word_subset/not_wake_word_06736.wav
0,1,0.6052,/home/miro/Workspace/MachineLearningProjects/ww-trainer/experiments/hey_mycroft/dataset/negatives/processed/000068.wav
0,1,0.5949,/home/miro/Workspace/MachineLearningProjects/ww-trainer/experiments/hey_mycroft/dataset/negatives/processed/000088.wav
0,1,0.6291,experiments/hey_mycroft/dataset/negatives/not_wake_word_subset/not_wake_word_08480.wav
0,1,0.6724,/home/miro/Workspace/MachineLearningProjects/ww-trainer/experiments/hey_mycroft/dataset/negatives/processed/001737.wav
0,1,0.6456,experiments/hey_mycroft/dataset/negatives/not_wake_word_subset/not_wake_word_02504.wav
0,1,0.6817,experiments/hey_mycroft/dataset/negatives/not_wake_word_subset/not_wake_word_06127.wav
0,1,0.5322,/home/miro/Workspace/MachineLearningProjects/ww-trainer/experiments/hey_mycroft/dataset/negatives/processed/001300.wav
0,1,0.6801,experiments/hey_mycroft/dataset/negatives/not_wake_word_subset/not_wake_word_07453.wav
0,1,0.6530,experiments/hey_mycroft/dataset/negatives/not_wake_word_subset/not_wake_word_07439.wav
0,1,0.7203,experiments/hey_mycroft/dataset/negatives/not_wake_word_subset/not_wake_word_06842.wav
0,1,0.6796,experiments/hey_mycroft/dataset/negatives/not_wake_word_subset/not_wake_word_02560.wav
0,1,0.6607,experiments/hey_mycroft/dataset/negatives/not_wake_word_subset/not_wake_word_02882.wav
0,1,0.7354,experiments/hey_mycroft/dataset/negatives/not_wake_word_subset/not_wake_word_05282.wav
0,1,0.7542,experiments/hey_mycroft/dataset/negatives/not_wake_word_subset/not_wake_word_07196.wav
0,1,0.5483,/home/miro/Workspace/MachineLearningProjects/ww-trainer/experiments/hey_mycroft/dataset/negatives/processed/001257.wav
0,1,0.6895,experiments/hey_mycroft/dataset/negatives/not_wake_word_subset/not_wake_word_08549.wav
0,1,0.7034,experiments/hey_mycroft/dataset/negatives/not_wake_word_subset/not_wake_word_03902.wav
0,1,0.6093,experiments/hey_mycroft/dataset/negatives/not_wake_word_subset/not_wake_word_02966.wav
0,1,0.6951,experiments/hey_mycroft/dataset/negatives/not_wake_word_subset/not_wake_word_03678.wav
0,1,0.7398,/home/miro/Workspace/MachineLearningProjects/ww-trainer/experiments/hey_mycroft/dataset/negatives/processed/001690.wav
0,1,0.7203,/home/miro/Workspace/MachineLearningProjects/ww-trainer/experiments/hey_mycroft/dataset/negatives/processed/001288.wav
0,1,0.6757,/home/miro/Workspace/MachineLearningProjects/ww-trainer/experiments/hey_mycroft/dataset/negatives/processed/000228.wav
0,1,0.6509,experiments/hey_mycroft/dataset/negatives/not_wake_word_subset/not_wake_word_01321.wav
0,1,0.6503,experiments/hey_mycroft/dataset/negatives/not_wake_word_subset/not_wake_word_04854.wav
0,1,0.6159,experiments/hey_mycroft/dataset/negatives/not_wake_word_subset/not_wake_word_04596.wav
0,1,0.6751,experiments/hey_mycroft/dataset/negatives/not_wake_word_subset/not_wake_word_05689.wav
0,1,0.6999,experiments/hey_mycroft/dataset/negatives/not_wake_word_subset/not_wake_word_02971.wav
0,1,0.6368,experiments/hey_mycroft/dataset/negatives/not_wake_word_subset/not_wake_word_04787.wav
0,1,0.7031,experiments/hey_mycroft/dataset/negatives/not_wake_word_subset/not_wake_word_08012.wav
0,1,0.6557,experiments/hey_mycroft/dataset/negatives/not_wake_word_subset/not_wake_word_06355.wav
0,1,0.6698,experiments/hey_mycroft/dataset/negatives/not_wake_word_subset/not_wake_word_06079.wav
0,1,0.6991,experiments/hey_mycroft/dataset/negatives/not_wake_word_subset/not_wake_word_04495.wav
0,1,0.7353,experiments/hey_mycroft/dataset/negatives/not_wake_word_subset/not_wake_word_05655.wav
0,1,0.7375,experiments/hey_mycroft/dataset/negatives/not_wake_word_subset/not_wake_word_01265.wav
0,1,0.7266,experiments/hey_mycroft/dataset/negatives/not_wake_word_subset/not_wake_word_02595.wav
0,1,0.7129,experiments/hey_mycroft/dataset/negatives/not_wake_word_subset/not_wake_word_04910.wav
0,1,0.5899,experiments/hey_mycroft/dataset/negatives/not_wake_word_subset/not_wake_word_03594.wav
0,1,0.6972,experiments/hey_mycroft/dataset/negatives/not_wake_word_subset/not_wake_word_05906.wav
0,1,0.7351,experiments/hey_mycroft/dataset/negatives/not_wake_word_subset/not_wake_word_07750.wav
0,1,0.6857,experiments/hey_mycroft/dataset/negatives/not_wake_word_subset/not_wake_word_00983.wav
0,1,0.6721,/home/miro/Workspace/MachineLearningProjects/ww-trainer/experiments/hey_mycroft/dataset/negatives/processed/001911.wav
0,1,0.6995,experiments/hey_mycroft/dataset/negatives/not_wake_word_subset/not_wake_word_05681.wav
0,1,0.7013,experiments/hey_mycroft/dataset/negatives/not_wake_word_subset/not_wake_word_04561.wav
0,1,0.6507,experiments/hey_mycroft/dataset/negatives/not_wake_word_subset/not_wake_word_07752.wav
0,1,0.7001,experiments/hey_mycroft/dataset/negatives/not_wake_word_subset/not_wake_word_04885.wav
0,1,0.6867,experiments/hey_mycroft/dataset/negatives/not_wake_word_subset/not_wake_word_08022.wav
0,1,0.7311,experiments/hey_mycroft/dataset/negatives/not_wake_word_subset/not_wake_word_01138.wav
0,1,0.7076,experiments/hey_mycroft/dataset/negatives/not_wake_word_subset/not_wake_word_07131.wav
0,1,0.6798,/home/miro/Workspace/MachineLearningProjects/ww-trainer/experiments/hey_mycroft/dataset/negatives/processed/000029.wav
0,1,0.5665,/home/miro/Workspace/MachineLearningProjects/ww-trainer/experiments/hey_mycroft/dataset/negatives/processed/000027.wav
0,1,0.7184,experiments/hey_mycroft/dataset/negatives/not_wake_word_subset/not_wake_word_06816.wav
0,1,0.6897,experiments/hey_mycroft/dataset/negatives/not_wake_word_subset/not_wake_word_05977.wav
0,1,0.6134,/home/miro/Workspace/MachineLearningProjects/ww-trainer/experiments/hey_mycroft/dataset/negatives/processed/000365.wav
0,1,0.6831,experiments/hey_mycroft/dataset/negatives/not_wake_word_subset/not_wake_word_08972.wav
0,1,0.6530,experiments/hey_mycroft/dataset/negatives/not_wake_word_subset/not_wake_word_01941.wav
0,1,0.6883,experiments/hey_mycroft/dataset/negatives/not_wake_word_subset/not_wake_word_06287.wav
0,1,0.7014,experiments/hey_mycroft/dataset/negatives/not_wake_word_subset/not_wake_word_05173.wav
0,1,0.6604,experiments/hey_mycroft/dataset/negatives/not_wake_word_subset/not_wake_word_05379.wav
0,1,0.6956,experiments/hey_mycroft/dataset/negatives/not_wake_word_subset/not_wake_word_00130.wav
0,1,0.6968,experiments/hey_mycroft/dataset/negatives/not_wake_word_subset/not_wake_word_00602.wav
0,1,0.6521,experiments/hey_mycroft/dataset/negatives/not_wake_word_subset/not_wake_word_00751.wav
0,1,0.6688,experiments/hey_mycroft/dataset/negatives/not_wake_word_subset/not_wake_word_00959.wav
0,1,0.5662,experiments/hey_mycroft/dataset/negatives/not_wake_word_subset/not_wake_word_04182.wav
0,1,0.6678,experiments/hey_mycroft/dataset/negatives/not_wake_word_subset/not_wake_word_00608.wav
0,1,0.6350,experiments/hey_mycroft/dataset/negatives/not_wake_word_subset/not_wake_word_03021.wav
0,1,0.7400,experiments/hey_mycroft/dataset/negatives/not_wake_word_subset/not_wake_word_04058.wav
0,1,0.6271,experiments/hey_mycroft/dataset/negatives/not_wake_word_subset/not_wake_word_04875.wav
0,1,0.6552,experiments/hey_mycroft/dataset/negatives/not_wake_word_subset/not_wake_word_08166.wav
0,1,0.6573,/home/miro/Workspace/MachineLearningProjects/ww-trainer/experiments/hey_mycroft/dataset/negatives/processed/000564.wav
0,1,0.5314,/home/miro/Workspace/MachineLearningProjects/ww-trainer/experiments/hey_mycroft/dataset/negatives/processed/000002.wav
0,1,0.5113,experiments/hey_mycroft/dataset/negatives/not_wake_word_subset/not_wake_word_01164.wav
0,1,0.6150,experiments/hey_mycroft/dataset/negatives/not_wake_word_subset/not_wake_word_00067.wav
0,1,0.7429,experiments/hey_mycroft/dataset/negatives/not_wake_word_subset/not_wake_word_02476.wav
0,1,0.6449,experiments/hey_mycroft/dataset/negatives/not_wake_word_subset/not_wake_word_05931.wav
0,1,0.5641,experiments/hey_mycroft/dataset/negatives/not_wake_word_subset/not_wake_word_05145.wav
0,1,0.6673,experiments/hey_mycroft/dataset/negatives/not_wake_word_subset/not_wake_word_01393.wav
0,1,0.5855,experiments/hey_mycroft/dataset/negatives/not_wake_word_subset/not_wake_word_05577.wav
0,1,0.7125,experiments/hey_mycroft/dataset/negatives/not_wake_word_subset/not_wake_word_02663.wav
0,1,0.6522,/home/miro/Workspace/MachineLearningProjects/ww-trainer/experiments/hey_mycroft/dataset/negatives/processed/000330.wav
0,1,0.5816,experiments/hey_mycroft/dataset/negatives/not_wake_word_subset/not_wake_word_04570.wav
0,1,0.7024,experiments/hey_mycroft/dataset/negatives/not_wake_word_subset/not_wake_word_01838.wav
0,1,0.6066,experiments/hey_mycroft/dataset/negatives/not_wake_word_subset/not_wake_word_08667.wav
0,1,0.6800,experiments/hey_mycroft/dataset/negatives/not_wake_word_subset/not_wake_word_03596.wav
0,1,0.6100,experiments/hey_mycroft/dataset/negatives/not_wake_word_subset/not_wake_word_07754.wav
0,1,0.6476,experiments/hey_mycroft/dataset/negatives/not_wake_word_subset/not_wake_word_02532.wav
0,1,0.6050,experiments/hey_mycroft/dataset/negatives/not_wake_word_subset/not_wake_word_07246.wav
0,1,0.6258,experiments/hey_mycroft/dataset/negatives/not_wake_word_subset/not_wake_word_01174.wav
0,1,0.6324,experiments/hey_mycroft/dataset/negatives/not_wake_word_subset/not_wake_word_00467.wav
0,1,0.7397,experiments/hey_mycroft/dataset/negatives/not_wake_word_subset/not_wake_word_05463.wav
0,1,0.6476,/home/miro/Workspace/MachineLearningProjects/ww-trainer/experiments/hey_mycroft/dataset/negatives/processed/000697.wav
0,1,0.7507,experiments/hey_mycroft/dataset/negatives/not_wake_word_subset/not_wake_word_06677.wav
0,1,0.6406,/home/miro/Workspace/MachineLearningProjects/ww-trainer/experiments/hey_mycroft/dataset/negatives/processed/000812.wav
0,1,0.7610,experiments/hey_mycroft/dataset/negatives/not_wake_word_subset/not_wake_word_05744.wav
0,1,0.5594,experiments/hey_mycroft/dataset/negatives/not_wake_word_subset/not_wake_word_04805.wav
0,1,0.6911,/home/miro/Workspace/MachineLearningProjects/ww-trainer/experiments/hey_mycroft/dataset/negatives/processed/000669.wav
0,1,0.7478,experiments/hey_mycroft/dataset/negatives/not_wake_word_subset/not_wake_word_02750.wav
0,1,0.7088,experiments/hey_mycroft/dataset/negatives/not_wake_word_subset/not_wake_word_05273.wav
0,1,0.6092,experiments/hey_mycroft/dataset/negatives/not_wake_word_subset/not_wake_word_01233.wav
0,1,0.7100,experiments/hey_mycroft/dataset/negatives/not_wake_word_subset/not_wake_word_04684.wav
0,1,0.6664,experiments/hey_mycroft/dataset/negatives/not_wake_word_subset/not_wake_word_00401.wav
0,1,0.5218,/home/miro/Workspace/MachineLearningProjects/ww-trainer/experiments/hey_mycroft/dataset/negatives/processed/000371.wav
0,1,0.5818,/home/miro/Workspace/MachineLearningProjects/ww-trainer/experiments/hey_mycroft/dataset/negatives/processed/001406.wav
0,1,0.7622,experiments/hey_mycroft/dataset/negatives/not_wake_word_subset/not_wake_word_06212.wav
0,1,0.7299,experiments/hey_mycroft/dataset/negatives/not_wake_word_subset/not_wake_word_06830.wav
0,1,0.7027,experiments/hey_mycroft/dataset/negatives/not_wake_word_subset/not_wake_word_02705.wav
0,1,0.7127,experiments/hey_mycroft/dataset/negatives/not_wake_word_subset/not_wake_word_02902.wav
0,1,0.6876,experiments/hey_mycroft/dataset/negatives/not_wake_word_subset/not_wake_word_00550.wav
0,1,0.5652,experiments/hey_mycroft/dataset/negatives/not_wake_word_subset/not_wake_word_02148.wav
0,1,0.6316,experiments/hey_mycroft/dataset/negatives/not_wake_word_subset/not_wake_word_07652.wav
0,1,0.6858,experiments/hey_mycroft/dataset/negatives/not_wake_word_subset/not_wake_word_08422.wav
0,1,0.6578,experiments/hey_mycroft/dataset/negatives/not_wake_word_subset/not_wake_word_00741.wav
0,1,0.7218,experiments/hey_mycroft/dataset/negatives/not_wake_word_subset/not_wake_word_06344.wav
0,1,0.7220,experiments/hey_mycroft/dataset/negatives/not_wake_word_subset/not_wake_word_01376.wav
0,1,0.5976,experiments/hey_mycroft/dataset/negatives/not_wake_word_subset/not_wake_word_07462.wav
0,1,0.5499,experiments/hey_mycroft/dataset/negatives/not_wake_word_subset/not_wake_word_07459.wav
0,1,0.6897,experiments/hey_mycroft/dataset/negatives/not_wake_word_subset/not_wake_word_08349.wav
0,1,0.7126,experiments/hey_mycroft/dataset/negatives/not_wake_word_subset/not_wake_word_05414.wav
0,1,0.6726,experiments/hey_mycroft/dataset/negatives/not_wake_word_subset/not_wake_word_03506.wav
0,1,0.6722,experiments/hey_mycroft/dataset/negatives/not_wake_word_subset/not_wake_word_06592.wav
0,1,0.6543,experiments/hey_mycroft/dataset/negatives/not_wake_word_subset/not_wake_word_07446.wav
0,1,0.7257,experiments/hey_mycroft/dataset/negatives/not_wake_word_subset/not_wake_word_06918.wav
0,1,0.6824,experiments/hey_mycroft/dataset/negatives/not_wake_word_subset/not_wake_word_01573.wav
0,1,0.7197,experiments/hey_mycroft/dataset/negatives/not_wake_word_subset/not_wake_word_02224.wav
0,1,0.6480,/home/miro/Workspace/MachineLearningProjects/ww-trainer/experiments/hey_mycroft/dataset/negatives/processed/000313.wav
0,1,0.7183,experiments/hey_mycroft/dataset/negatives/not_wake_word_subset/not_wake_word_00252.wav
0,1,0.5368,/home/miro/Workspace/MachineLearningProjects/ww-trainer/experiments/hey_mycroft/dataset/negatives/processed/000996.wav
0,1,0.6754,experiments/hey_mycroft/dataset/negatives/not_wake_word_subset/not_wake_word_04375.wav
0,1,0.7289,experiments/hey_mycroft/dataset/negatives/not_wake_word_subset/not_wake_word_04074.wav
0,1,0.6294,experiments/hey_mycroft/dataset/negatives/not_wake_word_subset/not_wake_word_01528.wav
0,1,0.6993,experiments/hey_mycroft/dataset/negatives/not_wake_word_subset/not_wake_word_07124.wav
0,1,0.7136,experiments/hey_mycroft/dataset/negatives/not_wake_word_subset/not_wake_word_04531.wav
0,1,0.6581,experiments/hey_mycroft/dataset/negatives/not_wake_word_subset/not_wake_word_04115.wav
0,1,0.7160,experiments/hey_mycroft/dataset/negatives/not_wake_word_subset/not_wake_word_03497.wav
0,1,0.7164,experiments/hey_mycroft/dataset/negatives/not_wake_word_subset/not_wake_word_08677.wav
0,1,0.6362,experiments/hey_mycroft/dataset/negatives/not_wake_word_subset/not_wake_word_00256.wav
0,1,0.7332,/home/miro/Workspace/MachineLearningProjects/ww-trainer/experiments/hey_mycroft/dataset/negatives/processed/000829.wav
0,1,0.6180,/home/miro/Workspace/MachineLearningProjects/ww-trainer/experiments/hey_mycroft/dataset/negatives/processed/000213.wav
0,1,0.6313,experiments/hey_mycroft/dataset/negatives/not_wake_word_subset/not_wake_word_02352.wav
0,1,0.7388,experiments/hey_mycroft/dataset/negatives/not_wake_word_subset/not_wake_word_05558.wav
0,1,0.6392,experiments/hey_mycroft/dataset/negatives/not_wake_word_subset/not_wake_word_07360.wav
0,1,0.6011,/home/miro/Workspace/MachineLearningProjects/ww-trainer/experiments/hey_mycroft/dataset/negatives/processed/001070.wav
0,1,0.6980,experiments/hey_mycroft/dataset/negatives/not_wake_word_subset/not_wake_word_02481.wav
0,1,0.7603,experiments/hey_mycroft/dataset/negatives/not_wake_word_subset/not_wake_word_08815.wav
0,1,0.6792,experiments/hey_mycroft/dataset/negatives/not_wake_word_subset/not_wake_word_07240.wav
0,1,0.6430,experiments/hey_mycroft/dataset/negatives/not_wake_word_subset/not_wake_word_04036.wav
0,1,0.7160,experiments/hey_mycroft/dataset/negatives/not_wake_word_subset/not_wake_word_05597.wav
0,1,0.6915,experiments/hey_mycroft/dataset/negatives/not_wake_word_subset/not_wake_word_06120.wav
0,1,0.7044,/home/miro/Workspace/MachineLearningProjects/ww-trainer/experiments/hey_mycroft/dataset/negatives/processed/001469.wav
0,1,0.7170,experiments/hey_mycroft/dataset/negatives/not_wake_word_subset/not_wake_word_04263.wav
0,1,0.5880,experiments/hey_mycroft/dataset/negatives/not_wake_word_subset/not_wake_word_00445.wav
0,1,0.6473,/home/miro/Workspace/MachineLearningProjects/ww-trainer/experiments/hey_mycroft/dataset/negatives/processed/000676.wav
0,1,0.6626,experiments/hey_mycroft/dataset/negatives/not_wake_word_subset/not_wake_word_08485.wav
0,1,0.6707,experiments/hey_mycroft/dataset/negatives/not_wake_word_subset/not_wake_word_05422.wav
0,1,0.7346,experiments/hey_mycroft/dataset/negatives/not_wake_word_subset/not_wake_word_06190.wav
0,1,0.6353,experiments/hey_mycroft/dataset/negatives/not_wake_word_subset/not_wake_word_00097.wav
0,1,0.6008,/home/miro/Workspace/MachineLearningProjects/ww-trainer/experiments/hey_mycroft/dataset/negatives/processed/000324.wav
0,1,0.6621,/home/miro/Workspace/MachineLearningProjects/ww-trainer/experiments/hey_mycroft/dataset/negatives/processed/000733.wav
0,1,0.7264,experiments/hey_mycroft/dataset/negatives/not_wake_word_subset/not_wake_word_08290.wav
0,1,0.6514,experiments/hey_mycroft/dataset/negatives/not_wake_word_subset/not_wake_word_07479.wav
0,1,0.6861,/home/miro/Workspace/MachineLearningProjects/ww-trainer/experiments/hey_mycroft/dataset/negatives/processed/000054.wav
0,1,0.7070,experiments/hey_mycroft/dataset/negatives/not_wake_word_subset/not_wake_word_01189.wav
0,1,0.7016,/home/miro/Workspace/MachineLearningProjects/ww-trainer/experiments/hey_mycroft/dataset/negatives/processed/001144.wav
0,1,0.6903,experiments/hey_mycroft/dataset/negatives/not_wake_word_subset/not_wake_word_05615.wav
0,1,0.6605,experiments/hey_mycroft/dataset/negatives/not_wake_word_subset/not_wake_word_00054.wav
0,1,0.7085,experiments/hey_mycroft/dataset/negatives/not_wake_word_subset/not_wake_word_05757.wav
0,1,0.6234,experiments/hey_mycroft/dataset/negatives/not_wake_word_subset/not_wake_word_08218.wav
0,1,0.7447,experiments/hey_mycroft/dataset/negatives/not_wake_word_subset/not_wake_word_06457.wav
0,1,0.6891,experiments/hey_mycroft/dataset/negatives/not_wake_word_subset/not_wake_word_05834.wav
0,1,0.6589,experiments/hey_mycroft/dataset/negatives/not_wake_word_subset/not_wake_word_08909.wav
0,1,0.7210,experiments/hey_mycroft/dataset/negatives/not_wake_word_subset/not_wake_word_07080.wav
0,1,0.7271,experiments/hey_mycroft/dataset/negatives/not_wake_word_subset/not_wake_word_06542.wav
0,1,0.6626,/home/miro/Workspace/MachineLearningProjects/ww-trainer/experiments/hey_mycroft/dataset/negatives/processed/000501.wav
0,1,0.7101,experiments/hey_mycroft/dataset/negatives/not_wake_word_subset/not_wake_word_06466.wav
0,1,0.6247,experiments/hey_mycroft/dataset/negatives/not_wake_word_subset/not_wake_word_08201.wav
0,1,0.6577,experiments/hey_mycroft/dataset/negatives/not_wake_word_subset/not_wake_word_03517.wav
0,1,0.7062,experiments/hey_mycroft/dataset/negatives/not_wake_word_subset/not_wake_word_08452.wav
0,1,0.6858,experiments/hey_mycroft/dataset/negatives/not_wake_word_subset/not_wake_word_04755.wav
0,1,0.7293,experiments/hey_mycroft/dataset/negatives/not_wake_word_subset/not_wake_word_03875.wav
0,1,0.5990,/home/miro/Workspace/MachineLearningProjects/ww-trainer/experiments/hey_mycroft/dataset/negatives/processed/000671.wav
0,1,0.7420,experiments/hey_mycroft/dataset/negatives/not_wake_word_subset/not_wake_word_06372.wav
0,1,0.7702,experiments/hey_mycroft/dataset/negatives/not_wake_word_subset/not_wake_word_02565.wav
0,1,0.7109,experiments/hey_mycroft/dataset/negatives/not_wake_word_subset/not_wake_word_00410.wav
0,1,0.6561,experiments/hey_mycroft/dataset/negatives/not_wake_word_subset/not_wake_word_05380.wav
0,1,0.7804,/home/miro/Workspace/MachineLearningProjects/ww-trainer/experiments/hey_mycroft/dataset/negatives/processed/001083.wav
0,1,0.6931,experiments/hey_mycroft/dataset/negatives/not_wake_word_subset/not_wake_word_06731.wav
0,1,0.6915,/home/miro/Workspace/MachineLearningProjects/ww-trainer/experiments/hey_mycroft/dataset/negatives/processed/001227.wav
0,1,0.5918,/home/miro/Workspace/MachineLearningProjects/ww-trainer/experiments/hey_mycroft/dataset/negatives/processed/000308.wav
0,1,0.7178,experiments/hey_mycroft/dataset/negatives/not_wake_word_subset/not_wake_word_04070.wav
0,1,0.6889,/home/miro/Workspace/MachineLearningProjects/ww-trainer/experiments/hey_mycroft/dataset/negatives/processed/000316.wav
0,1,0.6164,experiments/hey_mycroft/dataset/negatives/not_wake_word_subset/not_wake_word_03987.wav
0,1,0.7190,experiments/hey_mycroft/dataset/negatives/not_wake_word_subset/not_wake_word_00283.wav
0,1,0.6835,experiments/hey_mycroft/dataset/negatives/not_wake_word_subset/not_wake_word_06933.wav
0,1,0.6732,/home/miro/Workspace/MachineLearningProjects/ww-trainer/experiments/hey_mycroft/dataset/negatives/processed/000749.wav
0,1,0.5005,/home/miro/Workspace/MachineLearningProjects/ww-trainer/experiments/hey_mycroft/dataset/negatives/processed/000071.wav
0,1,0.7105,experiments/hey_mycroft/dataset/negatives/not_wake_word_subset/not_wake_word_03122.wav
0,1,0.7167,experiments/hey_mycroft/dataset/negatives/not_wake_word_subset/not_wake_word_00686.wav
0,1,0.7240,experiments/hey_mycroft/dataset/negatives/not_wake_word_subset/not_wake_word_01435.wav
0,1,0.6226,experiments/hey_mycroft/dataset/negatives/not_wake_word_subset/not_wake_word_08880.wav
0,1,0.6174,experiments/hey_mycroft/dataset/negatives/not_wake_word_subset/not_wake_word_02997.wav
0,1,0.6336,experiments/hey_mycroft/dataset/negatives/not_wake_word_subset/not_wake_word_07042.wav
0,1,0.7433,experiments/hey_mycroft/dataset/negatives/not_wake_word_subset/not_wake_word_05607.wav
0,1,0.6239,experiments/hey_mycroft/dataset/negatives/not_wake_word_subset/not_wake_word_05281.wav
0,1,0.7067,experiments/hey_mycroft/dataset/negatives/not_wake_word_subset/not_wake_word_07507.wav
0,1,0.6482,experiments/hey_mycroft/dataset/negatives/not_wake_word_subset/not_wake_word_00849.wav
0,1,0.6592,experiments/hey_mycroft/dataset/negatives/not_wake_word_subset/not_wake_word_03471.wav
0,1,0.6448,experiments/hey_mycroft/dataset/negatives/not_wake_word_subset/not_wake_word_06685.wav
0,1,0.6792,/home/miro/Workspace/MachineLearningProjects/ww-trainer/experiments/hey_mycroft/dataset/negatives/processed/000340.wav
0,1,0.7143,experiments/hey_mycroft/dataset/negatives/not_wake_word_subset/not_wake_word_03815.wav
0,1,0.7236,experiments/hey_mycroft/dataset/negatives/not_wake_word_subset/not_wake_word_01034.wav
0,1,0.6758,experiments/hey_mycroft/dataset/negatives/not_wake_word_subset/not_wake_word_02941.wav
0,1,0.6356,experiments/hey_mycroft/dataset/negatives/not_wake_word_subset/not_wake_word_03570.wav
0,1,0.6682,experiments/hey_mycroft/dataset/negatives/not_wake_word_subset/not_wake_word_02590.wav
0,1,0.6598,experiments/hey_mycroft/dataset/negatives/not_wake_word_subset/not_wake_word_02092.wav
0,1,0.7784,experiments/hey_mycroft/dataset/negatives/not_wake_word_subset/not_wake_word_05294.wav
0,1,0.7200,experiments/hey_mycroft/dataset/negatives/not_wake_word_subset/not_wake_word_06942.wav
0,1,0.5536,/home/miro/Workspace/MachineLearningProjects/ww-trainer/experiments/hey_mycroft/dataset/negatives/processed/000303.wav
0,1,0.6068,experiments/hey_mycroft/dataset/negatives/not_wake_word_subset/not_wake_word_03879.wav
0,1,0.6397,experiments/hey_mycroft/dataset/negatives/not_wake_word_subset/not_wake_word_03789.wav
0,1,0.7521,/home/miro/Workspace/MachineLearningProjects/ww-trainer/experiments/hey_mycroft/dataset/negatives/processed/001006.wav
0,1,0.6726,experiments/hey_mycroft/dataset/negatives/not_wake_word_subset/not_wake_word_07701.wav
0,1,0.6683,experiments/hey_mycroft/dataset/negatives/not_wake_word_subset/not_wake_word_02831.wav
0,1,0.7147,experiments/hey_mycroft/dataset/negatives/not_wake_word_subset/not_wake_word_09015.wav
0,1,0.6020,experiments/hey_mycroft/dataset/negatives/not_wake_word_subset/not_wake_word_07934.wav
0,1,0.7063,experiments/hey_mycroft/dataset/negatives/not_wake_word_subset/not_wake_word_03121.wav
0,1,0.7343,experiments/hey_mycroft/dataset/negatives/not_wake_word_subset/not_wake_word_02239.wav
0,1,0.5563,/home/miro/Workspace/MachineLearningProjects/ww-trainer/experiments/hey_mycroft/dataset/negatives/processed/000078.wav
0,1,0.7552,experiments/hey_mycroft/dataset/negatives/not_wake_word_subset/not_wake_word_00171.wav
0,1,0.6612,experiments/hey_mycroft/dataset/negatives/not_wake_word_subset/not_wake_word_07644.wav
0,1,0.5508,/home/miro/Workspace/MachineLearningProjects/ww-trainer/experiments/hey_mycroft/dataset/negatives/processed/000354.wav
0,1,0.6350,experiments/hey_mycroft/dataset/negatives/not_wake_word_subset/not_wake_word_00305.wav
0,1,0.5049,experiments/hey_mycroft/dataset/negatives/not_wake_word_subset/not_wake_word_05077.wav
0,1,0.6663,experiments/hey_mycroft/dataset/negatives/not_wake_word_subset/not_wake_word_05404.wav
0,1,0.6443,experiments/hey_mycroft/dataset/negatives/not_wake_word_subset/not_wake_word_00051.wav
0,1,0.5529,/home/miro/Workspace/MachineLearningProjects/ww-trainer/experiments/hey_mycroft/dataset/negatives/processed/001477.wav
0,1,0.6285,experiments/hey_mycroft/dataset/negatives/not_wake_word_subset/not_wake_word_05466.wav
0,1,0.7266,/home/miro/Workspace/MachineLearningProjects/ww-trainer/experiments/hey_mycroft/dataset/negatives/processed/000230.wav
0,1,0.6910,experiments/hey_mycroft/dataset/negatives/not_wake_word_subset/not_wake_word_06150.wav
0,1,0.6547,experiments/hey_mycroft/dataset/negatives/not_wake_word_subset/not_wake_word_08714.wav
0,1,0.7086,experiments/hey_mycroft/dataset/negatives/not_wake_word_subset/not_wake_word_06459.wav
0,1,0.6735,experiments/hey_mycroft/dataset/negatives/not_wake_word_subset/not_wake_word_08372.wav
0,1,0.7595,experiments/hey_mycroft/dataset/negatives/not_wake_word_subset/not_wake_word_02331.wav
0,1,0.6747,experiments/hey_mycroft/dataset/negatives/not_wake_word_subset/not_wake_word_00461.wav
0,1,0.7072,experiments/hey_mycroft/dataset/negatives/not_wake_word_subset/not_wake_word_02249.wav
0,1,0.6699,/home/miro/Workspace/MachineLearningProjects/ww-trainer/experiments/hey_mycroft/dataset/negatives/processed/000128.wav
0,1,0.6768,experiments/hey_mycroft/dataset/negatives/not_wake_word_subset/not_wake_word_08762.wav
0,1,0.7459,experiments/hey_mycroft/dataset/negatives/not_wake_word_subset/not_wake_word_00606.wav
0,1,0.5323,/home/miro/Workspace/MachineLearningProjects/ww-trainer/experiments/hey_mycroft/dataset/negatives/processed/001645.wav
0,1,0.7385,experiments/hey_mycroft/dataset/negatives/not_wake_word_subset/not_wake_word_06376.wav
0,1,0.5475,experiments/hey_mycroft/dataset/negatives/not_wake_word_subset/not_wake_word_00874.wav
0,1,0.5649,experiments/hey_mycroft/dataset/negatives/not_wake_word_subset/not_wake_word_04796.wav
0,1,0.6682,experiments/hey_mycroft/dataset/negatives/not_wake_word_subset/not_wake_word_00497.wav
0,1,0.5329,/home/miro/Workspace/MachineLearningProjects/ww-trainer/experiments/hey_mycroft/dataset/negatives/processed/000280.wav
0,1,0.6804,experiments/hey_mycroft/dataset/negatives/not_wake_word_subset/not_wake_word_04578.wav
0,1,0.7302,experiments/hey_mycroft/dataset/negatives/not_wake_word_subset/not_wake_word_05473.wav
0,1,0.7350,experiments/hey_mycroft/dataset/negatives/not_wake_word_subset/not_wake_word_06570.wav
0,1,0.6945,experiments/hey_mycroft/dataset/negatives/not_wake_word_subset/not_wake_word_08871.wav
0,1,0.7251,experiments/hey_mycroft/dataset/negatives/not_wake_word_subset/not_wake_word_03516.wav
0,1,0.7045,experiments/hey_mycroft/dataset/negatives/not_wake_word_subset/not_wake_word_03229.wav
0,1,0.6060,experiments/hey_mycroft/dataset/negatives/not_wake_word_subset/not_wake_word_00129.wav
0,1,0.6770,experiments/hey_mycroft/dataset/negatives/not_wake_word_subset/not_wake_word_07709.wav
0,1,0.5369,/home/miro/Workspace/MachineLearningProjects/ww-trainer/experiments/hey_mycroft/dataset/negatives/processed/000744.wav
0,1,0.6953,experiments/hey_mycroft/dataset/negatives/not_wake_word_subset/not_wake_word_08394.wav
0,1,0.7039,experiments/hey_mycroft/dataset/negatives/not_wake_word_subset/not_wake_word_05797.wav
0,1,0.7321,experiments/hey_mycroft/dataset/negatives/not_wake_word_subset/not_wake_word_01900.wav
0,1,0.6285,experiments/hey_mycroft/dataset/negatives/not_wake_word_subset/not_wake_word_01849.wav
0,1,0.6967,experiments/hey_mycroft/dataset/negatives/not_wake_word_subset/not_wake_word_07020.wav
0,1,0.6638,experiments/hey_mycroft/dataset/negatives/not_wake_word_subset/not_wake_word_08098.wav
0,1,0.7246,experiments/hey_mycroft/dataset/negatives/not_wake_word_subset/not_wake_word_07503.wav
0,1,0.6278,/home/miro/Workspace/MachineLearningProjects/ww-trainer/experiments/hey_mycroft/dataset/negatives/processed/000285.wav
0,1,0.7098,experiments/hey_mycroft/dataset/negatives/not_wake_word_subset/not_wake_word_04993.wav
0,1,0.7168,experiments/hey_mycroft/dataset/negatives/not_wake_word_subset/not_wake_word_05559.wav
0,1,0.6719,experiments/hey_mycroft/dataset/negatives/not_wake_word_subset/not_wake_word_07561.wav
0,1,0.6464,experiments/hey_mycroft/dataset/negatives/not_wake_word_subset/not_wake_word_07047.wav
0,1,0.6375,experiments/hey_mycroft/dataset/negatives/not_wake_word_subset/not_wake_word_03726.wav
0,1,0.7159,/home/miro/Workspace/MachineLearningProjects/ww-trainer/experiments/hey_mycroft/dataset/negatives/processed/000118.wav
0,1,0.6884,/home/miro/Workspace/MachineLearningProjects/ww-trainer/experiments/hey_mycroft/dataset/negatives/processed/000232.wav
0,1,0.8049,/home/miro/Workspace/MachineLearningProjects/ww-trainer/experiments/hey_mycroft/dataset/negatives/processed/001211.wav
0,1,0.5792,experiments/hey_mycroft/dataset/negatives/not_wake_word_subset/not_wake_word_08801.wav
0,1,0.7172,experiments/hey_mycroft/dataset/negatives/not_wake_word_subset/not_wake_word_07659.wav
0,1,0.6148,experiments/hey_mycroft/dataset/negatives/not_wake_word_subset/not_wake_word_03600.wav
0,1,0.6106,/home/miro/Workspace/MachineLearningProjects/ww-trainer/experiments/hey_mycroft/dataset/negatives/processed/000804.wav
0,1,0.5534,experiments/hey_mycroft/dataset/negatives/not_wake_word_subset/not_wake_word_08487.wav
0,1,0.6224,experiments/hey_mycroft/dataset/negatives/not_wake_word_subset/not_wake_word_08006.wav
0,1,0.6961,experiments/hey_mycroft/dataset/negatives/not_wake_word_subset/not_wake_word_02074.wav
0,1,0.7435,experiments/hey_mycroft/dataset/negatives/not_wake_word_subset/not_wake_word_07893.wav
0,1,0.6492,/home/miro/Workspace/MachineLearningProjects/ww-trainer/experiments/hey_mycroft/dataset/negatives/processed/000518.wav
0,1,0.6481,experiments/hey_mycroft/dataset/negatives/not_wake_word_subset/not_wake_word_00673.wav
0,1,0.7002,experiments/hey_mycroft/dataset/negatives/not_wake_word_subset/not_wake_word_07619.wav
0,1,0.6662,/home/miro/Workspace/MachineLearningProjects/ww-trainer/experiments/hey_mycroft/dataset/negatives/processed/000030.wav
0,1,0.6422,experiments/hey_mycroft/dataset/negatives/not_wake_word_subset/not_wake_word_04709.wav
0,1,0.6994,experiments/hey_mycroft/dataset/negatives/not_wake_word_subset/not_wake_word_05767.wav
0,1,0.6913,experiments/hey_mycroft/dataset/negatives/not_wake_word_subset/not_wake_word_04670.wav
0,1,0.7774,experiments/hey_mycroft/dataset/negatives/not_wake_word_subset/not_wake_word_05370.wav
0,1,0.6192,/home/miro/Workspace/MachineLearningProjects/ww-trainer/experiments/hey_mycroft/dataset/negatives/processed/000283.wav
0,1,0.6906,experiments/hey_mycroft/dataset/negatives/not_wake_word_subset/not_wake_word_07778.wav
0,1,0.6159,/home/miro/Workspace/MachineLearningProjects/ww-trainer/experiments/hey_mycroft/dataset/negatives/processed/000660.wav
0,1,0.6572,/home/miro/Workspace/MachineLearningProjects/ww-trainer/experiments/hey_mycroft/dataset/negatives/processed/000182.wav
0,1,0.6470,experiments/hey_mycroft/dataset/negatives/not_wake_word_subset/not_wake_word_04527.wav
0,1,0.6525,experiments/hey_mycroft/dataset/negatives/not_wake_word_subset/not_wake_word_00613.wav
0,1,0.6682,experiments/hey_mycroft/dataset/negatives/not_wake_word_subset/not_wake_word_09028.wav
0,1,0.5809,experiments/hey_mycroft/dataset/negatives/not_wake_word_subset/not_wake_word_02370.wav
0,1,0.5963,/home/miro/Workspace/MachineLearningProjects/ww-trainer/experiments/hey_mycroft/dataset/negatives/processed/000087.wav
0,1,0.5139,experiments/hey_mycroft/dataset/negatives/not_wake_word_subset/not_wake_word_04051.wav
0,1,0.6788,experiments/hey_mycroft/dataset/negatives/not_wake_word_subset/not_wake_word_08181.wav
0,1,0.5860,/home/miro/Workspace/MachineLearningProjects/ww-trainer/experiments/hey_mycroft/dataset/negatives/processed/000901.wav
0,1,0.5713,/home/miro/Workspace/MachineLearningProjects/ww-trainer/experiments/hey_mycroft/dataset/negatives/processed/000446.wav
0,1,0.7151,experiments/hey_mycroft/dataset/negatives/not_wake_word_subset/not_wake_word_00430.wav
0,1,0.6634,experiments/hey_mycroft/dataset/negatives/not_wake_word_subset/not_wake_word_08384.wav
0,1,0.6326,experiments/hey_mycroft/dataset/negatives/not_wake_word_subset/not_wake_word_01973.wav
0,1,0.6500,experiments/hey_mycroft/dataset/negatives/not_wake_word_subset/not_wake_word_08005.wav
0,1,0.6774,experiments/hey_mycroft/dataset/negatives/not_wake_word_subset/not_wake_word_01363.wav
0,1,0.6947,experiments/hey_mycroft/dataset/negatives/not_wake_word_subset/not_wake_word_05092.wav
0,1,0.6596,experiments/hey_mycroft/dataset/negatives/not_wake_word_subset/not_wake_word_03525.wav
0,1,0.7113,experiments/hey_mycroft/dataset/negatives/not_wake_word_subset/not_wake_word_04347.wav
0,1,0.6185,experiments/hey_mycroft/dataset/negatives/not_wake_word_subset/not_wake_word_01065.wav
0,1,0.7112,/home/miro/Workspace/MachineLearningProjects/ww-trainer/experiments/hey_mycroft/dataset/negatives/processed/000651.wav
0,1,0.6069,experiments/hey_mycroft/dataset/negatives/not_wake_word_subset/not_wake_word_03457.wav
0,1,0.7062,experiments/hey_mycroft/dataset/negatives/not_wake_word_subset/not_wake_word_01744.wav
0,1,0.6702,experiments/hey_mycroft/dataset/negatives/not_wake_word_subset/not_wake_word_02775.wav
0,1,0.7692,experiments/hey_mycroft/dataset/negatives/not_wake_word_subset/not_wake_word_05959.wav
0,1,0.6056,experiments/hey_mycroft/dataset/negatives/not_wake_word_subset/not_wake_word_02201.wav
0,1,0.6823,experiments/hey_mycroft/dataset/negatives/not_wake_word_subset/not_wake_word_08376.wav
0,1,0.6314,experiments/hey_mycroft/dataset/negatives/not_wake_word_subset/not_wake_word_05059.wav
0,1,0.7587,experiments/hey_mycroft/dataset/negatives/not_wake_word_subset/not_wake_word_00421.wav
0,1,0.6873,experiments/hey_mycroft/dataset/negatives/not_wake_word_subset/not_wake_word_05795.wav
0,1,0.7385,/home/miro/Workspace/MachineLearningProjects/ww-trainer/experiments/hey_mycroft/dataset/negatives/processed/000967.wav
0,1,0.7529,experiments/hey_mycroft/dataset/negatives/not_wake_word_subset/not_wake_word_04012.wav
0,1,0.7542,experiments/hey_mycroft/dataset/negatives/not_wake_word_subset/not_wake_word_04293.wav
0,1,0.7474,/home/miro/Workspace/MachineLearningProjects/ww-trainer/experiments/hey_mycroft/dataset/negatives/processed/001657.wav
0,1,0.5393,experiments/hey_mycroft/dataset/negatives/not_wake_word_subset/not_wake_word_08831.wav
0,1,0.6657,experiments/hey_mycroft/dataset/negatives/not_wake_word_subset/not_wake_word_04704.wav
0,1,0.6885,/home/miro/Workspace/MachineLearningProjects/ww-trainer/experiments/hey_mycroft/dataset/negatives/processed/000839.wav
0,1,0.7180,experiments/hey_mycroft/dataset/negatives/not_wake_word_subset/not_wake_word_06253.wav
0,1,0.7053,/home/miro/Workspace/MachineLearningProjects/ww-trainer/experiments/hey_mycroft/dataset/negatives/processed/000701.wav
0,1,0.6910,experiments/hey_mycroft/dataset/negatives/not_wake_word_subset/not_wake_word_06105.wav
0,1,0.6226,/home/miro/Workspace/MachineLearningProjects/ww-trainer/experiments/hey_mycroft/dataset/negatives/processed/000445.wav
0,1,0.6813,experiments/hey_mycroft/dataset/negatives/not_wake_word_subset/not_wake_word_04633.wav
0,1,0.7569,/home/miro/Workspace/MachineLearningProjects/ww-trainer/experiments/hey_mycroft/dataset/negatives/processed/001975.wav
0,1,0.7405,experiments/hey_mycroft/dataset/negatives/not_wake_word_subset/not_wake_word_02692.wav
0,1,0.7448,experiments/hey_mycroft/dataset/negatives/not_wake_word_subset/not_wake_word_06926.wav
0,1,0.6809,experiments/hey_mycroft/dataset/negatives/not_wake_word_subset/not_wake_word_08929.wav
0,1,0.7552,experiments/hey_mycroft/dataset/negatives/not_wake_word_subset/not_wake_word_06799.wav
0,1,0.5131,/home/miro/Workspace/MachineLearningProjects/ww-trainer/experiments/hey_mycroft/dataset/negatives/processed/000400.wav
0,1,0.7032,experiments/hey_mycroft/dataset/negatives/not_wake_word_subset/not_wake_word_07239.wav
0,1,0.6548,/home/miro/Workspace/MachineLearningProjects/ww-trainer/experiments/hey_mycroft/dataset/negatives/processed/000301.wav
0,1,0.6170,/home/miro/Workspace/MachineLearningProjects/ww-trainer/experiments/hey_mycroft/dataset/negatives/processed/000137.wav
0,1,0.6929,experiments/hey_mycroft/dataset/negatives/not_wake_word_subset/not_wake_word_08566.wav
0,1,0.7443,experiments/hey_mycroft/dataset/negatives/not_wake_word_subset/not_wake_word_03458.wav
0,1,0.8123,/home/miro/Workspace/MachineLearningProjects/ww-trainer/experiments/hey_mycroft/dataset/negatives/processed/001839.wav
0,1,0.5362,experiments/hey_mycroft/dataset/negatives/not_wake_word_subset/not_wake_word_07863.wav
0,1,0.6761,experiments/hey_mycroft/dataset/negatives/not_wake_word_subset/not_wake_word_00320.wav
0,1,0.6579,experiments/hey_mycroft/dataset/negatives/not_wake_word_subset/not_wake_word_08807.wav
0,1,0.6644,experiments/hey_mycroft/dataset/negatives/not_wake_word_subset/not_wake_word_05430.wav
0,1,0.6706,experiments/hey_mycroft/dataset/negatives/not_wake_word_subset/not_wake_word_04723.wav
0,1,0.6155,/home/miro/Workspace/MachineLearningProjects/ww-trainer/experiments/hey_mycroft/dataset/negatives/processed/001656.wav
0,1,0.5638,experiments/hey_mycroft/dataset/negatives/not_wake_word_subset/not_wake_word_03115.wav
0,1,0.7268,experiments/hey_mycroft/dataset/negatives/not_wake_word_subset/not_wake_word_00950.wav
0,1,0.5301,/home/miro/Workspace/MachineLearningProjects/ww-trainer/experiments/hey_mycroft/dataset/negatives/processed/000502.wav
0,1,0.5564,/home/miro/Workspace/MachineLearningProjects/ww-trainer/experiments/hey_mycroft/dataset/negatives/processed/000152.wav
0,1,0.6791,experiments/hey_mycroft/dataset/negatives/not_wake_word_subset/not_wake_word_01777.wav
0,1,0.6806,experiments/hey_mycroft/dataset/negatives/not_wake_word_subset/not_wake_word_04890.wav
0,1,0.7149,experiments/hey_mycroft/dataset/negatives/not_wake_word_subset/not_wake_word_04983.wav
0,1,0.6287,experiments/hey_mycroft/dataset/negatives/not_wake_word_subset/not_wake_word_08632.wav
0,1,0.6194,/home/miro/Workspace/MachineLearningProjects/ww-trainer/experiments/hey_mycroft/dataset/negatives/processed/000364.wav
0,1,0.6615,experiments/hey_mycroft/dataset/negatives/not_wake_word_subset/not_wake_word_01057.wav
0,1,0.7017,experiments/hey_mycroft/dataset/negatives/not_wake_word_subset/not_wake_word_01114.wav
0,1,0.6913,experiments/hey_mycroft/dataset/negatives/not_wake_word_subset/not_wake_word_01909.wav
0,1,0.6871,experiments/hey_mycroft/dataset/negatives/not_wake_word_subset/not_wake_word_00879.wav
0,1,0.7941,/home/miro/Workspace/MachineLearningProjects/ww-trainer/experiments/hey_mycroft/dataset/negatives/processed/001189.wav
0,1,0.6210,experiments/hey_mycroft/dataset/negatives/not_wake_word_subset/not_wake_word_05618.wav
0,1,0.7122,experiments/hey_mycroft/dataset/negatives/not_wake_word_subset/not_wake_word_02935.wav
0,1,0.6803,/home/miro/Workspace/MachineLearningProjects/ww-trainer/experiments/hey_mycroft/dataset/negatives/processed/001087.wav
0,1,0.7027,experiments/hey_mycroft/dataset/negatives/not_wake_word_subset/not_wake_word_03465.wav
0,1,0.7087,experiments/hey_mycroft/dataset/negatives/not_wake_word_subset/not_wake_word_06907.wav
0,1,0.6814,experiments/hey_mycroft/dataset/negatives/not_wake_word_subset/not_wake_word_01950.wav
0,1,0.6449,experiments/hey_mycroft/dataset/negatives/not_wake_word_subset/not_wake_word_00225.wav
0,1,0.7447,experiments/hey_mycroft/dataset/negatives/not_wake_word_subset/not_wake_word_05235.wav
0,1,0.6852,experiments/hey_mycroft/dataset/negatives/not_wake_word_subset/not_wake_word_06248.wav
0,1,0.6554,experiments/hey_mycroft/dataset/negatives/not_wake_word_subset/not_wake_word_08441.wav
0,1,0.7050,experiments/hey_mycroft/dataset/negatives/not_wake_word_subset/not_wake_word_03698.wav
0,1,0.7725,/home/miro/Workspace/MachineLearningProjects/ww-trainer/experiments/hey_mycroft/dataset/negatives/processed/000910.wav
0,1,0.6412,/home/miro/Workspace/MachineLearningProjects/ww-trainer/experiments/hey_mycroft/dataset/negatives/processed/000513.wav
0,1,0.6710,experiments/hey_mycroft/dataset/negatives/not_wake_word_subset/not_wake_word_08509.wav
0,1,0.7104,/home/miro/Workspace/MachineLearningProjects/ww-trainer/experiments/hey_mycroft/dataset/negatives/processed/000342.wav
0,1,0.6715,experiments/hey_mycroft/dataset/negatives/not_wake_word_subset/not_wake_word_07612.wav
0,1,0.6939,experiments/hey_mycroft/dataset/negatives/not_wake_word_subset/not_wake_word_02897.wav
0,1,0.6135,/home/miro/Workspace/MachineLearningProjects/ww-trainer/experiments/hey_mycroft/dataset/negatives/processed/000379.wav
0,1,0.6778,experiments/hey_mycroft/dataset/negatives/not_wake_word_subset/not_wake_word_03258.wav
0,1,0.7353,experiments/hey_mycroft/dataset/negatives/not_wake_word_subset/not_wake_word_01520.wav
0,1,0.6479,experiments/hey_mycroft/dataset/negatives/not_wake_word_subset/not_wake_word_05574.wav
0,1,0.6646,experiments/hey_mycroft/dataset/negatives/not_wake_word_subset/not_wake_word_00824.wav
0,1,0.7747,/home/miro/Workspace/MachineLearningProjects/ww-trainer/experiments/hey_mycroft/dataset/negatives/processed/001457.wav
0,1,0.5610,/home/miro/Workspace/MachineLearningProjects/ww-trainer/experiments/hey_mycroft/dataset/negatives/processed/000089.wav
0,1,0.5879,/home/miro/Workspace/MachineLearningProjects/ww-trainer/experiments/hey_mycroft/dataset/negatives/processed/000483.wav
0,1,0.6113,experiments/hey_mycroft/dataset/negatives/not_wake_word_subset/not_wake_word_01247.wav
0,1,0.7494,experiments/hey_mycroft/dataset/negatives/not_wake_word_subset/not_wake_word_07394.wav
0,1,0.7803,experiments/hey_mycroft/dataset/negatives/not_wake_word_subset/not_wake_word_04137.wav
0,1,0.5634,/home/miro/Workspace/MachineLearningProjects/ww-trainer/experiments/hey_mycroft/dataset/negatives/processed/001168.wav
0,1,0.7068,experiments/hey_mycroft/dataset/negatives/not_wake_word_subset/not_wake_word_07150.wav
0,1,0.6473,experiments/hey_mycroft/dataset/negatives/not_wake_word_subset/not_wake_word_01555.wav
0,1,0.6103,experiments/hey_mycroft/dataset/negatives/not_wake_word_subset/not_wake_word_00854.wav
0,1,0.6810,experiments/hey_mycroft/dataset/negatives/not_wake_word_subset/not_wake_word_03691.wav
0,1,0.6884,experiments/hey_mycroft/dataset/negatives/not_wake_word_subset/not_wake_word_05912.wav
0,1,0.7521,experiments/hey_mycroft/dataset/negatives/not_wake_word_subset/not_wake_word_02688.wav
0,1,0.7205,experiments/hey_mycroft/dataset/negatives/not_wake_word_subset/not_wake_word_08614.wav
0,1,0.6990,experiments/hey_mycroft/dataset/negatives/not_wake_word_subset/not_wake_word_00629.wav
0,1,0.7390,experiments/hey_mycroft/dataset/negatives/not_wake_word_subset/not_wake_word_06233.wav
0,1,0.6380,experiments/hey_mycroft/dataset/negatives/not_wake_word_subset/not_wake_word_02372.wav
0,1,0.6742,/home/miro/Workspace/MachineLearningProjects/ww-trainer/experiments/hey_mycroft/dataset/negatives/processed/000782.wav
0,1,0.6451,experiments/hey_mycroft/dataset/negatives/not_wake_word_subset/not_wake_word_07815.wav
0,1,0.6689,experiments/hey_mycroft/dataset/negatives/not_wake_word_subset/not_wake_word_04439.wav
0,1,0.7934,/home/miro/Workspace/MachineLearningProjects/ww-trainer/experiments/hey_mycroft/dataset/negatives/processed/001976.wav
0,1,0.6649,experiments/hey_mycroft/dataset/negatives/not_wake_word_subset/not_wake_word_07044.wav
0,1,0.7121,experiments/hey_mycroft/dataset/negatives/not_wake_word_subset/not_wake_word_07700.wav
0,1,0.6525,experiments/hey_mycroft/dataset/negatives/not_wake_word_subset/not_wake_word_00154.wav
0,1,0.6220,experiments/hey_mycroft/dataset/negatives/not_wake_word_subset/not_wake_word_04960.wav
0,1,0.7698,/home/miro/Workspace/MachineLearningProjects/ww-trainer/experiments/hey_mycroft/dataset/negatives/processed/001096.wav
0,1,0.6550,experiments/hey_mycroft/dataset/negatives/not_wake_word_subset/not_wake_word_04898.wav
0,1,0.7195,experiments/hey_mycroft/dataset/negatives/not_wake_word_subset/not_wake_word_06124.wav
0,1,0.7274,experiments/hey_mycroft/dataset/negatives/not_wake_word_subset/not_wake_word_06983.wav
0,1,0.6850,experiments/hey_mycroft/dataset/negatives/not_wake_word_subset/not_wake_word_06813.wav
0,1,0.6071,experiments/hey_mycroft/dataset/negatives/not_wake_word_subset/not_wake_word_04635.wav
0,1,0.7468,/home/miro/Workspace/MachineLearningProjects/ww-trainer/experiments/hey_mycroft/dataset/negatives/processed/001997.wav
0,1,0.6857,experiments/hey_mycroft/dataset/negatives/not_wake_word_subset/not_wake_word_08636.wav
0,1,0.7167,experiments/hey_mycroft/dataset/negatives/not_wake_word_subset/not_wake_word_07669.wav
0,1,0.6955,experiments/hey_mycroft/dataset/negatives/not_wake_word_subset/not_wake_word_00748.wav
0,1,0.7604,/home/miro/Workspace/MachineLearningProjects/ww-trainer/experiments/hey_mycroft/dataset/negatives/processed/001596.wav
0,1,0.6570,experiments/hey_mycroft/dataset/negatives/not_wake_word_subset/not_wake_word_02174.wav
0,1,0.5972,experiments/hey_mycroft/dataset/negatives/not_wake_word_subset/not_wake_word_06948.wav
0,1,0.6765,experiments/hey_mycroft/dataset/negatives/not_wake_word_subset/not_wake_word_08594.wav
0,1,0.5915,/home/miro/Workspace/MachineLearningProjects/ww-trainer/experiments/hey_mycroft/dataset/negatives/processed/000073.wav
0,1,0.6207,/home/miro/Workspace/MachineLearningProjects/ww-trainer/experiments/hey_mycroft/dataset/negatives/processed/000805.wav
0,1,0.6315,experiments/hey_mycroft/dataset/negatives/not_wake_word_subset/not_wake_word_04292.wav
0,1,0.7368,/home/miro/Workspace/MachineLearningProjects/ww-trainer/experiments/hey_mycroft/dataset/negatives/processed/000621.wav
0,1,0.6118,experiments/hey_mycroft/dataset/negatives/not_wake_word_subset/not_wake_word_06305.wav
0,1,0.7121,experiments/hey_mycroft/dataset/negatives/not_wake_word_subset/not_wake_word_08752.wav
0,1,0.8293,/home/miro/Workspace/MachineLearningProjects/ww-trainer/experiments/hey_mycroft/dataset/negatives/processed/000871.wav
0,1,0.6706,experiments/hey_mycroft/dataset/negatives/not_wake_word_subset/not_wake_word_08749.wav
0,1,0.6394,experiments/hey_mycroft/dataset/negatives/not_wake_word_subset/not_wake_word_02871.wav
0,1,0.6723,experiments/hey_mycroft/dataset/negatives/not_wake_word_subset/not_wake_word_03405.wav
0,1,0.6648,experiments/hey_mycroft/dataset/negatives/not_wake_word_subset/not_wake_word_00460.wav
0,1,0.7313,experiments/hey_mycroft/dataset/negatives/not_wake_word_subset/not_wake_word_00295.wav
0,1,0.6512,experiments/hey_mycroft/dataset/negatives/not_wake_word_subset/not_wake_word_06219.wav
0,1,0.6200,experiments/hey_mycroft/dataset/negatives/not_wake_word_subset/not_wake_word_03036.wav
0,1,0.6978,/home/miro/Workspace/MachineLearningProjects/ww-trainer/experiments/hey_mycroft/dataset/negatives/processed/000539.wav
0,1,0.6238,experiments/hey_mycroft/dataset/negatives/not_wake_word_subset/not_wake_word_03389.wav
0,1,0.7430,experiments/hey_mycroft/dataset/negatives/not_wake_word_subset/not_wake_word_08563.wav
0,1,0.6522,experiments/hey_mycroft/dataset/negatives/not_wake_word_subset/not_wake_word_05001.wav
0,1,0.7244,experiments/hey_mycroft/dataset/negatives/not_wake_word_subset/not_wake_word_00935.wav
0,1,0.7549,experiments/hey_mycroft/dataset/negatives/not_wake_word_subset/not_wake_word_00507.wav
0,1,0.6822,experiments/hey_mycroft/dataset/negatives/not_wake_word_subset/not_wake_word_03174.wav
0,1,0.5976,experiments/hey_mycroft/dataset/negatives/not_wake_word_subset/not_wake_word_04067.wav
0,1,0.5578,experiments/hey_mycroft/dataset/negatives/not_wake_word_subset/not_wake_word_02494.wav
0,1,0.7258,experiments/hey_mycroft/dataset/negatives/not_wake_word_subset/not_wake_word_02869.wav
0,1,0.5326,experiments/hey_mycroft/dataset/negatives/not_wake_word_subset/not_wake_word_01130.wav
0,1,0.6414,experiments/hey_mycroft/dataset/negatives/not_wake_word_subset/not_wake_word_01170.wav
0,1,0.5704,experiments/hey_mycroft/dataset/negatives/not_wake_word_subset/not_wake_word_04326.wav
0,1,0.7020,experiments/hey_mycroft/dataset/negatives/not_wake_word_subset/not_wake_word_04423.wav
0,1,0.6294,experiments/hey_mycroft/dataset/negatives/not_wake_word_subset/not_wake_word_06625.wav
0,1,0.6955,experiments/hey_mycroft/dataset/negatives/not_wake_word_subset/not_wake_word_03717.wav
0,1,0.6503,/home/miro/Workspace/MachineLearningProjects/ww-trainer/experiments/hey_mycroft/dataset/negatives/processed/000530.wav
0,1,0.5354,experiments/hey_mycroft/dataset/negatives/not_wake_word_subset/not_wake_word_01440.wav
0,1,0.6501,/home/miro/Workspace/MachineLearningProjects/ww-trainer/experiments/hey_mycroft/dataset/negatives/processed/000742.wav
0,1,0.7415,experiments/hey_mycroft/dataset/negatives/not_wake_word_subset/not_wake_word_03643.wav
0,1,0.6668,experiments/hey_mycroft/dataset/negatives/not_wake_word_subset/not_wake_word_01959.wav
0,1,0.6414,experiments/hey_mycroft/dataset/negatives/not_wake_word_subset/not_wake_word_01924.wav
0,1,0.5536,experiments/hey_mycroft/dataset/negatives/not_wake_word_subset/not_wake_word_01140.wav
0,1,0.7479,/home/miro/Workspace/MachineLearningProjects/ww-trainer/experiments/hey_mycroft/dataset/negatives/processed/001822.wav
0,1,0.7300,/home/miro/Workspace/MachineLearningProjects/ww-trainer/experiments/hey_mycroft/dataset/negatives/processed/001079.wav
0,1,0.5833,/home/miro/Workspace/MachineLearningProjects/ww-trainer/experiments/hey_mycroft/dataset/negatives/processed/000323.wav
0,1,0.7437,experiments/hey_mycroft/dataset/negatives/not_wake_word_subset/not_wake_word_00509.wav
0,1,0.7043,experiments/hey_mycroft/dataset/negatives/not_wake_word_subset/not_wake_word_07939.wav
0,1,0.6661,experiments/hey_mycroft/dataset/negatives/not_wake_word_subset/not_wake_word_03751.wav
0,1,0.7331,experiments/hey_mycroft/dataset/negatives/not_wake_word_subset/not_wake_word_05722.wav
0,1,0.7437,experiments/hey_mycroft/dataset/negatives/not_wake_word_subset/not_wake_word_05425.wav
0,1,0.7242,experiments/hey_mycroft/dataset/negatives/not_wake_word_subset/not_wake_word_05512.wav
0,1,0.7317,experiments/hey_mycroft/dataset/negatives/not_wake_word_subset/not_wake_word_05805.wav
0,1,0.6812,experiments/hey_mycroft/dataset/negatives/not_wake_word_subset/not_wake_word_05366.wav
0,1,0.7015,experiments/hey_mycroft/dataset/negatives/not_wake_word_subset/not_wake_word_02341.wav
0,1,0.7203,experiments/hey_mycroft/dataset/negatives/not_wake_word_subset/not_wake_word_05529.wav
0,1,0.6744,experiments/hey_mycroft/dataset/negatives/not_wake_word_subset/not_wake_word_04198.wav
0,1,0.6115,experiments/hey_mycroft/dataset/negatives/not_wake_word_subset/not_wake_word_02168.wav
0,1,0.7271,/home/miro/Workspace/MachineLearningProjects/ww-trainer/experiments/hey_mycroft/dataset/negatives/processed/001825.wav
0,1,0.6526,experiments/hey_mycroft/dataset/negatives/not_wake_word_subset/not_wake_word_07136.wav
0,1,0.5946,experiments/hey_mycroft/dataset/negatives/not_wake_word_subset/not_wake_word_01378.wav
0,1,0.6392,/home/miro/Workspace/MachineLearningProjects/ww-trainer/experiments/hey_mycroft/dataset/negatives/processed/000727.wav
0,1,0.6819,experiments/hey_mycroft/dataset/negatives/not_wake_word_subset/not_wake_word_02742.wav
0,1,0.6719,/home/miro/Workspace/MachineLearningProjects/ww-trainer/experiments/hey_mycroft/dataset/negatives/processed/001154.wav
0,1,0.7038,experiments/hey_mycroft/dataset/negatives/not_wake_word_subset/not_wake_word_04789.wav
0,1,0.7278,experiments/hey_mycroft/dataset/negatives/not_wake_word_subset/not_wake_word_05451.wav
0,1,0.7110,experiments/hey_mycroft/dataset/negatives/not_wake_word_subset/not_wake_word_02106.wav
0,1,0.5901,/home/miro/Workspace/MachineLearningProjects/ww-trainer/experiments/hey_mycroft/dataset/negatives/processed/000162.wav
0,1,0.7462,experiments/hey_mycroft/dataset/negatives/not_wake_word_subset/not_wake_word_00043.wav
0,1,0.7205,experiments/hey_mycroft/dataset/negatives/not_wake_word_subset/not_wake_word_01344.wav
0,1,0.5701,experiments/hey_mycroft/dataset/negatives/not_wake_word_subset/not_wake_word_03801.wav
0,1,0.6652,experiments/hey_mycroft/dataset/negatives/not_wake_word_subset/not_wake_word_02701.wav
0,1,0.5873,experiments/hey_mycroft/dataset/negatives/not_wake_word_subset/not_wake_word_05562.wav
0,1,0.6768,experiments/hey_mycroft/dataset/negatives/not_wake_word_subset/not_wake_word_01892.wav
0,1,0.5797,/home/miro/Workspace/MachineLearningProjects/ww-trainer/experiments/hey_mycroft/dataset/negatives/processed/001208.wav
0,1,0.6960,experiments/hey_mycroft/dataset/negatives/not_wake_word_subset/not_wake_word_00823.wav
0,1,0.7115,/home/miro/Workspace/MachineLearningProjects/ww-trainer/experiments/hey_mycroft/dataset/negatives/processed/000168.wav
0,1,0.6464,experiments/hey_mycroft/dataset/negatives/not_wake_word_subset/not_wake_word_04619.wav
0,1,0.5502,/home/miro/Workspace/MachineLearningProjects/ww-trainer/experiments/hey_mycroft/dataset/negatives/processed/000481.wav
0,1,0.6876,experiments/hey_mycroft/dataset/negatives/not_wake_word_subset/not_wake_word_02507.wav
0,1,0.5908,experiments/hey_mycroft/dataset/negatives/not_wake_word_subset/not_wake_word_00635.wav
0,1,0.7025,experiments/hey_mycroft/dataset/negatives/not_wake_word_subset/not_wake_word_04108.wav
0,1,0.7108,experiments/hey_mycroft/dataset/negatives/not_wake_word_subset/not_wake_word_03873.wav
0,1,0.7087,experiments/hey_mycroft/dataset/negatives/not_wake_word_subset/not_wake_word_00077.wav
0,1,0.7334,experiments/hey_mycroft/dataset/negatives/not_wake_word_subset/not_wake_word_03599.wav
0,1,0.6345,experiments/hey_mycroft/dataset/negatives/not_wake_word_subset/not_wake_word_06538.wav
0,1,0.7000,experiments/hey_mycroft/dataset/negatives/not_wake_word_subset/not_wake_word_08827.wav
0,1,0.6568,experiments/hey_mycroft/dataset/negatives/not_wake_word_subset/not_wake_word_00901.wav
0,1,0.6426,experiments/hey_mycroft/dataset/negatives/not_wake_word_subset/not_wake_word_05044.wav
0,1,0.7072,experiments/hey_mycroft/dataset/negatives/not_wake_word_subset/not_wake_word_01430.wav
0,1,0.7141,/home/miro/Workspace/MachineLearningProjects/ww-trainer/experiments/hey_mycroft/dataset/negatives/processed/001700.wav
0,1,0.6846,experiments/hey_mycroft/dataset/negatives/not_wake_word_subset/not_wake_word_05040.wav
0,1,0.6601,experiments/hey_mycroft/dataset/negatives/not_wake_word_subset/not_wake_word_08260.wav
0,1,0.7117,experiments/hey_mycroft/dataset/negatives/not_wake_word_subset/not_wake_word_01613.wav
0,1,0.6810,experiments/hey_mycroft/dataset/negatives/not_wake_word_subset/not_wake_word_08042.wav
0,1,0.7392,experiments/hey_mycroft/dataset/negatives/not_wake_word_subset/not_wake_word_08239.wav
0,1,0.6676,experiments/hey_mycroft/dataset/negatives/not_wake_word_subset/not_wake_word_04916.wav
0,1,0.6992,experiments/hey_mycroft/dataset/negatives/not_wake_word_subset/not_wake_word_06359.wav
0,1,0.6085,experiments/hey_mycroft/dataset/negatives/not_wake_word_subset/not_wake_word_04011.wav
0,1,0.7179,experiments/hey_mycroft/dataset/negatives/not_wake_word_subset/not_wake_word_08596.wav
0,1,0.5812,experiments/hey_mycroft/dataset/negatives/not_wake_word_subset/not_wake_word_01292.wav
0,1,0.6593,experiments/hey_mycroft/dataset/negatives/not_wake_word_subset/not_wake_word_05836.wav
0,1,0.7086,/home/miro/Workspace/MachineLearningProjects/ww-trainer/experiments/hey_mycroft/dataset/negatives/processed/000412.wav
0,1,0.5613,/home/miro/Workspace/MachineLearningProjects/ww-trainer/experiments/hey_mycroft/dataset/negatives/processed/000395.wav
0,1,0.6363,/home/miro/Workspace/MachineLearningProjects/ww-trainer/experiments/hey_mycroft/dataset/negatives/processed/000426.wav
0,1,0.7518,experiments/hey_mycroft/dataset/negatives/not_wake_word_subset/not_wake_word_09019.wav
0,1,0.6697,/home/miro/Workspace/MachineLearningProjects/ww-trainer/experiments/hey_mycroft/dataset/negatives/processed/000790.wav
0,1,0.6340,experiments/hey_mycroft/dataset/negatives/not_wake_word_subset/not_wake_word_00318.wav
0,1,0.6533,experiments/hey_mycroft/dataset/negatives/not_wake_word_subset/not_wake_word_04717.wav
0,1,0.6221,experiments/hey_mycroft/dataset/negatives/not_wake_word_subset/not_wake_word_04419.wav
0,1,0.6811,experiments/hey_mycroft/dataset/negatives/not_wake_word_subset/not_wake_word_08735.wav
0,1,0.7210,experiments/hey_mycroft/dataset/negatives/not_wake_word_subset/not_wake_word_04103.wav
0,1,0.6303,/home/miro/Workspace/MachineLearningProjects/ww-trainer/experiments/hey_mycroft/dataset/negatives/processed/000096.wav
0,1,0.7103,/home/miro/Workspace/MachineLearningProjects/ww-trainer/experiments/hey_mycroft/dataset/negatives/processed/001118.wav
0,1,0.6452,experiments/hey_mycroft/dataset/negatives/not_wake_word_subset/not_wake_word_08787.wav
0,1,0.5640,experiments/hey_mycroft/dataset/negatives/not_wake_word_subset/not_wake_word_00269.wav
0,1,0.5673,/home/miro/Workspace/MachineLearningProjects/ww-trainer/experiments/hey_mycroft/dataset/negatives/processed/000004.wav
0,1,0.5026,/home/miro/Workspace/MachineLearningProjects/ww-trainer/experiments/hey_mycroft/dataset/negatives/processed/000370.wav
0,1,0.7121,experiments/hey_mycroft/dataset/negatives/not_wake_word_subset/not_wake_word_03673.wav
0,1,0.6315,experiments/hey_mycroft/dataset/negatives/not_wake_word_subset/not_wake_word_06573.wav
0,1,0.6001,experiments/hey_mycroft/dataset/negatives/not_wake_word_subset/not_wake_word_06044.wav
0,1,0.6856,experiments/hey_mycroft/dataset/negatives/not_wake_word_subset/not_wake_word_02978.wav
0,1,0.7073,experiments/hey_mycroft/dataset/negatives/not_wake_word_subset/not_wake_word_07498.wav
0,1,0.5972,/home/miro/Workspace/MachineLearningProjects/ww-trainer/experiments/hey_mycroft/dataset/negatives/processed/000485.wav
0,1,0.6929,experiments/hey_mycroft/dataset/negatives/not_wake_word_subset/not_wake_word_03167.wav
0,1,0.7106,experiments/hey_mycroft/dataset/negatives/not_wake_word_subset/not_wake_word_05216.wav
0,1,0.6173,experiments/hey_mycroft/dataset/negatives/not_wake_word_subset/not_wake_word_00424.wav
0,1,0.6749,experiments/hey_mycroft/dataset/negatives/not_wake_word_subset/not_wake_word_03924.wav
0,1,0.7304,experiments/hey_mycroft/dataset/negatives/not_wake_word_subset/not_wake_word_03442.wav
0,1,0.7084,experiments/hey_mycroft/dataset/negatives/not_wake_word_subset/not_wake_word_00829.wav
0,1,0.5338,/home/miro/Workspace/MachineLearningProjects/ww-trainer/experiments/hey_mycroft/dataset/negatives/processed/000361.wav
0,1,0.6911,experiments/hey_mycroft/dataset/negatives/not_wake_word_subset/not_wake_word_00309.wav
0,1,0.6350,experiments/hey_mycroft/dataset/negatives/not_wake_word_subset/not_wake_word_06229.wav
0,1,0.6911,experiments/hey_mycroft/dataset/negatives/not_wake_word_subset/not_wake_word_06285.wav
0,1,0.6869,experiments/hey_mycroft/dataset/negatives/not_wake_word_subset/not_wake_word_00961.wav
0,1,0.5864,/home/miro/Workspace/MachineLearningProjects/ww-trainer/experiments/hey_mycroft/dataset/negatives/processed/000055.wav
0,1,0.6946,experiments/hey_mycroft/dataset/negatives/not_wake_word_subset/not_wake_word_05239.wav
0,1,0.6430,experiments/hey_mycroft/dataset/negatives/not_wake_word_subset/not_wake_word_04821.wav
0,1,0.7284,experiments/hey_mycroft/dataset/negatives/not_wake_word_subset/not_wake_word_00007.wav
0,1,0.7308,/home/miro/Workspace/MachineLearningProjects/ww-trainer/experiments/hey_mycroft/dataset/negatives/processed/001102.wav
0,1,0.7768,/home/miro/Workspace/MachineLearningProjects/ww-trainer/experiments/hey_mycroft/dataset/negatives/processed/001844.wav
0,1,0.6522,experiments/hey_mycroft/dataset/negatives/not_wake_word_subset/not_wake_word_03344.wav
0,1,0.7427,experiments/hey_mycroft/dataset/negatives/not_wake_word_subset/not_wake_word_04938.wav
0,1,0.6479,experiments/hey_mycroft/dataset/negatives/not_wake_word_subset/not_wake_word_07135.wav
0,1,0.7690,/home/miro/Workspace/MachineLearningProjects/ww-trainer/experiments/hey_mycroft/dataset/negatives/processed/000914.wav
0,1,0.6409,/home/miro/Workspace/MachineLearningProjects/ww-trainer/experiments/hey_mycroft/dataset/negatives/processed/000267.wav
0,1,0.5421,/home/miro/Workspace/MachineLearningProjects/ww-trainer/experiments/hey_mycroft/dataset/negatives/processed/000003.wav
0,1,0.7050,experiments/hey_mycroft/dataset/negatives/not_wake_word_subset/not_wake_word_05356.wav
0,1,0.6488,experiments/hey_mycroft/dataset/negatives/not_wake_word_subset/not_wake_word_05068.wav
0,1,0.6865,/home/miro/Workspace/MachineLearningProjects/ww-trainer/experiments/hey_mycroft/dataset/negatives/processed/000800.wav
0,1,0.6947,experiments/hey_mycroft/dataset/negatives/not_wake_word_subset/not_wake_word_05778.wav
0,1,0.7159,experiments/hey_mycroft/dataset/negatives/not_wake_word_subset/not_wake_word_01478.wav
0,1,0.7528,experiments/hey_mycroft/dataset/negatives/not_wake_word_subset/not_wake_word_07455.wav
0,1,0.6810,experiments/hey_mycroft/dataset/negatives/not_wake_word_subset/not_wake_word_08431.wav
0,1,0.6113,experiments/hey_mycroft/dataset/negatives/not_wake_word_subset/not_wake_word_07550.wav
0,1,0.6457,experiments/hey_mycroft/dataset/negatives/not_wake_word_subset/not_wake_word_03909.wav
0,1,0.6885,experiments/hey_mycroft/dataset/negatives/not_wake_word_subset/not_wake_word_04500.wav
0,1,0.7373,/home/miro/Workspace/MachineLearningProjects/ww-trainer/experiments/hey_mycroft/dataset/negatives/processed/001020.wav
0,1,0.7771,experiments/hey_mycroft/dataset/negatives/not_wake_word_subset/not_wake_word_02777.wav
0,1,0.7323,experiments/hey_mycroft/dataset/negatives/not_wake_word_subset/not_wake_word_06923.wav
0,1,0.6716,experiments/hey_mycroft/dataset/negatives/not_wake_word_subset/not_wake_word_05734.wav
0,1,0.7271,/home/miro/Workspace/MachineLearningProjects/ww-trainer/experiments/hey_mycroft/dataset/negatives/processed/000652.wav
0,1,0.6494,experiments/hey_mycroft/dataset/negatives/not_wake_word_subset/not_wake_word_03653.wav
0,1,0.6762,experiments/hey_mycroft/dataset/negatives/not_wake_word_subset/not_wake_word_08690.wav
0,1,0.7286,experiments/hey_mycroft/dataset/negatives/not_wake_word_subset/not_wake_word_00987.wav
0,1,0.6677,/home/miro/Workspace/MachineLearningProjects/ww-trainer/experiments/hey_mycroft/dataset/negatives/processed/000921.wav
0,1,0.5138,experiments/hey_mycroft/dataset/negatives/not_wake_word_subset/not_wake_word_04564.wav
0,1,0.6037,experiments/hey_mycroft/dataset/negatives/not_wake_word_subset/not_wake_word_00153.wav
0,1,0.6732,/home/miro/Workspace/MachineLearningProjects/ww-trainer/experiments/hey_mycroft/dataset/negatives/processed/000749.wav
0,1,0.6462,experiments/hey_mycroft/dataset/negatives/not_wake_word_subset/not_wake_word_05913.wav
0,1,0.7472,experiments/hey_mycroft/dataset/negatives/not_wake_word_subset/not_wake_word_00952.wav
0,1,0.7149,experiments/hey_mycroft/dataset/negatives/not_wake_word_subset/not_wake_word_01916.wav
0,1,0.6928,experiments/hey_mycroft/dataset/negatives/not_wake_word_subset/not_wake_word_05117.wav
0,1,0.6861,/home/miro/Workspace/MachineLearningProjects/ww-trainer/experiments/hey_mycroft/dataset/negatives/processed/000054.wav
0,1,0.6930,/home/miro/Workspace/MachineLearningProjects/ww-trainer/experiments/hey_mycroft/dataset/negatives/processed/000229.wav
0,1,0.5936,experiments/hey_mycroft/dataset/negatives/not_wake_word_subset/not_wake_word_06288.wav
0,1,0.6703,experiments/hey_mycroft/dataset/negatives/not_wake_word_subset/not_wake_word_07634.wav
0,1,0.6271,experiments/hey_mycroft/dataset/negatives/not_wake_word_subset/not_wake_word_03619.wav
0,1,0.5733,experiments/hey_mycroft/dataset/negatives/not_wake_word_subset/not_wake_word_04974.wav
0,1,0.6964,experiments/hey_mycroft/dataset/negatives/not_wake_word_subset/not_wake_word_06827.wav
0,1,0.7039,experiments/hey_mycroft/dataset/negatives/not_wake_word_subset/not_wake_word_06752.wav
0,1,0.6172,experiments/hey_mycroft/dataset/negatives/not_wake_word_subset/not_wake_word_05319.wav
0,1,0.6441,/home/miro/Workspace/MachineLearningProjects/ww-trainer/experiments/hey_mycroft/dataset/negatives/processed/000012.wav
0,1,0.6411,experiments/hey_mycroft/dataset/negatives/not_wake_word_subset/not_wake_word_01123.wav
0,1,0.6344,/home/miro/Workspace/MachineLearningProjects/ww-trainer/experiments/hey_mycroft/dataset/negatives/processed/000048.wav
0,1,0.6897,experiments/hey_mycroft/dataset/negatives/not_wake_word_subset/not_wake_word_00059.wav
0,1,0.7036,experiments/hey_mycroft/dataset/negatives/not_wake_word_subset/not_wake_word_00617.wav
0,1,0.6510,experiments/hey_mycroft/dataset/negatives/not_wake_word_subset/not_wake_word_07759.wav
0,1,0.5978,experiments/hey_mycroft/dataset/negatives/not_wake_word_subset/not_wake_word_05493.wav
0,1,0.6785,experiments/hey_mycroft/dataset/negatives/not_wake_word_subset/not_wake_word_08835.wav
0,1,0.7508,experiments/hey_mycroft/dataset/negatives/not_wake_word_subset/not_wake_word_03556.wav
0,1,0.7167,/home/miro/Workspace/MachineLearningProjects/ww-trainer/experiments/hey_mycroft/dataset/negatives/processed/000331.wav
0,1,0.6577,experiments/hey_mycroft/dataset/negatives/not_wake_word_subset/not_wake_word_08180.wav
0,1,0.6387,/home/miro/Workspace/MachineLearningProjects/ww-trainer/experiments/hey_mycroft/dataset/negatives/processed/001874.wav
0,1,0.6859,experiments/hey_mycroft/dataset/negatives/not_wake_word_subset/not_wake_word_07828.wav
0,1,0.6589,/home/miro/Workspace/MachineLearningProjects/ww-trainer/experiments/hey_mycroft/dataset/negatives/processed/000534.wav
0,1,0.7689,/home/miro/Workspace/MachineLearningProjects/ww-trainer/experiments/hey_mycroft/dataset/negatives/processed/001866.wav
0,1,0.7274,experiments/hey_mycroft/dataset/negatives/not_wake_word_subset/not_wake_word_07812.wav
0,1,0.6890,experiments/hey_mycroft/dataset/negatives/not_wake_word_subset/not_wake_word_04003.wav
0,1,0.6741,experiments/hey_mycroft/dataset/negatives/not_wake_word_subset/not_wake_word_06662.wav
0,1,0.7697,experiments/hey_mycroft/dataset/negatives/not_wake_word_subset/not_wake_word_04600.wav
0,1,0.5843,experiments/hey_mycroft/dataset/negatives/not_wake_word_subset/not_wake_word_03433.wav
0,1,0.7401,experiments/hey_mycroft/dataset/negatives/not_wake_word_subset/not_wake_word_00712.wav
0,1,0.5328,experiments/hey_mycroft/dataset/negatives/not_wake_word_subset/not_wake_word_07147.wav
0,1,0.6400,experiments/hey_mycroft/dataset/negatives/not_wake_word_subset/not_wake_word_00515.wav
0,1,0.6346,experiments/hey_mycroft/dataset/negatives/not_wake_word_subset/not_wake_word_07398.wav
0,1,0.6235,experiments/hey_mycroft/dataset/negatives/not_wake_word_subset/not_wake_word_07306.wav
0,1,0.6218,experiments/hey_mycroft/dataset/negatives/not_wake_word_subset/not_wake_word_08847.wav
0,1,0.5913,experiments/hey_mycroft/dataset/negatives/not_wake_word_subset/not_wake_word_07936.wav
0,1,0.7028,experiments/hey_mycroft/dataset/negatives/not_wake_word_subset/not_wake_word_02416.wav
0,1,0.5935,experiments/hey_mycroft/dataset/negatives/not_wake_word_subset/not_wake_word_05272.wav
0,1,0.6751,experiments/hey_mycroft/dataset/negatives/not_wake_word_subset/not_wake_word_00842.wav
0,1,0.6528,experiments/hey_mycroft/dataset/negatives/not_wake_word_subset/not_wake_word_03284.wav
0,1,0.7419,experiments/hey_mycroft/dataset/negatives/not_wake_word_subset/not_wake_word_06798.wav
0,1,0.5525,experiments/hey_mycroft/dataset/negatives/not_wake_word_subset/not_wake_word_03623.wav
0,1,0.5420,experiments/hey_mycroft/dataset/negatives/not_wake_word_subset/not_wake_word_00471.wav
0,1,0.6283,/home/miro/Workspace/MachineLearningProjects/ww-trainer/experiments/hey_mycroft/dataset/negatives/processed/000729.wav
0,1,0.7021,experiments/hey_mycroft/dataset/negatives/not_wake_word_subset/not_wake_word_02653.wav
0,1,0.6675,experiments/hey_mycroft/dataset/negatives/not_wake_word_subset/not_wake_word_02729.wav
0,1,0.6887,/home/miro/Workspace/MachineLearningProjects/ww-trainer/experiments/hey_mycroft/dataset/negatives/processed/000837.wav
0,1,0.6975,experiments/hey_mycroft/dataset/negatives/not_wake_word_subset/not_wake_word_08100.wav
0,1,0.6806,experiments/hey_mycroft/dataset/negatives/not_wake_word_subset/not_wake_word_03181.wav
0,1,0.6998,experiments/hey_mycroft/dataset/negatives/not_wake_word_subset/not_wake_word_03123.wav
0,1,0.6766,experiments/hey_mycroft/dataset/negatives/not_wake_word_subset/not_wake_word_07925.wav
0,1,0.7123,/home/miro/Workspace/MachineLearningProjects/ww-trainer/experiments/hey_mycroft/dataset/negatives/processed/000826.wav
0,1,0.5953,experiments/hey_mycroft/dataset/negatives/not_wake_word_subset/not_wake_word_06382.wav
0,1,0.6224,experiments/hey_mycroft/dataset/negatives/not_wake_word_subset/not_wake_word_04721.wav
0,1,0.7152,experiments/hey_mycroft/dataset/negatives/not_wake_word_subset/not_wake_word_01655.wav
0,1,0.6431,/home/miro/Workspace/MachineLearningProjects/ww-trainer/experiments/hey_mycroft/dataset/negatives/processed/001451.wav
0,1,0.6388,experiments/hey_mycroft/dataset/negatives/not_wake_word_subset/not_wake_word_01059.wav
0,1,0.5135,/home/miro/Workspace/MachineLearningProjects/ww-trainer/experiments/hey_mycroft/dataset/negatives/processed/000063.wav
0,1,0.7095,experiments/hey_mycroft/dataset/negatives/not_wake_word_subset/not_wake_word_02719.wav
0,1,0.6988,experiments/hey_mycroft/dataset/negatives/not_wake_word_subset/not_wake_word_00796.wav
0,1,0.6922,experiments/hey_mycroft/dataset/negatives/not_wake_word_subset/not_wake_word_02609.wav
0,1,0.6925,experiments/hey_mycroft/dataset/negatives/not_wake_word_subset/not_wake_word_06562.wav
0,1,0.6826,experiments/hey_mycroft/dataset/negatives/not_wake_word_subset/not_wake_word_02443.wav
0,1,0.6366,/home/miro/Workspace/MachineLearningProjects/ww-trainer/experiments/hey_mycroft/dataset/negatives/processed/001939.wav
0,1,0.6418,experiments/hey_mycroft/dataset/negatives/not_wake_word_subset/not_wake_word_05754.wav
0,1,0.6606,experiments/hey_mycroft/dataset/negatives/not_wake_word_subset/not_wake_word_02171.wav
0,1,0.7666,/home/miro/Workspace/MachineLearningProjects/ww-trainer/experiments/hey_mycroft/dataset/negatives/processed/000944.wav
0,1,0.6703,experiments/hey_mycroft/dataset/negatives/not_wake_word_subset/not_wake_word_03034.wav
0,1,0.6563,experiments/hey_mycroft/dataset/negatives/not_wake_word_subset/not_wake_word_02866.wav
0,1,0.7079,experiments/hey_mycroft/dataset/negatives/not_wake_word_subset/not_wake_word_03524.wav
0,1,0.7328,experiments/hey_mycroft/dataset/negatives/not_wake_word_subset/not_wake_word_05342.wav
0,1,0.7084,experiments/hey_mycroft/dataset/negatives/not_wake_word_subset/not_wake_word_05199.wav
0,1,0.7157,experiments/hey_mycroft/dataset/negatives/not_wake_word_subset/not_wake_word_05551.wav
0,1,0.6145,experiments/hey_mycroft/dataset/negatives/not_wake_word_subset/not_wake_word_05389.wav
0,1,0.7433,experiments/hey_mycroft/dataset/negatives/not_wake_word_subset/not_wake_word_06750.wav
0,1,0.7661,experiments/hey_mycroft/dataset/negatives/not_wake_word_subset/not_wake_word_02706.wav
0,1,0.5540,/home/miro/Workspace/MachineLearningProjects/ww-trainer/experiments/hey_mycroft/dataset/negatives/processed/000527.wav
0,1,0.6834,experiments/hey_mycroft/dataset/negatives/not_wake_word_subset/not_wake_word_07528.wav
0,1,0.7170,experiments/hey_mycroft/dataset/negatives/not_wake_word_subset/not_wake_word_03020.wav
0,1,0.6671,experiments/hey_mycroft/dataset/negatives/not_wake_word_subset/not_wake_word_05503.wav
0,1,0.6436,/home/miro/Workspace/MachineLearningProjects/ww-trainer/experiments/hey_mycroft/dataset/negatives/processed/001520.wav
0,1,0.7014,experiments/hey_mycroft/dataset/negatives/not_wake_word_subset/not_wake_word_06202.wav
0,1,0.6656,experiments/hey_mycroft/dataset/negatives/not_wake_word_subset/not_wake_word_03314.wav
0,1,0.7563,experiments/hey_mycroft/dataset/negatives/not_wake_word_subset/not_wake_word_03347.wav
0,1,0.6130,experiments/hey_mycroft/dataset/negatives/not_wake_word_subset/not_wake_word_07429.wav
0,1,0.7650,experiments/hey_mycroft/dataset/negatives/not_wake_word_subset/not_wake_word_02292.wav
0,1,0.7159,experiments/hey_mycroft/dataset/negatives/not_wake_word_subset/not_wake_word_03743.wav
0,1,0.6448,experiments/hey_mycroft/dataset/negatives/not_wake_word_subset/not_wake_word_07989.wav
0,1,0.8024,/home/miro/Workspace/MachineLearningProjects/ww-trainer/experiments/hey_mycroft/dataset/negatives/processed/000946.wav
0,1,0.6548,experiments/hey_mycroft/dataset/negatives/not_wake_word_subset/not_wake_word_04363.wav
0,1,0.6857,experiments/hey_mycroft/dataset/negatives/not_wake_word_subset/not_wake_word_04009.wav
0,1,0.6429,experiments/hey_mycroft/dataset/negatives/not_wake_word_subset/not_wake_word_02543.wav
0,1,0.7326,experiments/hey_mycroft/dataset/negatives/not_wake_word_subset/not_wake_word_06390.wav
0,1,0.6925,experiments/hey_mycroft/dataset/negatives/not_wake_word_subset/not_wake_word_01002.wav
0,1,0.7144,experiments/hey_mycroft/dataset/negatives/not_wake_word_subset/not_wake_word_05257.wav
0,1,0.6848,experiments/hey_mycroft/dataset/negatives/not_wake_word_subset/not_wake_word_01275.wav
0,1,0.6775,experiments/hey_mycroft/dataset/negatives/not_wake_word_subset/not_wake_word_03296.wav
0,1,0.7087,experiments/hey_mycroft/dataset/negatives/not_wake_word_subset/not_wake_word_08853.wav
0,1,0.7127,experiments/hey_mycroft/dataset/negatives/not_wake_word_subset/not_wake_word_05933.wav
0,1,0.7428,experiments/hey_mycroft/dataset/negatives/not_wake_word_subset/not_wake_word_02144.wav
0,1,0.5792,experiments/hey_mycroft/dataset/negatives/not_wake_word_subset/not_wake_word_06110.wav
0,1,0.6605,experiments/hey_mycroft/dataset/negatives/not_wake_word_subset/not_wake_word_01795.wav
0,1,0.7410,experiments/hey_mycroft/dataset/negatives/not_wake_word_subset/not_wake_word_02268.wav
0,1,0.7083,experiments/hey_mycroft/dataset/negatives/not_wake_word_subset/not_wake_word_02731.wav
0,1,0.7304,experiments/hey_mycroft/dataset/negatives/not_wake_word_subset/not_wake_word_06332.wav
0,1,0.6443,/home/miro/Workspace/MachineLearningProjects/ww-trainer/experiments/hey_mycroft/dataset/negatives/processed/000294.wav
0,1,0.6313,experiments/hey_mycroft/dataset/negatives/not_wake_word_subset/not_wake_word_08361.wav
0,1,0.6567,experiments/hey_mycroft/dataset/negatives/not_wake_word_subset/not_wake_word_01077.wav
0,1,0.6594,experiments/hey_mycroft/dataset/negatives/not_wake_word_subset/not_wake_word_03040.wav
0,1,0.7606,/home/miro/Workspace/MachineLearningProjects/ww-trainer/experiments/hey_mycroft/dataset/negatives/processed/001459.wav
0,1,0.6901,experiments/hey_mycroft/dataset/negatives/not_wake_word_subset/not_wake_word_08406.wav
0,1,0.5154,/home/miro/Workspace/MachineLearningProjects/ww-trainer/experiments/hey_mycroft/dataset/negatives/processed/000642.wav
0,1,0.7280,experiments/hey_mycroft/dataset/negatives/not_wake_word_subset/not_wake_word_01680.wav
0,1,0.6805,experiments/hey_mycroft/dataset/negatives/not_wake_word_subset/not_wake_word_00965.wav
0,1,0.6780,/home/miro/Workspace/MachineLearningProjects/ww-trainer/experiments/hey_mycroft/dataset/negatives/processed/001812.wav
0,1,0.5426,/home/miro/Workspace/MachineLearningProjects/ww-trainer/experiments/hey_mycroft/dataset/negatives/processed/001659.wav
0,1,0.7032,experiments/hey_mycroft/dataset/negatives/not_wake_word_subset/not_wake_word_03631.wav
0,1,0.7054,/home/miro/Workspace/MachineLearningProjects/ww-trainer/experiments/hey_mycroft/dataset/negatives/processed/000177.wav
0,1,0.7217,/home/miro/Workspace/MachineLearningProjects/ww-trainer/experiments/hey_mycroft/dataset/negatives/processed/000239.wav
0,1,0.6355,experiments/hey_mycroft/dataset/negatives/not_wake_word_subset/not_wake_word_02030.wav
0,1,0.7076,experiments/hey_mycroft/dataset/negatives/not_wake_word_subset/not_wake_word_07702.wav
0,1,0.7974,/home/miro/Workspace/MachineLearningProjects/ww-trainer/experiments/hey_mycroft/dataset/negatives/processed/001463.wav
0,1,0.7754,experiments/hey_mycroft/dataset/negatives/not_wake_word_subset/not_wake_word_04804.wav
0,1,0.7101,experiments/hey_mycroft/dataset/negatives/not_wake_word_subset/not_wake_word_06529.wav
0,1,0.6678,experiments/hey_mycroft/dataset/negatives/not_wake_word_subset/not_wake_word_04310.wav
0,1,0.6134,/home/miro/Workspace/MachineLearningProjects/ww-trainer/experiments/hey_mycroft/dataset/negatives/processed/000365.wav
0,1,0.6426,experiments/hey_mycroft/dataset/negatives/not_wake_word_subset/not_wake_word_05978.wav
0,1,0.6971,/home/miro/Workspace/MachineLearningProjects/ww-trainer/experiments/hey_mycroft/dataset/negatives/processed/000291.wav
0,1,0.6277,experiments/hey_mycroft/dataset/negatives/not_wake_word_subset/not_wake_word_03578.wav
0,1,0.6422,experiments/hey_mycroft/dataset/negatives/not_wake_word_subset/not_wake_word_06978.wav
0,1,0.5725,experiments/hey_mycroft/dataset/negatives/not_wake_word_subset/not_wake_word_05171.wav
0,1,0.6623,experiments/hey_mycroft/dataset/negatives/not_wake_word_subset/not_wake_word_02678.wav
0,1,0.6440,experiments/hey_mycroft/dataset/negatives/not_wake_word_subset/not_wake_word_05333.wav
0,1,0.6709,experiments/hey_mycroft/dataset/negatives/not_wake_word_subset/not_wake_word_02542.wav
0,1,0.5492,experiments/hey_mycroft/dataset/negatives/not_wake_word_subset/not_wake_word_00167.wav
0,1,0.6178,experiments/hey_mycroft/dataset/negatives/not_wake_word_subset/not_wake_word_06924.wav
0,1,0.6564,experiments/hey_mycroft/dataset/negatives/not_wake_word_subset/not_wake_word_02191.wav
0,1,0.6359,experiments/hey_mycroft/dataset/negatives/not_wake_word_subset/not_wake_word_00740.wav
0,1,0.6367,experiments/hey_mycroft/dataset/negatives/not_wake_word_subset/not_wake_word_08539.wav
0,1,0.6677,experiments/hey_mycroft/dataset/negatives/not_wake_word_subset/not_wake_word_04159.wav
0,1,0.5090,/home/miro/Workspace/MachineLearningProjects/ww-trainer/experiments/hey_mycroft/dataset/negatives/processed/000470.wav
0,1,0.6823,experiments/hey_mycroft/dataset/negatives/not_wake_word_subset/not_wake_word_04617.wav
0,1,0.6100,/home/miro/Workspace/MachineLearningProjects/ww-trainer/experiments/hey_mycroft/dataset/negatives/processed/000194.wav
0,1,0.7655,experiments/hey_mycroft/dataset/negatives/not_wake_word_subset/not_wake_word_04174.wav
0,1,0.6615,experiments/hey_mycroft/dataset/negatives/not_wake_word_subset/not_wake_word_07149.wav
0,1,0.6557,experiments/hey_mycroft/dataset/negatives/not_wake_word_subset/not_wake_word_00868.wav
0,1,0.6745,experiments/hey_mycroft/dataset/negatives/not_wake_word_subset/not_wake_word_01791.wav
0,1,0.6730,experiments/hey_mycroft/dataset/negatives/not_wake_word_subset/not_wake_word_04862.wav
0,1,0.6853,experiments/hey_mycroft/dataset/negatives/not_wake_word_subset/not_wake_word_00323.wav
0,1,0.6749,experiments/hey_mycroft/dataset/negatives/not_wake_word_subset/not_wake_word_01404.wav
0,1,0.7002,experiments/hey_mycroft/dataset/negatives/not_wake_word_subset/not_wake_word_05410.wav
0,1,0.6690,/home/miro/Workspace/MachineLearningProjects/ww-trainer/experiments/hey_mycroft/dataset/negatives/processed/000404.wav
0,1,0.6397,experiments/hey_mycroft/dataset/negatives/not_wake_word_subset/not_wake_word_07533.wav
0,1,0.6780,experiments/hey_mycroft/dataset/negatives/not_wake_word_subset/not_wake_word_05226.wav
0,1,0.7195,/home/miro/Workspace/MachineLearningProjects/ww-trainer/experiments/hey_mycroft/dataset/negatives/processed/000107.wav
0,1,0.6879,/home/miro/Workspace/MachineLearningProjects/ww-trainer/experiments/hey_mycroft/dataset/negatives/processed/001245.wav
0,1,0.6695,experiments/hey_mycroft/dataset/negatives/not_wake_word_subset/not_wake_word_00638.wav
0,1,0.7140,experiments/hey_mycroft/dataset/negatives/not_wake_word_subset/not_wake_word_00669.wav
0,1,0.7348,experiments/hey_mycroft/dataset/negatives/not_wake_word_subset/not_wake_word_08852.wav
0,1,0.6158,experiments/hey_mycroft/dataset/negatives/not_wake_word_subset/not_wake_word_02553.wav
0,1,0.7450,experiments/hey_mycroft/dataset/negatives/not_wake_word_subset/not_wake_word_05461.wav
0,1,0.6800,experiments/hey_mycroft/dataset/negatives/not_wake_word_subset/not_wake_word_04935.wav
0,1,0.6660,/home/miro/Workspace/MachineLearningProjects/ww-trainer/experiments/hey_mycroft/dataset/negatives/processed/001603.wav
0,1,0.7313,experiments/hey_mycroft/dataset/negatives/not_wake_word_subset/not_wake_word_01886.wav
0,1,0.7219,experiments/hey_mycroft/dataset/negatives/not_wake_word_subset/not_wake_word_01236.wav
0,1,0.6076,experiments/hey_mycroft/dataset/negatives/not_wake_word_subset/not_wake_word_03744.wav
0,1,0.6823,experiments/hey_mycroft/dataset/negatives/not_wake_word_subset/not_wake_word_01209.wav
0,1,0.6471,experiments/hey_mycroft/dataset/negatives/not_wake_word_subset/not_wake_word_05935.wav
0,1,0.6924,/home/miro/Workspace/MachineLearningProjects/ww-trainer/experiments/hey_mycroft/dataset/negatives/processed/000536.wav
0,1,0.7563,/home/miro/Workspace/MachineLearningProjects/ww-trainer/experiments/hey_mycroft/dataset/negatives/processed/001000.wav
0,1,0.6777,experiments/hey_mycroft/dataset/negatives/not_wake_word_subset/not_wake_word_00758.wav
0,1,0.6851,experiments/hey_mycroft/dataset/negatives/not_wake_word_subset/not_wake_word_06054.wav
0,1,0.6819,experiments/hey_mycroft/dataset/negatives/not_wake_word_subset/not_wake_word_03854.wav
0,1,0.6150,experiments/hey_mycroft/dataset/negatives/not_wake_word_subset/not_wake_word_06889.wav
0,1,0.6363,/home/miro/Workspace/MachineLearningProjects/ww-trainer/experiments/hey_mycroft/dataset/negatives/processed/000426.wav
0,1,0.6600,experiments/hey_mycroft/dataset/negatives/not_wake_word_subset/not_wake_word_08946.wav
0,1,0.7431,experiments/hey_mycroft/dataset/negatives/not_wake_word_subset/not_wake_word_03390.wav
0,1,0.6530,experiments/hey_mycroft/dataset/negatives/not_wake_word_subset/not_wake_word_02720.wav
0,1,0.6952,experiments/hey_mycroft/dataset/negatives/not_wake_word_subset/not_wake_word_07580.wav
0,1,0.7289,experiments/hey_mycroft/dataset/negatives/not_wake_word_subset/not_wake_word_08794.wav
0,1,0.6711,experiments/hey_mycroft/dataset/negatives/not_wake_word_subset/not_wake_word_02998.wav
0,1,0.7290,experiments/hey_mycroft/dataset/negatives/not_wake_word_subset/not_wake_word_06738.wav
0,1,0.7387,experiments/hey_mycroft/dataset/negatives/not_wake_word_subset/not_wake_word_08728.wav
0,1,0.6467,/home/miro/Workspace/MachineLearningProjects/ww-trainer/experiments/hey_mycroft/dataset/negatives/processed/001574.wav
0,1,0.6608,/home/miro/Workspace/MachineLearningProjects/ww-trainer/experiments/hey_mycroft/dataset/negatives/processed/000561.wav
0,1,0.7611,experiments/hey_mycroft/dataset/negatives/not_wake_word_subset/not_wake_word_01490.wav
0,1,0.7208,experiments/hey_mycroft/dataset/negatives/not_wake_word_subset/not_wake_word_06623.wav
0,1,0.6774,experiments/hey_mycroft/dataset/negatives/not_wake_word_subset/not_wake_word_09026.wav
0,1,0.6380,experiments/hey_mycroft/dataset/negatives/not_wake_word_subset/not_wake_word_03082.wav
0,1,0.7084,experiments/hey_mycroft/dataset/negatives/not_wake_word_subset/not_wake_word_04017.wav
0,1,0.6490,/home/miro/Workspace/MachineLearningProjects/ww-trainer/experiments/hey_mycroft/dataset/negatives/processed/000798.wav
0,1,0.6727,experiments/hey_mycroft/dataset/negatives/not_wake_word_subset/not_wake_word_00723.wav
0,1,0.5426,/home/miro/Workspace/MachineLearningProjects/ww-trainer/experiments/hey_mycroft/dataset/negatives/processed/001836.wav
0,1,0.6819,experiments/hey_mycroft/dataset/negatives/not_wake_word_subset/not_wake_word_02145.wav
0,1,0.6661,experiments/hey_mycroft/dataset/negatives/not_wake_word_subset/not_wake_word_04034.wav
0,1,0.5797,/home/miro/Workspace/MachineLearningProjects/ww-trainer/experiments/hey_mycroft/dataset/negatives/processed/000386.wav
0,1,0.6552,experiments/hey_mycroft/dataset/negatives/not_wake_word_subset/not_wake_word_08380.wav
0,1,0.6870,experiments/hey_mycroft/dataset/negatives/not_wake_word_subset/not_wake_word_07008.wav
0,1,0.6073,experiments/hey_mycroft/dataset/negatives/not_wake_word_subset/not_wake_word_01013.wav
0,1,0.5090,experiments/hey_mycroft/dataset/negatives/not_wake_word_subset/not_wake_word_01246.wav
0,1,0.6664,experiments/hey_mycroft/dataset/negatives/not_wake_word_subset/not_wake_word_06228.wav
0,1,0.5891,experiments/hey_mycroft/dataset/negatives/not_wake_word_subset/not_wake_word_03984.wav
0,1,0.7066,experiments/hey_mycroft/dataset/negatives/not_wake_word_subset/not_wake_word_08775.wav
0,1,0.6599,experiments/hey_mycroft/dataset/negatives/not_wake_word_subset/not_wake_word_02585.wav
0,1,0.7488,experiments/hey_mycroft/dataset/negatives/not_wake_word_subset/not_wake_word_04864.wav
0,1,0.6871,experiments/hey_mycroft/dataset/negatives/not_wake_word_subset/not_wake_word_07141.wav
0,1,0.7038,experiments/hey_mycroft/dataset/negatives/not_wake_word_subset/not_wake_word_06077.wav
0,1,0.7249,experiments/hey_mycroft/dataset/negatives/not_wake_word_subset/not_wake_word_01670.wav
0,1,0.7357,experiments/hey_mycroft/dataset/negatives/not_wake_word_subset/not_wake_word_05017.wav
0,1,0.5711,experiments/hey_mycroft/dataset/negatives/not_wake_word_subset/not_wake_word_06268.wav
0,1,0.5922,experiments/hey_mycroft/dataset/negatives/not_wake_word_subset/not_wake_word_07946.wav
0,1,0.6554,experiments/hey_mycroft/dataset/negatives/not_wake_word_subset/not_wake_word_01872.wav
0,1,0.5584,experiments/hey_mycroft/dataset/negatives/not_wake_word_subset/not_wake_word_08994.wav
0,1,0.5479,experiments/hey_mycroft/dataset/negatives/not_wake_word_subset/not_wake_word_04398.wav
0,1,0.6665,experiments/hey_mycroft/dataset/negatives/not_wake_word_subset/not_wake_word_01066.wav
0,1,0.7094,experiments/hey_mycroft/dataset/negatives/not_wake_word_subset/not_wake_word_04154.wav
0,1,0.6281,experiments/hey_mycroft/dataset/negatives/not_wake_word_subset/not_wake_word_07978.wav
0,1,0.6078,experiments/hey_mycroft/dataset/negatives/not_wake_word_subset/not_wake_word_02167.wav
0,1,0.6238,experiments/hey_mycroft/dataset/negatives/not_wake_word_subset/not_wake_word_03538.wav
0,1,0.5879,/home/miro/Workspace/MachineLearningProjects/ww-trainer/experiments/hey_mycroft/dataset/negatives/processed/000483.wav
0,1,0.7271,experiments/hey_mycroft/dataset/negatives/not_wake_word_subset/not_wake_word_04404.wav
0,1,0.7551,experiments/hey_mycroft/dataset/negatives/not_wake_word_subset/not_wake_word_06866.wav
0,1,0.6870,/home/miro/Workspace/MachineLearningProjects/ww-trainer/experiments/hey_mycroft/dataset/negatives/processed/000142.wav
0,1,0.7192,experiments/hey_mycroft/dataset/negatives/not_wake_word_subset/not_wake_word_08278.wav
0,1,0.5988,experiments/hey_mycroft/dataset/negatives/not_wake_word_subset/not_wake_word_07858.wav
0,1,0.6176,experiments/hey_mycroft/dataset/negatives/not_wake_word_subset/not_wake_word_04701.wav
0,1,0.7343,experiments/hey_mycroft/dataset/negatives/not_wake_word_subset/not_wake_word_02497.wav
0,1,0.6922,experiments/hey_mycroft/dataset/negatives/not_wake_word_subset/not_wake_word_01039.wav
0,1,0.6520,experiments/hey_mycroft/dataset/negatives/not_wake_word_subset/not_wake_word_04272.wav
0,1,0.7404,experiments/hey_mycroft/dataset/negatives/not_wake_word_subset/not_wake_word_06053.wav
0,1,0.6184,experiments/hey_mycroft/dataset/negatives/not_wake_word_subset/not_wake_word_07126.wav
0,1,0.6874,experiments/hey_mycroft/dataset/negatives/not_wake_word_subset/not_wake_word_04989.wav
0,1,0.5690,experiments/hey_mycroft/dataset/negatives/not_wake_word_subset/not_wake_word_00932.wav
0,1,0.7542,experiments/hey_mycroft/dataset/negatives/not_wake_word_subset/not_wake_word_08015.wav
0,1,0.6198,experiments/hey_mycroft/dataset/negatives/not_wake_word_subset/not_wake_word_07904.wav
0,1,0.6863,experiments/hey_mycroft/dataset/negatives/not_wake_word_subset/not_wake_word_03422.wav
0,1,0.5354,experiments/hey_mycroft/dataset/negatives/not_wake_word_subset/not_wake_word_04199.wav
0,1,0.7646,experiments/hey_mycroft/dataset/negatives/not_wake_word_subset/not_wake_word_03911.wav
0,1,0.6832,experiments/hey_mycroft/dataset/negatives/not_wake_word_subset/not_wake_word_08710.wav
0,1,0.6498,experiments/hey_mycroft/dataset/negatives/not_wake_word_subset/not_wake_word_04099.wav
0,1,0.6374,experiments/hey_mycroft/dataset/negatives/not_wake_word_subset/not_wake_word_00242.wav
0,1,0.5715,/home/miro/Workspace/MachineLearningProjects/ww-trainer/experiments/hey_mycroft/dataset/negatives/processed/000320.wav
0,1,0.5856,experiments/hey_mycroft/dataset/negatives/not_wake_word_subset/not_wake_word_04892.wav
0,1,0.6144,experiments/hey_mycroft/dataset/negatives/not_wake_word_subset/not_wake_word_06374.wav
0,1,0.6508,experiments/hey_mycroft/dataset/negatives/not_wake_word_subset/not_wake_word_06524.wav
0,1,0.5901,/home/miro/Workspace/MachineLearningProjects/ww-trainer/experiments/hey_mycroft/dataset/negatives/processed/000162.wav
0,1,0.7222,experiments/hey_mycroft/dataset/negatives/not_wake_word_subset/not_wake_word_00499.wav
0,1,0.5922,/home/miro/Workspace/MachineLearningProjects/ww-trainer/experiments/hey_mycroft/dataset/negatives/processed/001516.wav
0,1,0.6707,experiments/hey_mycroft/dataset/negatives/not_wake_word_subset/not_wake_word_00115.wav
0,1,0.6486,experiments/hey_mycroft/dataset/negatives/not_wake_word_subset/not_wake_word_00887.wav
0,1,0.6503,/home/miro/Workspace/MachineLearningProjects/ww-trainer/experiments/hey_mycroft/dataset/negatives/processed/000319.wav
0,1,0.6841,experiments/hey_mycroft/dataset/negatives/not_wake_word_subset/not_wake_word_07137.wav
0,1,0.6493,experiments/hey_mycroft/dataset/negatives/not_wake_word_subset/not_wake_word_02097.wav
0,1,0.7004,experiments/hey_mycroft/dataset/negatives/not_wake_word_subset/not_wake_word_08699.wav
0,1,0.7054,/home/miro/Workspace/MachineLearningProjects/ww-trainer/experiments/hey_mycroft/dataset/negatives/processed/000177.wav
0,1,0.5707,/home/miro/Workspace/MachineLearningProjects/ww-trainer/experiments/hey_mycroft/dataset/negatives/processed/000039.wav
0,1,0.5509,experiments/hey_mycroft/dataset/negatives/not_wake_word_subset/not_wake_word_00036.wav
0,1,0.7024,experiments/hey_mycroft/dataset/negatives/not_wake_word_subset/not_wake_word_08168.wav
0,1,0.6514,experiments/hey_mycroft/dataset/negatives/not_wake_word_subset/not_wake_word_01531.wav
0,1,0.6291,experiments/hey_mycroft/dataset/negatives/not_wake_word_subset/not_wake_word_00668.wav
0,1,0.6528,experiments/hey_mycroft/dataset/negatives/not_wake_word_subset/not_wake_word_03791.wav
0,1,0.7357,experiments/hey_mycroft/dataset/negatives/not_wake_word_subset/not_wake_word_01632.wav
0,1,0.6642,experiments/hey_mycroft/dataset/negatives/not_wake_word_subset/not_wake_word_04478.wav
0,1,0.6731,experiments/hey_mycroft/dataset/negatives/not_wake_word_subset/not_wake_word_03684.wav
0,1,0.6765,experiments/hey_mycroft/dataset/negatives/not_wake_word_subset/not_wake_word_06051.wav
0,1,0.8348,/home/miro/Workspace/MachineLearningProjects/ww-trainer/experiments/hey_mycroft/dataset/negatives/processed/001212.wav
0,1,0.5812,/home/miro/Workspace/MachineLearningProjects/ww-trainer/experiments/hey_mycroft/dataset/negatives/processed/000052.wav
0,1,0.6349,/home/miro/Workspace/MachineLearningProjects/ww-trainer/experiments/hey_mycroft/dataset/negatives/processed/000185.wav
0,1,0.5244,/home/miro/Workspace/MachineLearningProjects/ww-trainer/experiments/hey_mycroft/dataset/negatives/processed/001601.wav
0,1,0.6911,experiments/hey_mycroft/dataset/negatives/not_wake_word_subset/not_wake_word_06300.wav
0,1,0.6091,/home/miro/Workspace/MachineLearningProjects/ww-trainer/experiments/hey_mycroft/dataset/negatives/processed/000145.wav
0,1,0.5650,/home/miro/Workspace/MachineLearningProjects/ww-trainer/experiments/hey_mycroft/dataset/negatives/processed/000018.wav
0,1,0.7774,experiments/hey_mycroft/dataset/negatives/not_wake_word_subset/not_wake_word_03522.wav
0,1,0.6288,experiments/hey_mycroft/dataset/negatives/not_wake_word_subset/not_wake_word_02926.wav
0,1,0.7170,/home/miro/Workspace/MachineLearningProjects/ww-trainer/experiments/hey_mycroft/dataset/negatives/processed/000664.wav
0,1,0.7153,experiments/hey_mycroft/dataset/negatives/not_wake_word_subset/not_wake_word_04352.wav
0,1,0.6000,experiments/hey_mycroft/dataset/negatives/not_wake_word_subset/not_wake_word_05926.wav
0,1,0.7549,experiments/hey_mycroft/dataset/negatives/not_wake_word_subset/not_wake_word_05206.wav
0,1,0.7240,experiments/hey_mycroft/dataset/negatives/not_wake_word_subset/not_wake_word_08504.wav
0,1,0.5315,/home/miro/Workspace/MachineLearningProjects/ww-trainer/experiments/hey_mycroft/dataset/negatives/processed/001585.wav
0,1,0.6924,experiments/hey_mycroft/dataset/negatives/not_wake_word_subset/not_wake_word_01738.wav
0,1,0.6913,/home/miro/Workspace/MachineLearningProjects/ww-trainer/experiments/hey_mycroft/dataset/negatives/processed/001746.wav
0,1,0.7088,/home/miro/Workspace/MachineLearningProjects/ww-trainer/experiments/hey_mycroft/dataset/negatives/processed/001677.wav
0,1,0.7221,experiments/hey_mycroft/dataset/negatives/not_wake_word_subset/not_wake_word_07132.wav
0,1,0.6505,experiments/hey_mycroft/dataset/negatives/not_wake_word_subset/not_wake_word_06055.wav
0,1,0.5720,experiments/hey_mycroft/dataset/negatives/not_wake_word_subset/not_wake_word_05953.wav
0,1,0.6378,experiments/hey_mycroft/dataset/negatives/not_wake_word_subset/not_wake_word_00662.wav
0,1,0.7380,experiments/hey_mycroft/dataset/negatives/not_wake_word_subset/not_wake_word_06987.wav
0,1,0.5635,experiments/hey_mycroft/dataset/negatives/not_wake_word_subset/not_wake_word_01487.wav
0,1,0.6109,/home/miro/Workspace/MachineLearningProjects/ww-trainer/experiments/hey_mycroft/dataset/negatives/processed/000478.wav
0,1,0.6633,experiments/hey_mycroft/dataset/negatives/not_wake_word_subset/not_wake_word_07063.wav
0,1,0.5378,experiments/hey_mycroft/dataset/negatives/not_wake_word_subset/not_wake_word_00571.wav
0,1,0.6192,experiments/hey_mycroft/dataset/negatives/not_wake_word_subset/not_wake_word_04066.wav
0,1,0.6000,/home/miro/Workspace/MachineLearningProjects/ww-trainer/experiments/hey_mycroft/dataset/negatives/processed/000736.wav
0,1,0.7399,/home/miro/Workspace/MachineLearningProjects/ww-trainer/experiments/hey_mycroft/dataset/negatives/processed/000622.wav
0,1,0.7316,experiments/hey_mycroft/dataset/negatives/not_wake_word_subset/not_wake_word_03184.wav
0,1,0.6341,experiments/hey_mycroft/dataset/negatives/not_wake_word_subset/not_wake_word_06654.wav
0,1,0.6945,experiments/hey_mycroft/dataset/negatives/not_wake_word_subset/not_wake_word_01021.wav
0,1,0.7996,/home/miro/Workspace/MachineLearningProjects/ww-trainer/experiments/hey_mycroft/dataset/negatives/processed/001530.wav
0,1,0.6425,/home/miro/Workspace/MachineLearningProjects/ww-trainer/experiments/hey_mycroft/dataset/negatives/processed/000663.wav
0,1,0.7517,experiments/hey_mycroft/dataset/negatives/not_wake_word_subset/not_wake_word_07244.wav
0,1,0.7766,experiments/hey_mycroft/dataset/negatives/not_wake_word_subset/not_wake_word_05024.wav
0,1,0.7276,experiments/hey_mycroft/dataset/negatives/not_wake_word_subset/not_wake_word_06917.wav
0,1,0.6125,/home/miro/Workspace/MachineLearningProjects/ww-trainer/experiments/hey_mycroft/dataset/negatives/processed/000689.wav
0,1,0.6116,experiments/hey_mycroft/dataset/negatives/not_wake_word_subset/not_wake_word_07570.wav
0,1,0.7196,experiments/hey_mycroft/dataset/negatives/not_wake_word_subset/not_wake_word_04674.wav
0,1,0.5768,experiments/hey_mycroft/dataset/negatives/not_wake_word_subset/not_wake_word_03376.wav
0,1,0.5908,experiments/hey_mycroft/dataset/negatives/not_wake_word_subset/not_wake_word_08541.wav
0,1,0.6608,experiments/hey_mycroft/dataset/negatives/not_wake_word_subset/not_wake_word_08138.wav
0,1,0.6859,experiments/hey_mycroft/dataset/negatives/not_wake_word_subset/not_wake_word_02427.wav
0,1,0.5966,/home/miro/Workspace/MachineLearningProjects/ww-trainer/experiments/hey_mycroft/dataset/negatives/processed/000065.wav
0,1,0.5198,experiments/hey_mycroft/dataset/negatives/not_wake_word_subset/not_wake_word_06487.wav
0,1,0.8295,/home/miro/Workspace/MachineLearningProjects/ww-trainer/experiments/hey_mycroft/dataset/negatives/processed/001461.wav
0,1,0.5797,experiments/hey_mycroft/dataset/negatives/not_wake_word_subset/not_wake_word_06771.wav
0,1,0.6588,experiments/hey_mycroft/dataset/negatives/not_wake_word_subset/not_wake_word_03140.wav
0,1,0.6627,experiments/hey_mycroft/dataset/negatives/not_wake_word_subset/not_wake_word_04023.wav
0,1,0.7406,experiments/hey_mycroft/dataset/negatives/not_wake_word_subset/not_wake_word_00321.wav
0,1,0.6887,experiments/hey_mycroft/dataset/negatives/not_wake_word_subset/not_wake_word_07906.wav
0,1,0.5830,experiments/hey_mycroft/dataset/negatives/not_wake_word_subset/not_wake_word_04120.wav
0,1,0.7435,experiments/hey_mycroft/dataset/negatives/not_wake_word_subset/not_wake_word_03511.wav
0,1,0.6521,experiments/hey_mycroft/dataset/negatives/not_wake_word_subset/not_wake_word_03067.wav
0,1,0.6517,experiments/hey_mycroft/dataset/negatives/not_wake_word_subset/not_wake_word_03156.wav
0,1,0.6789,experiments/hey_mycroft/dataset/negatives/not_wake_word_subset/not_wake_word_00944.wav
0,1,0.7311,experiments/hey_mycroft/dataset/negatives/not_wake_word_subset/not_wake_word_04472.wav
0,1,0.5885,/home/miro/Workspace/MachineLearningProjects/ww-trainer/experiments/hey_mycroft/dataset/negatives/processed/000034.wav
0,1,0.6377,experiments/hey_mycroft/dataset/negatives/not_wake_word_subset/not_wake_word_03120.wav
0,1,0.7088,experiments/hey_mycroft/dataset/negatives/not_wake_word_subset/not_wake_word_07727.wav
0,1,0.7364,/home/miro/Workspace/MachineLearningProjects/ww-trainer/experiments/hey_mycroft/dataset/negatives/processed/000789.wav
0,1,0.5413,experiments/hey_mycroft/dataset/negatives/not_wake_word_subset/not_wake_word_01428.wav
0,1,0.7718,experiments/hey_mycroft/dataset/negatives/not_wake_word_subset/not_wake_word_08704.wav
0,1,0.6073,experiments/hey_mycroft/dataset/negatives/not_wake_word_subset/not_wake_word_00563.wav
0,1,0.7275,experiments/hey_mycroft/dataset/negatives/not_wake_word_subset/not_wake_word_07374.wav
0,1,0.6052,/home/miro/Workspace/MachineLearningProjects/ww-trainer/experiments/hey_mycroft/dataset/negatives/processed/000068.wav
0,1,0.6428,experiments/hey_mycroft/dataset/negatives/not_wake_word_subset/not_wake_word_04166.wav
0,1,0.5760,experiments/hey_mycroft/dataset/negatives/not_wake_word_subset/not_wake_word_01828.wav
0,1,0.7197,experiments/hey_mycroft/dataset/negatives/not_wake_word_subset/not_wake_word_01439.wav
0,1,0.7015,experiments/hey_mycroft/dataset/negatives/not_wake_word_subset/not_wake_word_03658.wav
0,1,0.6460,experiments/hey_mycroft/dataset/negatives/not_wake_word_subset/not_wake_word_08057.wav
0,1,0.7313,experiments/hey_mycroft/dataset/negatives/not_wake_word_subset/not_wake_word_07387.wav
0,1,0.7508,experiments/hey_mycroft/dataset/negatives/not_wake_word_subset/not_wake_word_02061.wav
0,1,0.7606,experiments/hey_mycroft/dataset/negatives/not_wake_word_subset/not_wake_word_03253.wav
0,1,0.6312,experiments/hey_mycroft/dataset/negatives/not_wake_word_subset/not_wake_word_00817.wav
0,1,0.5099,/home/miro/Workspace/MachineLearningProjects/ww-trainer/experiments/hey_mycroft/dataset/negatives/processed/001043.wav
0,1,0.7369,experiments/hey_mycroft/dataset/negatives/not_wake_word_subset/not_wake_word_04931.wav
0,1,0.7154,experiments/hey_mycroft/dataset/negatives/not_wake_word_subset/not_wake_word_02451.wav
0,1,0.7353,experiments/hey_mycroft/dataset/negatives/not_wake_word_subset/not_wake_word_00978.wav
0,1,0.6995,/home/miro/Workspace/MachineLearningProjects/ww-trainer/experiments/hey_mycroft/dataset/negatives/processed/000233.wav
0,1,0.6381,experiments/hey_mycroft/dataset/negatives/not_wake_word_subset/not_wake_word_04824.wav
0,1,0.7094,experiments/hey_mycroft/dataset/negatives/not_wake_word_subset/not_wake_word_04541.wav
0,1,0.6937,experiments/hey_mycroft/dataset/negatives/not_wake_word_subset/not_wake_word_07942.wav
0,1,0.6685,experiments/hey_mycroft/dataset/negatives/not_wake_word_subset/not_wake_word_03359.wav
0,1,0.7388,/home/miro/Workspace/MachineLearningProjects/ww-trainer/experiments/hey_mycroft/dataset/negatives/processed/000622.wav
0,1,0.6162,experiments/hey_mycroft/dataset/negatives/not_wake_word_subset/not_wake_word_00917.wav
0,1,0.6263,experiments/hey_mycroft/dataset/negatives/not_wake_word_subset/not_wake_word_02698.wav
0,1,0.6686,/home/miro/Workspace/MachineLearningProjects/ww-trainer/experiments/hey_mycroft/dataset/negatives/processed/000819.wav
0,1,0.6879,experiments/hey_mycroft/dataset/negatives/not_wake_word_subset/not_wake_word_06544.wav
