/home/miro/Workspace/MachineLearningProjects/ww-trainer/experiments/hey_mycroft/dataset/negatives/processed/000665.wav,0
/home/miro/Workspace/MachineLearningProjects/ww-trainer/experiments/hey_mycroft/dataset/negatives/processed/000004.wav,0
/home/miro/Workspace/MachineLearningProjects/ww-trainer/experiments/hey_mycroft/dataset/negatives/processed/000600.wav,0
/home/miro/Workspace/MachineLearningProjects/ww-trainer/experiments/hey_mycroft/dataset/negatives/processed/000693.wav,0
/home/miro/Workspace/MachineLearningProjects/ww-trainer/experiments/hey_mycroft/dataset/negatives/processed/001575.wav,0
/home/miro/Workspace/MachineLearningProjects/ww-trainer/experiments/hey_mycroft/dataset/negatives/processed/000218.wav,0
/home/miro/Workspace/MachineLearningProjects/ww-trainer/experiments/hey_mycroft/dataset/negatives/processed/000574.wav,0
/home/miro/Workspace/MachineLearningProjects/ww-trainer/experiments/hey_mycroft/dataset/negatives/processed/000306.wav,0
/home/miro/Workspace/MachineLearningProjects/ww-trainer/experiments/hey_mycroft/dataset/negatives/processed/000553.wav,0
/home/miro/Workspace/MachineLearningProjects/ww-trainer/experiments/hey_mycroft/dataset/negatives/processed/001334.wav,0
/home/miro/Workspace/MachineLearningProjects/ww-trainer/experiments/hey_mycroft/dataset/negatives/processed/000236.wav,0
/home/miro/Workspace/MachineLearningProjects/ww-trainer/experiments/hey_mycroft/dataset/negatives/processed/001721.wav,0
/home/miro/Workspace/MachineLearningProjects/ww-trainer/experiments/hey_mycroft/dataset/negatives/processed/000773.wav,0
/home/miro/Workspace/MachineLearningProjects/ww-trainer/experiments/hey_mycroft/dataset/negatives/processed/000628.wav,0
/home/miro/Workspace/MachineLearningProjects/ww-trainer/experiments/hey_mycroft/dataset/positives/processed/000135.wav,1
/home/miro/Workspace/MachineLearningProjects/ww-trainer/experiments/hey_mycroft/dataset/negatives/processed/001786.wav,0
/home/miro/Workspace/MachineLearningProjects/ww-trainer/experiments/hey_mycroft/dataset/negatives/processed/001791.wav,0
/home/miro/Workspace/MachineLearningProjects/ww-trainer/experiments/hey_mycroft/dataset/negatives/processed/000674.wav,0
/home/miro/Workspace/MachineLearningProjects/ww-trainer/experiments/hey_mycroft/dataset/negatives/processed/001410.wav,0
/home/miro/Workspace/MachineLearningProjects/ww-trainer/experiments/hey_mycroft/dataset/negatives/processed/001745.wav,0
/home/miro/Workspace/MachineLearningProjects/ww-trainer/experiments/hey_mycroft/dataset/negatives/processed/001299.wav,0
/home/miro/Workspace/MachineLearningProjects/ww-trainer/experiments/hey_mycroft/dataset/negatives/processed/000492.wav,0
/home/miro/Workspace/MachineLearningProjects/ww-trainer/experiments/hey_mycroft/dataset/negatives/processed/001599.wav,0
/home/miro/Workspace/MachineLearningProjects/ww-trainer/experiments/hey_mycroft/dataset/positives/processed/000119.wav,1
/home/miro/Workspace/MachineLearningProjects/ww-trainer/experiments/hey_mycroft/dataset/negatives/processed/000385.wav,0
/home/miro/Workspace/MachineLearningProjects/ww-trainer/experiments/hey_mycroft/dataset/negatives/processed/000032.wav,0
/home/miro/Workspace/MachineLearningProjects/ww-trainer/experiments/hey_mycroft/dataset/negatives/processed/001548.wav,0
/home/miro/Workspace/MachineLearningProjects/ww-trainer/experiments/hey_mycroft/dataset/negatives/processed/000060.wav,0
/home/miro/Workspace/MachineLearningProjects/ww-trainer/experiments/hey_mycroft/dataset/negatives/processed/000077.wav,0
/home/miro/Workspace/MachineLearningProjects/ww-trainer/experiments/hey_mycroft/dataset/negatives/processed/000049.wav,0
/home/miro/Workspace/MachineLearningProjects/ww-trainer/experiments/hey_mycroft/dataset/negatives/processed/000334.wav,0
/home/miro/Workspace/MachineLearningProjects/ww-trainer/experiments/hey_mycroft/dataset/negatives/processed/001014.wav,0
/home/miro/Workspace/MachineLearningProjects/ww-trainer/experiments/hey_mycroft/dataset/negatives/processed/000382.wav,0
/home/miro/Workspace/MachineLearningProjects/ww-trainer/experiments/hey_mycroft/dataset/negatives/processed/000468.wav,0
/home/miro/Workspace/MachineLearningProjects/ww-trainer/experiments/hey_mycroft/dataset/negatives/processed/000247.wav,0
/home/miro/Workspace/MachineLearningProjects/ww-trainer/experiments/hey_mycroft/dataset/positives/processed/000114.wav,1
/home/miro/Workspace/MachineLearningProjects/ww-trainer/experiments/hey_mycroft/dataset/negatives/processed/000974.wav,0
/home/miro/Workspace/MachineLearningProjects/ww-trainer/experiments/hey_mycroft/dataset/negatives/processed/001513.wav,0
/home/miro/Workspace/MachineLearningProjects/ww-trainer/experiments/hey_mycroft/dataset/negatives/processed/001001.wav,0
/home/miro/Workspace/MachineLearningProjects/ww-trainer/experiments/hey_mycroft/dataset/negatives/processed/000040.wav,0
/home/miro/Workspace/MachineLearningProjects/ww-trainer/experiments/hey_mycroft/dataset/negatives/processed/000961.wav,0
/home/miro/Workspace/MachineLearningProjects/ww-trainer/experiments/hey_mycroft/dataset/negatives/processed/000975.wav,0
/home/miro/Workspace/MachineLearningProjects/ww-trainer/experiments/hey_mycroft/dataset/negatives/processed/000094.wav,0
/home/miro/Workspace/MachineLearningProjects/ww-trainer/experiments/hey_mycroft/dataset/negatives/processed/001876.wav,0
/home/miro/Workspace/MachineLearningProjects/ww-trainer/experiments/hey_mycroft/dataset/negatives/processed/000620.wav,0
/home/miro/Workspace/MachineLearningProjects/ww-trainer/experiments/hey_mycroft/dataset/positives/processed/000253.wav,1
/home/miro/Workspace/MachineLearningProjects/ww-trainer/experiments/hey_mycroft/dataset/negatives/processed/001491.wav,0
/home/miro/Workspace/MachineLearningProjects/ww-trainer/experiments/hey_mycroft/dataset/negatives/processed/000038.wav,0
/home/miro/Workspace/MachineLearningProjects/ww-trainer/experiments/hey_mycroft/dataset/negatives/processed/000421.wav,0
/home/miro/Workspace/MachineLearningProjects/ww-trainer/experiments/hey_mycroft/dataset/negatives/processed/000459.wav,0
/home/miro/Workspace/MachineLearningProjects/ww-trainer/experiments/hey_mycroft/dataset/negatives/processed/000655.wav,0
/home/miro/Workspace/MachineLearningProjects/ww-trainer/experiments/hey_mycroft/dataset/negatives/processed/001327.wav,0
/home/miro/Workspace/MachineLearningProjects/ww-trainer/experiments/hey_mycroft/dataset/positives/processed/000425.wav,1
/home/miro/Workspace/MachineLearningProjects/ww-trainer/experiments/hey_mycroft/dataset/negatives/processed/000807.wav,0
/home/miro/Workspace/MachineLearningProjects/ww-trainer/experiments/hey_mycroft/dataset/negatives/processed/000653.wav,0
/home/miro/Workspace/MachineLearningProjects/ww-trainer/experiments/hey_mycroft/dataset/negatives/processed/000295.wav,0
/home/miro/Workspace/MachineLearningProjects/ww-trainer/experiments/hey_mycroft/dataset/negatives/processed/000356.wav,0
/home/miro/Workspace/MachineLearningProjects/ww-trainer/experiments/hey_mycroft/dataset/negatives/processed/000446.wav,0
/home/miro/Workspace/MachineLearningProjects/ww-trainer/experiments/hey_mycroft/dataset/negatives/processed/001636.wav,0
/home/miro/Workspace/MachineLearningProjects/ww-trainer/experiments/hey_mycroft/dataset/positives/processed/000224.wav,1
/home/miro/Workspace/MachineLearningProjects/ww-trainer/experiments/hey_mycroft/dataset/positives/processed/000226.wav,1
/home/miro/Workspace/MachineLearningProjects/ww-trainer/experiments/hey_mycroft/dataset/negatives/processed/000129.wav,0
/home/miro/Workspace/MachineLearningProjects/ww-trainer/experiments/hey_mycroft/dataset/positives/processed/000376.wav,1
/home/miro/Workspace/MachineLearningProjects/ww-trainer/experiments/hey_mycroft/dataset/negatives/processed/000275.wav,0
/home/miro/Workspace/MachineLearningProjects/ww-trainer/experiments/hey_mycroft/dataset/negatives/processed/001243.wav,0
/home/miro/Workspace/MachineLearningProjects/ww-trainer/experiments/hey_mycroft/dataset/positives/processed/000120.wav,1
/home/miro/Workspace/MachineLearningProjects/ww-trainer/experiments/hey_mycroft/dataset/negatives/processed/000731.wav,0
/home/miro/Workspace/MachineLearningProjects/ww-trainer/experiments/hey_mycroft/dataset/negatives/processed/001296.wav,0
/home/miro/Workspace/MachineLearningProjects/ww-trainer/experiments/hey_mycroft/dataset/negatives/processed/000333.wav,0
/home/miro/Workspace/MachineLearningProjects/ww-trainer/experiments/hey_mycroft/dataset/negatives/processed/000014.wav,0
/home/miro/Workspace/MachineLearningProjects/ww-trainer/experiments/hey_mycroft/dataset/negatives/processed/000202.wav,0
/home/miro/Workspace/MachineLearningProjects/ww-trainer/experiments/hey_mycroft/dataset/negatives/processed/001558.wav,0
/home/miro/Workspace/MachineLearningProjects/ww-trainer/experiments/hey_mycroft/dataset/negatives/processed/000791.wav,0
/home/miro/Workspace/MachineLearningProjects/ww-trainer/experiments/hey_mycroft/dataset/negatives/processed/001978.wav,0
/home/miro/Workspace/MachineLearningProjects/ww-trainer/experiments/hey_mycroft/dataset/positives/processed/000476.wav,1
/home/miro/Workspace/MachineLearningProjects/ww-trainer/experiments/hey_mycroft/dataset/positives/processed/000121.wav,1
/home/miro/Workspace/MachineLearningProjects/ww-trainer/experiments/hey_mycroft/dataset/negatives/processed/000183.wav,0
/home/miro/Workspace/MachineLearningProjects/ww-trainer/experiments/hey_mycroft/dataset/negatives/processed/001827.wav,0
/home/miro/Workspace/MachineLearningProjects/ww-trainer/experiments/hey_mycroft/dataset/negatives/processed/000752.wav,0
/home/miro/Workspace/MachineLearningProjects/ww-trainer/experiments/hey_mycroft/dataset/negatives/processed/000676.wav,0
/home/miro/Workspace/MachineLearningProjects/ww-trainer/experiments/hey_mycroft/dataset/positives/processed/000368.wav,1
/home/miro/Workspace/MachineLearningProjects/ww-trainer/experiments/hey_mycroft/dataset/negatives/processed/000750.wav,0
/home/miro/Workspace/MachineLearningProjects/ww-trainer/experiments/hey_mycroft/dataset/negatives/processed/001160.wav,0
/home/miro/Workspace/MachineLearningProjects/ww-trainer/experiments/hey_mycroft/dataset/positives/processed/000011.wav,1
/home/miro/Workspace/MachineLearningProjects/ww-trainer/experiments/hey_mycroft/dataset/negatives/processed/000091.wav,0
/home/miro/Workspace/MachineLearningProjects/ww-trainer/experiments/hey_mycroft/dataset/negatives/processed/000327.wav,0
/home/miro/Workspace/MachineLearningProjects/ww-trainer/experiments/hey_mycroft/dataset/negatives/processed/001719.wav,0
/home/miro/Workspace/MachineLearningProjects/ww-trainer/experiments/hey_mycroft/dataset/negatives/processed/000734.wav,0
/home/miro/Workspace/MachineLearningProjects/ww-trainer/experiments/hey_mycroft/dataset/negatives/processed/000666.wav,0
/home/miro/Workspace/MachineLearningProjects/ww-trainer/experiments/hey_mycroft/dataset/negatives/processed/000848.wav,0
/home/miro/Workspace/MachineLearningProjects/ww-trainer/experiments/hey_mycroft/dataset/positives/processed/000457.wav,1
/home/miro/Workspace/MachineLearningProjects/ww-trainer/experiments/hey_mycroft/dataset/negatives/processed/000290.wav,0
/home/miro/Workspace/MachineLearningProjects/ww-trainer/experiments/hey_mycroft/dataset/positives/processed/000392.wav,1
/home/miro/Workspace/MachineLearningProjects/ww-trainer/experiments/hey_mycroft/dataset/negatives/processed/000870.wav,0
/home/miro/Workspace/MachineLearningProjects/ww-trainer/experiments/hey_mycroft/dataset/negatives/processed/000759.wav,0
/home/miro/Workspace/MachineLearningProjects/ww-trainer/experiments/hey_mycroft/dataset/negatives/processed/001109.wav,0
/home/miro/Workspace/MachineLearningProjects/ww-trainer/experiments/hey_mycroft/dataset/negatives/processed/000665.wav,0
/home/miro/Workspace/MachineLearningProjects/ww-trainer/experiments/hey_mycroft/dataset/negatives/processed/000343.wav,0
/home/miro/Workspace/MachineLearningProjects/ww-trainer/experiments/hey_mycroft/dataset/positives/processed/000143.wav,1
/home/miro/Workspace/MachineLearningProjects/ww-trainer/experiments/hey_mycroft/dataset/negatives/processed/000234.wav,0
/home/miro/Workspace/MachineLearningProjects/ww-trainer/experiments/hey_mycroft/dataset/negatives/processed/001041.wav,0
/home/miro/Workspace/MachineLearningProjects/ww-trainer/experiments/hey_mycroft/dataset/negatives/processed/001903.wav,0
/home/miro/Workspace/MachineLearningProjects/ww-trainer/experiments/hey_mycroft/dataset/positives/processed/000410.wav,1
/home/miro/Workspace/MachineLearningProjects/ww-trainer/experiments/hey_mycroft/dataset/negatives/processed/000827.wav,0
/home/miro/Workspace/MachineLearningProjects/ww-trainer/experiments/hey_mycroft/dataset/negatives/processed/000106.wav,0
/home/miro/Workspace/MachineLearningProjects/ww-trainer/experiments/hey_mycroft/dataset/negatives/processed/000027.wav,0
/home/miro/Workspace/MachineLearningProjects/ww-trainer/experiments/hey_mycroft/dataset/positives/processed/000437.wav,1
/home/miro/Workspace/MachineLearningProjects/ww-trainer/experiments/hey_mycroft/dataset/positives/processed/000415.wav,1
/home/miro/Workspace/MachineLearningProjects/ww-trainer/experiments/hey_mycroft/dataset/negatives/processed/000719.wav,0
/home/miro/Workspace/MachineLearningProjects/ww-trainer/experiments/hey_mycroft/dataset/negatives/processed/000169.wav,0
/home/miro/Workspace/MachineLearningProjects/ww-trainer/experiments/hey_mycroft/dataset/negatives/processed/000658.wav,0
/home/miro/Workspace/MachineLearningProjects/ww-trainer/experiments/hey_mycroft/dataset/negatives/processed/000298.wav,0
/home/miro/Workspace/MachineLearningProjects/ww-trainer/experiments/hey_mycroft/dataset/negatives/processed/000275.wav,0
/home/miro/Workspace/MachineLearningProjects/ww-trainer/experiments/hey_mycroft/dataset/negatives/processed/000190.wav,0
/home/miro/Workspace/MachineLearningProjects/ww-trainer/experiments/hey_mycroft/dataset/negatives/processed/000069.wav,0
/home/miro/Workspace/MachineLearningProjects/ww-trainer/experiments/hey_mycroft/dataset/negatives/processed/001174.wav,0
/home/miro/Workspace/MachineLearningProjects/ww-trainer/experiments/hey_mycroft/dataset/negatives/processed/000649.wav,0
/home/miro/Workspace/MachineLearningProjects/ww-trainer/experiments/hey_mycroft/dataset/negatives/processed/000254.wav,0
/home/miro/Workspace/MachineLearningProjects/ww-trainer/experiments/hey_mycroft/dataset/negatives/processed/000397.wav,0
/home/miro/Workspace/MachineLearningProjects/ww-trainer/experiments/hey_mycroft/dataset/negatives/processed/000318.wav,0
/home/miro/Workspace/MachineLearningProjects/ww-trainer/experiments/hey_mycroft/dataset/negatives/processed/000235.wav,0
/home/miro/Workspace/MachineLearningProjects/ww-trainer/experiments/hey_mycroft/dataset/negatives/processed/000950.wav,0
/home/miro/Workspace/MachineLearningProjects/ww-trainer/experiments/hey_mycroft/dataset/negatives/processed/001509.wav,0
/home/miro/Workspace/MachineLearningProjects/ww-trainer/experiments/hey_mycroft/dataset/negatives/processed/000227.wav,0
/home/miro/Workspace/MachineLearningProjects/ww-trainer/experiments/hey_mycroft/dataset/negatives/processed/000546.wav,0
/home/miro/Workspace/MachineLearningProjects/ww-trainer/experiments/hey_mycroft/dataset/negatives/processed/000329.wav,0
/home/miro/Workspace/MachineLearningProjects/ww-trainer/experiments/hey_mycroft/dataset/negatives/processed/000598.wav,0
/home/miro/Workspace/MachineLearningProjects/ww-trainer/experiments/hey_mycroft/dataset/negatives/processed/001133.wav,0
/home/miro/Workspace/MachineLearningProjects/ww-trainer/experiments/hey_mycroft/dataset/negatives/processed/001398.wav,0
/home/miro/Workspace/MachineLearningProjects/ww-trainer/experiments/hey_mycroft/dataset/positives/processed/000279.wav,1
/home/miro/Workspace/MachineLearningProjects/ww-trainer/experiments/hey_mycroft/dataset/negatives/processed/001565.wav,0
/home/miro/Workspace/MachineLearningProjects/ww-trainer/experiments/hey_mycroft/dataset/negatives/processed/001064.wav,0
/home/miro/Workspace/MachineLearningProjects/ww-trainer/experiments/hey_mycroft/dataset/negatives/processed/000763.wav,0
/home/miro/Workspace/MachineLearningProjects/ww-trainer/experiments/hey_mycroft/dataset/negatives/processed/000005.wav,0
/home/miro/Workspace/MachineLearningProjects/ww-trainer/experiments/hey_mycroft/dataset/negatives/processed/000591.wav,0
/home/miro/Workspace/MachineLearningProjects/ww-trainer/experiments/hey_mycroft/dataset/negatives/processed/001088.wav,0
/home/miro/Workspace/MachineLearningProjects/ww-trainer/experiments/hey_mycroft/dataset/negatives/processed/000156.wav,0
/home/miro/Workspace/MachineLearningProjects/ww-trainer/experiments/hey_mycroft/dataset/positives/processed/000465.wav,1
/home/miro/Workspace/MachineLearningProjects/ww-trainer/experiments/hey_mycroft/dataset/negatives/processed/001884.wav,0
/home/miro/Workspace/MachineLearningProjects/ww-trainer/experiments/hey_mycroft/dataset/negatives/processed/000123.wav,0
/home/miro/Workspace/MachineLearningProjects/ww-trainer/experiments/hey_mycroft/dataset/negatives/processed/001880.wav,0
/home/miro/Workspace/MachineLearningProjects/ww-trainer/experiments/hey_mycroft/dataset/negatives/processed/001828.wav,0
/home/miro/Workspace/MachineLearningProjects/ww-trainer/experiments/hey_mycroft/dataset/negatives/processed/000660.wav,0
/home/miro/Workspace/MachineLearningProjects/ww-trainer/experiments/hey_mycroft/dataset/negatives/processed/000703.wav,0
/home/miro/Workspace/MachineLearningProjects/ww-trainer/experiments/hey_mycroft/dataset/positives/processed/000009.wav,1
/home/miro/Workspace/MachineLearningProjects/ww-trainer/experiments/hey_mycroft/dataset/negatives/processed/000326.wav,0
/home/miro/Workspace/MachineLearningProjects/ww-trainer/experiments/hey_mycroft/dataset/negatives/processed/001527.wav,0
/home/miro/Workspace/MachineLearningProjects/ww-trainer/experiments/hey_mycroft/dataset/negatives/processed/001409.wav,0
/home/miro/Workspace/MachineLearningProjects/ww-trainer/experiments/hey_mycroft/dataset/negatives/processed/001400.wav,0
/home/miro/Workspace/MachineLearningProjects/ww-trainer/experiments/hey_mycroft/dataset/negatives/processed/000604.wav,0
/home/miro/Workspace/MachineLearningProjects/ww-trainer/experiments/hey_mycroft/dataset/negatives/processed/001278.wav,0
/home/miro/Workspace/MachineLearningProjects/ww-trainer/experiments/hey_mycroft/dataset/negatives/processed/001564.wav,0
/home/miro/Workspace/MachineLearningProjects/ww-trainer/experiments/hey_mycroft/dataset/negatives/processed/001420.wav,0
/home/miro/Workspace/MachineLearningProjects/ww-trainer/experiments/hey_mycroft/dataset/negatives/processed/001205.wav,0
/home/miro/Workspace/MachineLearningProjects/ww-trainer/experiments/hey_mycroft/dataset/positives/processed/000427.wav,1
/home/miro/Workspace/MachineLearningProjects/ww-trainer/experiments/hey_mycroft/dataset/negatives/processed/001532.wav,0
/home/miro/Workspace/MachineLearningProjects/ww-trainer/experiments/hey_mycroft/dataset/negatives/processed/000916.wav,0
/home/miro/Workspace/MachineLearningProjects/ww-trainer/experiments/hey_mycroft/dataset/negatives/processed/000710.wav,0
/home/miro/Workspace/MachineLearningProjects/ww-trainer/experiments/hey_mycroft/dataset/negatives/processed/000256.wav,0
/home/miro/Workspace/MachineLearningProjects/ww-trainer/experiments/hey_mycroft/dataset/negatives/processed/000270.wav,0
/home/miro/Workspace/MachineLearningProjects/ww-trainer/experiments/hey_mycroft/dataset/negatives/processed/000639.wav,0
/home/miro/Workspace/MachineLearningProjects/ww-trainer/experiments/hey_mycroft/dataset/negatives/processed/000401.wav,0
/home/miro/Workspace/MachineLearningProjects/ww-trainer/experiments/hey_mycroft/dataset/negatives/processed/000167.wav,0
/home/miro/Workspace/MachineLearningProjects/ww-trainer/experiments/hey_mycroft/dataset/positives/processed/000091.wav,1
/home/miro/Workspace/MachineLearningProjects/ww-trainer/experiments/hey_mycroft/dataset/negatives/processed/001610.wav,0
/home/miro/Workspace/MachineLearningProjects/ww-trainer/experiments/hey_mycroft/dataset/negatives/processed/000530.wav,0
/home/miro/Workspace/MachineLearningProjects/ww-trainer/experiments/hey_mycroft/dataset/negatives/processed/001146.wav,0
/home/miro/Workspace/MachineLearningProjects/ww-trainer/experiments/hey_mycroft/dataset/negatives/processed/000768.wav,0
/home/miro/Workspace/MachineLearningProjects/ww-trainer/experiments/hey_mycroft/dataset/negatives/processed/000051.wav,0
/home/miro/Workspace/MachineLearningProjects/ww-trainer/experiments/hey_mycroft/dataset/negatives/processed/000830.wav,0
/home/miro/Workspace/MachineLearningProjects/ww-trainer/experiments/hey_mycroft/dataset/negatives/processed/000274.wav,0
/home/miro/Workspace/MachineLearningProjects/ww-trainer/experiments/hey_mycroft/dataset/positives/processed/000204.wav,1
/home/miro/Workspace/MachineLearningProjects/ww-trainer/experiments/hey_mycroft/dataset/negatives/processed/000766.wav,0
/home/miro/Workspace/MachineLearningProjects/ww-trainer/experiments/hey_mycroft/dataset/negatives/processed/000902.wav,0
/home/miro/Workspace/MachineLearningProjects/ww-trainer/experiments/hey_mycroft/dataset/negatives/processed/001511.wav,0
/home/miro/Workspace/MachineLearningProjects/ww-trainer/experiments/hey_mycroft/dataset/negatives/processed/000168.wav,0
/home/miro/Workspace/MachineLearningProjects/ww-trainer/experiments/hey_mycroft/dataset/positives/processed/000416.wav,1
/home/miro/Workspace/MachineLearningProjects/ww-trainer/experiments/hey_mycroft/dataset/negatives/processed/001322.wav,0
/home/miro/Workspace/MachineLearningProjects/ww-trainer/experiments/hey_mycroft/dataset/negatives/processed/001454.wav,0
/home/miro/Workspace/MachineLearningProjects/ww-trainer/experiments/hey_mycroft/dataset/negatives/processed/001531.wav,0
/home/miro/Workspace/MachineLearningProjects/ww-trainer/experiments/hey_mycroft/dataset/negatives/processed/000288.wav,0
/home/miro/Workspace/MachineLearningProjects/ww-trainer/experiments/hey_mycroft/dataset/negatives/processed/000417.wav,0
/home/miro/Workspace/MachineLearningProjects/ww-trainer/experiments/hey_mycroft/dataset/negatives/processed/000715.wav,0
/home/miro/Workspace/MachineLearningProjects/ww-trainer/experiments/hey_mycroft/dataset/negatives/processed/000763.wav,0
/home/miro/Workspace/MachineLearningProjects/ww-trainer/experiments/hey_mycroft/dataset/negatives/processed/000373.wav,0
/home/miro/Workspace/MachineLearningProjects/ww-trainer/experiments/hey_mycroft/dataset/negatives/processed/001956.wav,0
/home/miro/Workspace/MachineLearningProjects/ww-trainer/experiments/hey_mycroft/dataset/positives/processed/000338.wav,1
/home/miro/Workspace/MachineLearningProjects/ww-trainer/experiments/hey_mycroft/dataset/positives/processed/000423.wav,1
/home/miro/Workspace/MachineLearningProjects/ww-trainer/experiments/hey_mycroft/dataset/negatives/processed/001598.wav,0
/home/miro/Workspace/MachineLearningProjects/ww-trainer/experiments/hey_mycroft/dataset/negatives/processed/000673.wav,0
/home/miro/Workspace/MachineLearningProjects/ww-trainer/experiments/hey_mycroft/dataset/positives/processed/000238.wav,1
/home/miro/Workspace/MachineLearningProjects/ww-trainer/experiments/hey_mycroft/dataset/negatives/processed/001492.wav,0
/home/miro/Workspace/MachineLearningProjects/ww-trainer/experiments/hey_mycroft/dataset/positives/processed/000231.wav,1
/home/miro/Workspace/MachineLearningProjects/ww-trainer/experiments/hey_mycroft/dataset/negatives/processed/001506.wav,0
/home/miro/Workspace/MachineLearningProjects/ww-trainer/experiments/hey_mycroft/dataset/negatives/processed/000224.wav,0
/home/miro/Workspace/MachineLearningProjects/ww-trainer/experiments/hey_mycroft/dataset/negatives/processed/000289.wav,0
/home/miro/Workspace/MachineLearningProjects/ww-trainer/experiments/hey_mycroft/dataset/negatives/processed/000726.wav,0
/home/miro/Workspace/MachineLearningProjects/ww-trainer/experiments/hey_mycroft/dataset/negatives/processed/001250.wav,0
/home/miro/Workspace/MachineLearningProjects/ww-trainer/experiments/hey_mycroft/dataset/negatives/processed/001433.wav,0
/home/miro/Workspace/MachineLearningProjects/ww-trainer/experiments/hey_mycroft/dataset/negatives/processed/000613.wav,0
/home/miro/Workspace/MachineLearningProjects/ww-trainer/experiments/hey_mycroft/dataset/negatives/processed/000210.wav,0
/home/miro/Workspace/MachineLearningProjects/ww-trainer/experiments/hey_mycroft/dataset/negatives/processed/000124.wav,0
/home/miro/Workspace/MachineLearningProjects/ww-trainer/experiments/hey_mycroft/dataset/positives/processed/000140.wav,1
/home/miro/Workspace/MachineLearningProjects/ww-trainer/experiments/hey_mycroft/dataset/negatives/processed/000484.wav,0
/home/miro/Workspace/MachineLearningProjects/ww-trainer/experiments/hey_mycroft/dataset/negatives/processed/000841.wav,0
/home/miro/Workspace/MachineLearningProjects/ww-trainer/experiments/hey_mycroft/dataset/negatives/processed/000075.wav,0
/home/miro/Workspace/MachineLearningProjects/ww-trainer/experiments/hey_mycroft/dataset/negatives/processed/000688.wav,0
/home/miro/Workspace/MachineLearningProjects/ww-trainer/experiments/hey_mycroft/dataset/negatives/processed/000051.wav,0
/home/miro/Workspace/MachineLearningProjects/ww-trainer/experiments/hey_mycroft/dataset/negatives/processed/000690.wav,0
/home/miro/Workspace/MachineLearningProjects/ww-trainer/experiments/hey_mycroft/dataset/positives/processed/000206.wav,1
/home/miro/Workspace/MachineLearningProjects/ww-trainer/experiments/hey_mycroft/dataset/negatives/processed/000035.wav,0
/home/miro/Workspace/MachineLearningProjects/ww-trainer/experiments/hey_mycroft/dataset/positives/processed/000490.wav,1
/home/miro/Workspace/MachineLearningProjects/ww-trainer/experiments/hey_mycroft/dataset/negatives/processed/000328.wav,0
/home/miro/Workspace/MachineLearningProjects/ww-trainer/experiments/hey_mycroft/dataset/negatives/processed/001351.wav,0
/home/miro/Workspace/MachineLearningProjects/ww-trainer/experiments/hey_mycroft/dataset/negatives/processed/000501.wav,0
/home/miro/Workspace/MachineLearningProjects/ww-trainer/experiments/hey_mycroft/dataset/positives/processed/000452.wav,1
/home/miro/Workspace/MachineLearningProjects/ww-trainer/experiments/hey_mycroft/dataset/negatives/processed/000031.wav,0
/home/miro/Workspace/MachineLearningProjects/ww-trainer/experiments/hey_mycroft/dataset/negatives/processed/000136.wav,0
/home/miro/Workspace/MachineLearningProjects/ww-trainer/experiments/hey_mycroft/dataset/negatives/processed/001748.wav,0
/home/miro/Workspace/MachineLearningProjects/ww-trainer/experiments/hey_mycroft/dataset/negatives/processed/000456.wav,0
/home/miro/Workspace/MachineLearningProjects/ww-trainer/experiments/hey_mycroft/dataset/positives/processed/000043.wav,1
/home/miro/Workspace/MachineLearningProjects/ww-trainer/experiments/hey_mycroft/dataset/negatives/processed/000683.wav,0
/home/miro/Workspace/MachineLearningProjects/ww-trainer/experiments/hey_mycroft/dataset/negatives/processed/001150.wav,0
/home/miro/Workspace/MachineLearningProjects/ww-trainer/experiments/hey_mycroft/dataset/negatives/processed/000614.wav,0
/home/miro/Workspace/MachineLearningProjects/ww-trainer/experiments/hey_mycroft/dataset/negatives/processed/000957.wav,0
/home/miro/Workspace/MachineLearningProjects/ww-trainer/experiments/hey_mycroft/dataset/negatives/processed/001556.wav,0
/home/miro/Workspace/MachineLearningProjects/ww-trainer/experiments/hey_mycroft/dataset/negatives/processed/000687.wav,0
/home/miro/Workspace/MachineLearningProjects/ww-trainer/experiments/hey_mycroft/dataset/negatives/processed/001175.wav,0
/home/miro/Workspace/MachineLearningProjects/ww-trainer/experiments/hey_mycroft/dataset/negatives/processed/000984.wav,0
/home/miro/Workspace/MachineLearningProjects/ww-trainer/experiments/hey_mycroft/dataset/negatives/processed/000056.wav,0
/home/miro/Workspace/MachineLearningProjects/ww-trainer/experiments/hey_mycroft/dataset/negatives/processed/001934.wav,0
/home/miro/Workspace/MachineLearningProjects/ww-trainer/experiments/hey_mycroft/dataset/negatives/processed/000924.wav,0
/home/miro/Workspace/MachineLearningProjects/ww-trainer/experiments/hey_mycroft/dataset/negatives/processed/000213.wav,0
/home/miro/Workspace/MachineLearningProjects/ww-trainer/experiments/hey_mycroft/dataset/negatives/processed/001779.wav,0
/home/miro/Workspace/MachineLearningProjects/ww-trainer/experiments/hey_mycroft/dataset/negatives/processed/000537.wav,0
/home/miro/Workspace/MachineLearningProjects/ww-trainer/experiments/hey_mycroft/dataset/negatives/processed/000338.wav,0
/home/miro/Workspace/MachineLearningProjects/ww-trainer/experiments/hey_mycroft/dataset/negatives/processed/000655.wav,0
/home/miro/Workspace/MachineLearningProjects/ww-trainer/experiments/hey_mycroft/dataset/negatives/processed/000073.wav,0
/home/miro/Workspace/MachineLearningProjects/ww-trainer/experiments/hey_mycroft/dataset/negatives/processed/000704.wav,0
/home/miro/Workspace/MachineLearningProjects/ww-trainer/experiments/hey_mycroft/dataset/negatives/processed/001207.wav,0
/home/miro/Workspace/MachineLearningProjects/ww-trainer/experiments/hey_mycroft/dataset/positives/processed/000324.wav,1
/home/miro/Workspace/MachineLearningProjects/ww-trainer/experiments/hey_mycroft/dataset/negatives/processed/000839.wav,0
/home/miro/Workspace/MachineLearningProjects/ww-trainer/experiments/hey_mycroft/dataset/negatives/processed/000781.wav,0
/home/miro/Workspace/MachineLearningProjects/ww-trainer/experiments/hey_mycroft/dataset/negatives/processed/000583.wav,0
/home/miro/Workspace/MachineLearningProjects/ww-trainer/experiments/hey_mycroft/dataset/negatives/processed/001157.wav,0
/home/miro/Workspace/MachineLearningProjects/ww-trainer/experiments/hey_mycroft/dataset/negatives/processed/000249.wav,0
/home/miro/Workspace/MachineLearningProjects/ww-trainer/experiments/hey_mycroft/dataset/negatives/processed/001688.wav,0
/home/miro/Workspace/MachineLearningProjects/ww-trainer/experiments/hey_mycroft/dataset/negatives/processed/000289.wav,0
/home/miro/Workspace/MachineLearningProjects/ww-trainer/experiments/hey_mycroft/dataset/positives/processed/000304.wav,1
/home/miro/Workspace/MachineLearningProjects/ww-trainer/experiments/hey_mycroft/dataset/positives/processed/000230.wav,1
/home/miro/Workspace/MachineLearningProjects/ww-trainer/experiments/hey_mycroft/dataset/negatives/processed/001190.wav,0
/home/miro/Workspace/MachineLearningProjects/ww-trainer/experiments/hey_mycroft/dataset/negatives/processed/000719.wav,0
/home/miro/Workspace/MachineLearningProjects/ww-trainer/experiments/hey_mycroft/dataset/negatives/processed/000080.wav,0
/home/miro/Workspace/MachineLearningProjects/ww-trainer/experiments/hey_mycroft/dataset/positives/processed/000252.wav,1
/home/miro/Workspace/MachineLearningProjects/ww-trainer/experiments/hey_mycroft/dataset/positives/processed/000196.wav,1
/home/miro/Workspace/MachineLearningProjects/ww-trainer/experiments/hey_mycroft/dataset/negatives/processed/001979.wav,0
/home/miro/Workspace/MachineLearningProjects/ww-trainer/experiments/hey_mycroft/dataset/negatives/processed/000244.wav,0
/home/miro/Workspace/MachineLearningProjects/ww-trainer/experiments/hey_mycroft/dataset/positives/processed/000270.wav,1
/home/miro/Workspace/MachineLearningProjects/ww-trainer/experiments/hey_mycroft/dataset/negatives/processed/000209.wav,0
/home/miro/Workspace/MachineLearningProjects/ww-trainer/experiments/hey_mycroft/dataset/negatives/processed/000302.wav,0
/home/miro/Workspace/MachineLearningProjects/ww-trainer/experiments/hey_mycroft/dataset/negatives/processed/001106.wav,0
/home/miro/Workspace/MachineLearningProjects/ww-trainer/experiments/hey_mycroft/dataset/negatives/processed/000690.wav,0
/home/miro/Workspace/MachineLearningProjects/ww-trainer/experiments/hey_mycroft/dataset/negatives/processed/001364.wav,0
/home/miro/Workspace/MachineLearningProjects/ww-trainer/experiments/hey_mycroft/dataset/negatives/processed/000388.wav,0
/home/miro/Workspace/MachineLearningProjects/ww-trainer/experiments/hey_mycroft/dataset/negatives/processed/000936.wav,0
/home/miro/Workspace/MachineLearningProjects/ww-trainer/experiments/hey_mycroft/dataset/negatives/processed/001078.wav,0
/home/miro/Workspace/MachineLearningProjects/ww-trainer/experiments/hey_mycroft/dataset/negatives/processed/001161.wav,0
/home/miro/Workspace/MachineLearningProjects/ww-trainer/experiments/hey_mycroft/dataset/negatives/processed/000479.wav,0
/home/miro/Workspace/MachineLearningProjects/ww-trainer/experiments/hey_mycroft/dataset/negatives/processed/000647.wav,0
/home/miro/Workspace/MachineLearningProjects/ww-trainer/experiments/hey_mycroft/dataset/negatives/processed/000045.wav,0
/home/miro/Workspace/MachineLearningProjects/ww-trainer/experiments/hey_mycroft/dataset/negatives/processed/000434.wav,0
/home/miro/Workspace/MachineLearningProjects/ww-trainer/experiments/hey_mycroft/dataset/negatives/processed/001879.wav,0
/home/miro/Workspace/MachineLearningProjects/ww-trainer/experiments/hey_mycroft/dataset/negatives/processed/000795.wav,0
/home/miro/Workspace/MachineLearningProjects/ww-trainer/experiments/hey_mycroft/dataset/negatives/processed/000476.wav,0
/home/miro/Workspace/MachineLearningProjects/ww-trainer/experiments/hey_mycroft/dataset/negatives/processed/001107.wav,0
/home/miro/Workspace/MachineLearningProjects/ww-trainer/experiments/hey_mycroft/dataset/negatives/processed/001634.wav,0
/home/miro/Workspace/MachineLearningProjects/ww-trainer/experiments/hey_mycroft/dataset/negatives/processed/000047.wav,0
/home/miro/Workspace/MachineLearningProjects/ww-trainer/experiments/hey_mycroft/dataset/negatives/processed/000178.wav,0
/home/miro/Workspace/MachineLearningProjects/ww-trainer/experiments/hey_mycroft/dataset/negatives/processed/000064.wav,0
/home/miro/Workspace/MachineLearningProjects/ww-trainer/experiments/hey_mycroft/dataset/negatives/processed/000543.wav,0
/home/miro/Workspace/MachineLearningProjects/ww-trainer/experiments/hey_mycroft/dataset/negatives/processed/000851.wav,0
/home/miro/Workspace/MachineLearningProjects/ww-trainer/experiments/hey_mycroft/dataset/negatives/processed/000031.wav,0
/home/miro/Workspace/MachineLearningProjects/ww-trainer/experiments/hey_mycroft/dataset/positives/processed/000141.wav,1
/home/miro/Workspace/MachineLearningProjects/ww-trainer/experiments/hey_mycroft/dataset/negatives/processed/001989.wav,0
/home/miro/Workspace/MachineLearningProjects/ww-trainer/experiments/hey_mycroft/dataset/negatives/processed/000769.wav,0
/home/miro/Workspace/MachineLearningProjects/ww-trainer/experiments/hey_mycroft/dataset/negatives/processed/000363.wav,0
/home/miro/Workspace/MachineLearningProjects/ww-trainer/experiments/hey_mycroft/dataset/negatives/processed/000963.wav,0
/home/miro/Workspace/MachineLearningProjects/ww-trainer/experiments/hey_mycroft/dataset/negatives/processed/000300.wav,0
/home/miro/Workspace/MachineLearningProjects/ww-trainer/experiments/hey_mycroft/dataset/negatives/processed/000509.wav,0
/home/miro/Workspace/MachineLearningProjects/ww-trainer/experiments/hey_mycroft/dataset/negatives/processed/001740.wav,0
/home/miro/Workspace/MachineLearningProjects/ww-trainer/experiments/hey_mycroft/dataset/negatives/processed/001209.wav,0
/home/miro/Workspace/MachineLearningProjects/ww-trainer/experiments/hey_mycroft/dataset/negatives/processed/000045.wav,0
/home/miro/Workspace/MachineLearningProjects/ww-trainer/experiments/hey_mycroft/dataset/negatives/processed/000485.wav,0
/home/miro/Workspace/MachineLearningProjects/ww-trainer/experiments/hey_mycroft/dataset/negatives/processed/001897.wav,0
/home/miro/Workspace/MachineLearningProjects/ww-trainer/experiments/hey_mycroft/dataset/negatives/processed/001963.wav,0
/home/miro/Workspace/MachineLearningProjects/ww-trainer/experiments/hey_mycroft/dataset/negatives/processed/000403.wav,0
/home/miro/Workspace/MachineLearningProjects/ww-trainer/experiments/hey_mycroft/dataset/negatives/processed/001624.wav,0
/home/miro/Workspace/MachineLearningProjects/ww-trainer/experiments/hey_mycroft/dataset/positives/processed/000422.wav,1
/home/miro/Workspace/MachineLearningProjects/ww-trainer/experiments/hey_mycroft/dataset/positives/processed/000155.wav,1
/home/miro/Workspace/MachineLearningProjects/ww-trainer/experiments/hey_mycroft/dataset/negatives/processed/001832.wav,0
/home/miro/Workspace/MachineLearningProjects/ww-trainer/experiments/hey_mycroft/dataset/positives/processed/000321.wav,1
/home/miro/Workspace/MachineLearningProjects/ww-trainer/experiments/hey_mycroft/dataset/negatives/processed/001692.wav,0
/home/miro/Workspace/MachineLearningProjects/ww-trainer/experiments/hey_mycroft/dataset/positives/processed/000019.wav,1
/home/miro/Workspace/MachineLearningProjects/ww-trainer/experiments/hey_mycroft/dataset/positives/processed/000195.wav,1
/home/miro/Workspace/MachineLearningProjects/ww-trainer/experiments/hey_mycroft/dataset/negatives/processed/000517.wav,0
/home/miro/Workspace/MachineLearningProjects/ww-trainer/experiments/hey_mycroft/dataset/negatives/processed/001360.wav,0
/home/miro/Workspace/MachineLearningProjects/ww-trainer/experiments/hey_mycroft/dataset/negatives/processed/000582.wav,0
/home/miro/Workspace/MachineLearningProjects/ww-trainer/experiments/hey_mycroft/dataset/negatives/processed/001680.wav,0
/home/miro/Workspace/MachineLearningProjects/ww-trainer/experiments/hey_mycroft/dataset/negatives/processed/001508.wav,0
/home/miro/Workspace/MachineLearningProjects/ww-trainer/experiments/hey_mycroft/dataset/negatives/processed/000707.wav,0
/home/miro/Workspace/MachineLearningProjects/ww-trainer/experiments/hey_mycroft/dataset/negatives/processed/000197.wav,0
/home/miro/Workspace/MachineLearningProjects/ww-trainer/experiments/hey_mycroft/dataset/negatives/processed/001512.wav,0
/home/miro/Workspace/MachineLearningProjects/ww-trainer/experiments/hey_mycroft/dataset/negatives/processed/001868.wav,0
/home/miro/Workspace/MachineLearningProjects/ww-trainer/experiments/hey_mycroft/dataset/positives/processed/000389.wav,1
/home/miro/Workspace/MachineLearningProjects/ww-trainer/experiments/hey_mycroft/dataset/negatives/processed/000361.wav,0
/home/miro/Workspace/MachineLearningProjects/ww-trainer/experiments/hey_mycroft/dataset/negatives/processed/001080.wav,0
/home/miro/Workspace/MachineLearningProjects/ww-trainer/experiments/hey_mycroft/dataset/negatives/processed/001044.wav,0
/home/miro/Workspace/MachineLearningProjects/ww-trainer/experiments/hey_mycroft/dataset/negatives/processed/001840.wav,0
/home/miro/Workspace/MachineLearningProjects/ww-trainer/experiments/hey_mycroft/dataset/negatives/processed/000507.wav,0
/home/miro/Workspace/MachineLearningProjects/ww-trainer/experiments/hey_mycroft/dataset/negatives/processed/001713.wav,0
/home/miro/Workspace/MachineLearningProjects/ww-trainer/experiments/hey_mycroft/dataset/negatives/processed/000307.wav,0
/home/miro/Workspace/MachineLearningProjects/ww-trainer/experiments/hey_mycroft/dataset/negatives/processed/000480.wav,0
/home/miro/Workspace/MachineLearningProjects/ww-trainer/experiments/hey_mycroft/dataset/negatives/processed/000514.wav,0
/home/miro/Workspace/MachineLearningProjects/ww-trainer/experiments/hey_mycroft/dataset/negatives/processed/000326.wav,0
/home/miro/Workspace/MachineLearningProjects/ww-trainer/experiments/hey_mycroft/dataset/negatives/processed/000653.wav,0
/home/miro/Workspace/MachineLearningProjects/ww-trainer/experiments/hey_mycroft/dataset/negatives/processed/001185.wav,0
/home/miro/Workspace/MachineLearningProjects/ww-trainer/experiments/hey_mycroft/dataset/negatives/processed/000015.wav,0
/home/miro/Workspace/MachineLearningProjects/ww-trainer/experiments/hey_mycroft/dataset/negatives/processed/000472.wav,0
/home/miro/Workspace/MachineLearningProjects/ww-trainer/experiments/hey_mycroft/dataset/negatives/processed/000294.wav,0
/home/miro/Workspace/MachineLearningProjects/ww-trainer/experiments/hey_mycroft/dataset/negatives/processed/001602.wav,0
/home/miro/Workspace/MachineLearningProjects/ww-trainer/experiments/hey_mycroft/dataset/negatives/processed/000301.wav,0
/home/miro/Workspace/MachineLearningProjects/ww-trainer/experiments/hey_mycroft/dataset/negatives/processed/000138.wav,0
/home/miro/Workspace/MachineLearningProjects/ww-trainer/experiments/hey_mycroft/dataset/negatives/processed/000490.wav,0
/home/miro/Workspace/MachineLearningProjects/ww-trainer/experiments/hey_mycroft/dataset/negatives/processed/000732.wav,0
/home/miro/Workspace/MachineLearningProjects/ww-trainer/experiments/hey_mycroft/dataset/negatives/processed/001919.wav,0
/home/miro/Workspace/MachineLearningProjects/ww-trainer/experiments/hey_mycroft/dataset/negatives/processed/000126.wav,0
/home/miro/Workspace/MachineLearningProjects/ww-trainer/experiments/hey_mycroft/dataset/positives/processed/000027.wav,1
/home/miro/Workspace/MachineLearningProjects/ww-trainer/experiments/hey_mycroft/dataset/negatives/processed/000491.wav,0
/home/miro/Workspace/MachineLearningProjects/ww-trainer/experiments/hey_mycroft/dataset/negatives/processed/000204.wav,0
/home/miro/Workspace/MachineLearningProjects/ww-trainer/experiments/hey_mycroft/dataset/negatives/processed/000695.wav,0
/home/miro/Workspace/MachineLearningProjects/ww-trainer/experiments/hey_mycroft/dataset/negatives/processed/001224.wav,0
/home/miro/Workspace/MachineLearningProjects/ww-trainer/experiments/hey_mycroft/dataset/negatives/processed/000380.wav,0
/home/miro/Workspace/MachineLearningProjects/ww-trainer/experiments/hey_mycroft/dataset/negatives/processed/001830.wav,0
/home/miro/Workspace/MachineLearningProjects/ww-trainer/experiments/hey_mycroft/dataset/negatives/processed/001348.wav,0
/home/miro/Workspace/MachineLearningProjects/ww-trainer/experiments/hey_mycroft/dataset/negatives/processed/000097.wav,0
/home/miro/Workspace/MachineLearningProjects/ww-trainer/experiments/hey_mycroft/dataset/positives/processed/000426.wav,1
/home/miro/Workspace/MachineLearningProjects/ww-trainer/experiments/hey_mycroft/dataset/negatives/processed/001853.wav,0
/home/miro/Workspace/MachineLearningProjects/ww-trainer/experiments/hey_mycroft/dataset/negatives/processed/001261.wav,0
/home/miro/Workspace/MachineLearningProjects/ww-trainer/experiments/hey_mycroft/dataset/negatives/processed/001008.wav,0
/home/miro/Workspace/MachineLearningProjects/ww-trainer/experiments/hey_mycroft/dataset/negatives/processed/001612.wav,0
/home/miro/Workspace/MachineLearningProjects/ww-trainer/experiments/hey_mycroft/dataset/positives/processed/000377.wav,1
/home/miro/Workspace/MachineLearningProjects/ww-trainer/experiments/hey_mycroft/dataset/positives/processed/000017.wav,1
/home/miro/Workspace/MachineLearningProjects/ww-trainer/experiments/hey_mycroft/dataset/negatives/processed/000335.wav,0
/home/miro/Workspace/MachineLearningProjects/ww-trainer/experiments/hey_mycroft/dataset/negatives/processed/000472.wav,0
/home/miro/Workspace/MachineLearningProjects/ww-trainer/experiments/hey_mycroft/dataset/negatives/processed/000113.wav,0
/home/miro/Workspace/MachineLearningProjects/ww-trainer/experiments/hey_mycroft/dataset/negatives/processed/000846.wav,0
/home/miro/Workspace/MachineLearningProjects/ww-trainer/experiments/hey_mycroft/dataset/negatives/processed/000188.wav,0
/home/miro/Workspace/MachineLearningProjects/ww-trainer/experiments/hey_mycroft/dataset/negatives/processed/000112.wav,0
/home/miro/Workspace/MachineLearningProjects/ww-trainer/experiments/hey_mycroft/dataset/negatives/processed/000304.wav,0
/home/miro/Workspace/MachineLearningProjects/ww-trainer/experiments/hey_mycroft/dataset/negatives/processed/001002.wav,0
/home/miro/Workspace/MachineLearningProjects/ww-trainer/experiments/hey_mycroft/dataset/negatives/processed/000931.wav,0
/home/miro/Workspace/MachineLearningProjects/ww-trainer/experiments/hey_mycroft/dataset/negatives/processed/000790.wav,0
/home/miro/Workspace/MachineLearningProjects/ww-trainer/experiments/hey_mycroft/dataset/negatives/processed/000681.wav,0
/home/miro/Workspace/MachineLearningProjects/ww-trainer/experiments/hey_mycroft/dataset/positives/processed/000305.wav,1
/home/miro/Workspace/MachineLearningProjects/ww-trainer/experiments/hey_mycroft/dataset/negatives/processed/000435.wav,0
/home/miro/Workspace/MachineLearningProjects/ww-trainer/experiments/hey_mycroft/dataset/negatives/processed/000470.wav,0
/home/miro/Workspace/MachineLearningProjects/ww-trainer/experiments/hey_mycroft/dataset/negatives/processed/001059.wav,0
/home/miro/Workspace/MachineLearningProjects/ww-trainer/experiments/hey_mycroft/dataset/negatives/processed/001710.wav,0
/home/miro/Workspace/MachineLearningProjects/ww-trainer/experiments/hey_mycroft/dataset/negatives/processed/000104.wav,0
/home/miro/Workspace/MachineLearningProjects/ww-trainer/experiments/hey_mycroft/dataset/negatives/processed/001741.wav,0
/home/miro/Workspace/MachineLearningProjects/ww-trainer/experiments/hey_mycroft/dataset/positives/processed/000082.wav,1
/home/miro/Workspace/MachineLearningProjects/ww-trainer/experiments/hey_mycroft/dataset/negatives/processed/001239.wav,0
/home/miro/Workspace/MachineLearningProjects/ww-trainer/experiments/hey_mycroft/dataset/negatives/processed/001470.wav,0
/home/miro/Workspace/MachineLearningProjects/ww-trainer/experiments/hey_mycroft/dataset/negatives/processed/000542.wav,0
/home/miro/Workspace/MachineLearningProjects/ww-trainer/experiments/hey_mycroft/dataset/positives/processed/000407.wav,1
/home/miro/Workspace/MachineLearningProjects/ww-trainer/experiments/hey_mycroft/dataset/positives/processed/000295.wav,1
/home/miro/Workspace/MachineLearningProjects/ww-trainer/experiments/hey_mycroft/dataset/negatives/processed/000248.wav,0
/home/miro/Workspace/MachineLearningProjects/ww-trainer/experiments/hey_mycroft/dataset/negatives/processed/000900.wav,0
/home/miro/Workspace/MachineLearningProjects/ww-trainer/experiments/hey_mycroft/dataset/negatives/processed/000023.wav,0
/home/miro/Workspace/MachineLearningProjects/ww-trainer/experiments/hey_mycroft/dataset/negatives/processed/000306.wav,0
/home/miro/Workspace/MachineLearningProjects/ww-trainer/experiments/hey_mycroft/dataset/negatives/processed/000602.wav,0
/home/miro/Workspace/MachineLearningProjects/ww-trainer/experiments/hey_mycroft/dataset/negatives/processed/000167.wav,0
/home/miro/Workspace/MachineLearningProjects/ww-trainer/experiments/hey_mycroft/dataset/positives/processed/000243.wav,1
/home/miro/Workspace/MachineLearningProjects/ww-trainer/experiments/hey_mycroft/dataset/negatives/processed/001590.wav,0
/home/miro/Workspace/MachineLearningProjects/ww-trainer/experiments/hey_mycroft/dataset/negatives/processed/001100.wav,0
/home/miro/Workspace/MachineLearningProjects/ww-trainer/experiments/hey_mycroft/dataset/negatives/processed/000532.wav,0
/home/miro/Workspace/MachineLearningProjects/ww-trainer/experiments/hey_mycroft/dataset/negatives/processed/000556.wav,0
/home/miro/Workspace/MachineLearningProjects/ww-trainer/experiments/hey_mycroft/dataset/negatives/processed/001462.wav,0
/home/miro/Workspace/MachineLearningProjects/ww-trainer/experiments/hey_mycroft/dataset/negatives/processed/000091.wav,0
/home/miro/Workspace/MachineLearningProjects/ww-trainer/experiments/hey_mycroft/dataset/negatives/processed/001026.wav,0
/home/miro/Workspace/MachineLearningProjects/ww-trainer/experiments/hey_mycroft/dataset/negatives/processed/001780.wav,0
/home/miro/Workspace/MachineLearningProjects/ww-trainer/experiments/hey_mycroft/dataset/positives/processed/000104.wav,1
/home/miro/Workspace/MachineLearningProjects/ww-trainer/experiments/hey_mycroft/dataset/negatives/processed/001546.wav,0
/home/miro/Workspace/MachineLearningProjects/ww-trainer/experiments/hey_mycroft/dataset/positives/processed/000092.wav,1
/home/miro/Workspace/MachineLearningProjects/ww-trainer/experiments/hey_mycroft/dataset/negatives/processed/000566.wav,0
/home/miro/Workspace/MachineLearningProjects/ww-trainer/experiments/hey_mycroft/dataset/negatives/processed/000325.wav,0
/home/miro/Workspace/MachineLearningProjects/ww-trainer/experiments/hey_mycroft/dataset/negatives/processed/000249.wav,0
/home/miro/Workspace/MachineLearningProjects/ww-trainer/experiments/hey_mycroft/dataset/negatives/processed/001627.wav,0
/home/miro/Workspace/MachineLearningProjects/ww-trainer/experiments/hey_mycroft/dataset/positives/processed/000274.wav,1
/home/miro/Workspace/MachineLearningProjects/ww-trainer/experiments/hey_mycroft/dataset/negatives/processed/000382.wav,0
/home/miro/Workspace/MachineLearningProjects/ww-trainer/experiments/hey_mycroft/dataset/positives/processed/000220.wav,1
/home/miro/Workspace/MachineLearningProjects/ww-trainer/experiments/hey_mycroft/dataset/positives/processed/000016.wav,1
/home/miro/Workspace/MachineLearningProjects/ww-trainer/experiments/hey_mycroft/dataset/negatives/processed/000257.wav,0
/home/miro/Workspace/MachineLearningProjects/ww-trainer/experiments/hey_mycroft/dataset/negatives/processed/000717.wav,0
/home/miro/Workspace/MachineLearningProjects/ww-trainer/experiments/hey_mycroft/dataset/negatives/processed/000513.wav,0
/home/miro/Workspace/MachineLearningProjects/ww-trainer/experiments/hey_mycroft/dataset/negatives/processed/001615.wav,0
/home/miro/Workspace/MachineLearningProjects/ww-trainer/experiments/hey_mycroft/dataset/negatives/processed/000601.wav,0
/home/miro/Workspace/MachineLearningProjects/ww-trainer/experiments/hey_mycroft/dataset/positives/processed/000099.wav,1
/home/miro/Workspace/MachineLearningProjects/ww-trainer/experiments/hey_mycroft/dataset/negatives/processed/000999.wav,0
/home/miro/Workspace/MachineLearningProjects/ww-trainer/experiments/hey_mycroft/dataset/negatives/processed/001843.wav,0
/home/miro/Workspace/MachineLearningProjects/ww-trainer/experiments/hey_mycroft/dataset/negatives/processed/001982.wav,0
/home/miro/Workspace/MachineLearningProjects/ww-trainer/experiments/hey_mycroft/dataset/negatives/processed/000898.wav,0
/home/miro/Workspace/MachineLearningProjects/ww-trainer/experiments/hey_mycroft/dataset/negatives/processed/001442.wav,0
/home/miro/Workspace/MachineLearningProjects/ww-trainer/experiments/hey_mycroft/dataset/negatives/processed/000305.wav,0
/home/miro/Workspace/MachineLearningProjects/ww-trainer/experiments/hey_mycroft/dataset/negatives/processed/000724.wav,0
/home/miro/Workspace/MachineLearningProjects/ww-trainer/experiments/hey_mycroft/dataset/negatives/processed/000685.wav,0
/home/miro/Workspace/MachineLearningProjects/ww-trainer/experiments/hey_mycroft/dataset/negatives/processed/000805.wav,0
/home/miro/Workspace/MachineLearningProjects/ww-trainer/experiments/hey_mycroft/dataset/negatives/processed/000368.wav,0
/home/miro/Workspace/MachineLearningProjects/ww-trainer/experiments/hey_mycroft/dataset/negatives/processed/000521.wav,0
/home/miro/Workspace/MachineLearningProjects/ww-trainer/experiments/hey_mycroft/dataset/negatives/processed/000196.wav,0
/home/miro/Workspace/MachineLearningProjects/ww-trainer/experiments/hey_mycroft/dataset/negatives/processed/001819.wav,0
/home/miro/Workspace/MachineLearningProjects/ww-trainer/experiments/hey_mycroft/dataset/negatives/processed/000209.wav,0
/home/miro/Workspace/MachineLearningProjects/ww-trainer/experiments/hey_mycroft/dataset/negatives/processed/000774.wav,0
/home/miro/Workspace/MachineLearningProjects/ww-trainer/experiments/hey_mycroft/dataset/positives/processed/000388.wav,1
/home/miro/Workspace/MachineLearningProjects/ww-trainer/experiments/hey_mycroft/dataset/negatives/processed/001519.wav,0
/home/miro/Workspace/MachineLearningProjects/ww-trainer/experiments/hey_mycroft/dataset/negatives/processed/000078.wav,0
/home/miro/Workspace/MachineLearningProjects/ww-trainer/experiments/hey_mycroft/dataset/negatives/processed/000770.wav,0
/home/miro/Workspace/MachineLearningProjects/ww-trainer/experiments/hey_mycroft/dataset/negatives/processed/000008.wav,0
/home/miro/Workspace/MachineLearningProjects/ww-trainer/experiments/hey_mycroft/dataset/negatives/processed/000356.wav,0
/home/miro/Workspace/MachineLearningProjects/ww-trainer/experiments/hey_mycroft/dataset/negatives/processed/000286.wav,0
/home/miro/Workspace/MachineLearningProjects/ww-trainer/experiments/hey_mycroft/dataset/negatives/processed/001270.wav,0
/home/miro/Workspace/MachineLearningProjects/ww-trainer/experiments/hey_mycroft/dataset/positives/processed/000103.wav,1
/home/miro/Workspace/MachineLearningProjects/ww-trainer/experiments/hey_mycroft/dataset/positives/processed/000198.wav,1
/home/miro/Workspace/MachineLearningProjects/ww-trainer/experiments/hey_mycroft/dataset/positives/processed/000288.wav,1
/home/miro/Workspace/MachineLearningProjects/ww-trainer/experiments/hey_mycroft/dataset/negatives/processed/001769.wav,0
/home/miro/Workspace/MachineLearningProjects/ww-trainer/experiments/hey_mycroft/dataset/negatives/processed/000312.wav,0
/home/miro/Workspace/MachineLearningProjects/ww-trainer/experiments/hey_mycroft/dataset/negatives/processed/001998.wav,0
/home/miro/Workspace/MachineLearningProjects/ww-trainer/experiments/hey_mycroft/dataset/negatives/processed/000341.wav,0
/home/miro/Workspace/MachineLearningProjects/ww-trainer/experiments/hey_mycroft/dataset/negatives/processed/000455.wav,0
/home/miro/Workspace/MachineLearningProjects/ww-trainer/experiments/hey_mycroft/dataset/negatives/processed/001428.wav,0
/home/miro/Workspace/MachineLearningProjects/ww-trainer/experiments/hey_mycroft/dataset/negatives/processed/000636.wav,0
/home/miro/Workspace/MachineLearningProjects/ww-trainer/experiments/hey_mycroft/dataset/positives/processed/000217.wav,1
/home/miro/Workspace/MachineLearningProjects/ww-trainer/experiments/hey_mycroft/dataset/negatives/processed/000554.wav,0
/home/miro/Workspace/MachineLearningProjects/ww-trainer/experiments/hey_mycroft/dataset/negatives/processed/000144.wav,0
/home/miro/Workspace/MachineLearningProjects/ww-trainer/experiments/hey_mycroft/dataset/negatives/processed/001931.wav,0
/home/miro/Workspace/MachineLearningProjects/ww-trainer/experiments/hey_mycroft/dataset/negatives/processed/001617.wav,0
/home/miro/Workspace/MachineLearningProjects/ww-trainer/experiments/hey_mycroft/dataset/negatives/processed/000207.wav,0
/home/miro/Workspace/MachineLearningProjects/ww-trainer/experiments/hey_mycroft/dataset/negatives/processed/000812.wav,0
/home/miro/Workspace/MachineLearningProjects/ww-trainer/experiments/hey_mycroft/dataset/negatives/processed/000560.wav,0
/home/miro/Workspace/MachineLearningProjects/ww-trainer/experiments/hey_mycroft/dataset/negatives/processed/000606.wav,0
/home/miro/Workspace/MachineLearningProjects/ww-trainer/experiments/hey_mycroft/dataset/negatives/processed/001686.wav,0
/home/miro/Workspace/MachineLearningProjects/ww-trainer/experiments/hey_mycroft/dataset/negatives/processed/000065.wav,0
/home/miro/Workspace/MachineLearningProjects/ww-trainer/experiments/hey_mycroft/dataset/negatives/processed/000841.wav,0
/home/miro/Workspace/MachineLearningProjects/ww-trainer/experiments/hey_mycroft/dataset/negatives/processed/000491.wav,0
/home/miro/Workspace/MachineLearningProjects/ww-trainer/experiments/hey_mycroft/dataset/negatives/processed/000689.wav,0
/home/miro/Workspace/MachineLearningProjects/ww-trainer/experiments/hey_mycroft/dataset/negatives/processed/000810.wav,0
/home/miro/Workspace/MachineLearningProjects/ww-trainer/experiments/hey_mycroft/dataset/negatives/processed/001684.wav,0
/home/miro/Workspace/MachineLearningProjects/ww-trainer/experiments/hey_mycroft/dataset/negatives/processed/000120.wav,0
/home/miro/Workspace/MachineLearningProjects/ww-trainer/experiments/hey_mycroft/dataset/positives/processed/000149.wav,1
/home/miro/Workspace/MachineLearningProjects/ww-trainer/experiments/hey_mycroft/dataset/negatives/processed/001865.wav,0
/home/miro/Workspace/MachineLearningProjects/ww-trainer/experiments/hey_mycroft/dataset/negatives/processed/000109.wav,0
/home/miro/Workspace/MachineLearningProjects/ww-trainer/experiments/hey_mycroft/dataset/negatives/processed/000156.wav,0
/home/miro/Workspace/MachineLearningProjects/ww-trainer/experiments/hey_mycroft/dataset/negatives/processed/000001.wav,0
/home/miro/Workspace/MachineLearningProjects/ww-trainer/experiments/hey_mycroft/dataset/negatives/processed/000489.wav,0
/home/miro/Workspace/MachineLearningProjects/ww-trainer/experiments/hey_mycroft/dataset/negatives/processed/000118.wav,0
/home/miro/Workspace/MachineLearningProjects/ww-trainer/experiments/hey_mycroft/dataset/negatives/processed/000093.wav,0
/home/miro/Workspace/MachineLearningProjects/ww-trainer/experiments/hey_mycroft/dataset/negatives/processed/000453.wav,0
/home/miro/Workspace/MachineLearningProjects/ww-trainer/experiments/hey_mycroft/dataset/negatives/processed/000519.wav,0
/home/miro/Workspace/MachineLearningProjects/ww-trainer/experiments/hey_mycroft/dataset/negatives/processed/000536.wav,0
/home/miro/Workspace/MachineLearningProjects/ww-trainer/experiments/hey_mycroft/dataset/negatives/processed/000879.wav,0
/home/miro/Workspace/MachineLearningProjects/ww-trainer/experiments/hey_mycroft/dataset/positives/processed/000431.wav,1
/home/miro/Workspace/MachineLearningProjects/ww-trainer/experiments/hey_mycroft/dataset/negatives/processed/000441.wav,0
/home/miro/Workspace/MachineLearningProjects/ww-trainer/experiments/hey_mycroft/dataset/negatives/processed/000564.wav,0
/home/miro/Workspace/MachineLearningProjects/ww-trainer/experiments/hey_mycroft/dataset/negatives/processed/000829.wav,0
/home/miro/Workspace/MachineLearningProjects/ww-trainer/experiments/hey_mycroft/dataset/positives/processed/000058.wav,1
/home/miro/Workspace/MachineLearningProjects/ww-trainer/experiments/hey_mycroft/dataset/negatives/processed/001111.wav,0
/home/miro/Workspace/MachineLearningProjects/ww-trainer/experiments/hey_mycroft/dataset/negatives/processed/000191.wav,0
/home/miro/Workspace/MachineLearningProjects/ww-trainer/experiments/hey_mycroft/dataset/negatives/processed/000006.wav,0
/home/miro/Workspace/MachineLearningProjects/ww-trainer/experiments/hey_mycroft/dataset/negatives/processed/001003.wav,0
/home/miro/Workspace/MachineLearningProjects/ww-trainer/experiments/hey_mycroft/dataset/positives/processed/000345.wav,1
/home/miro/Workspace/MachineLearningProjects/ww-trainer/experiments/hey_mycroft/dataset/negatives/processed/000699.wav,0
/home/miro/Workspace/MachineLearningProjects/ww-trainer/experiments/hey_mycroft/dataset/negatives/processed/001033.wav,0
/home/miro/Workspace/MachineLearningProjects/ww-trainer/experiments/hey_mycroft/dataset/negatives/processed/000349.wav,0
/home/miro/Workspace/MachineLearningProjects/ww-trainer/experiments/hey_mycroft/dataset/negatives/processed/000631.wav,0
/home/miro/Workspace/MachineLearningProjects/ww-trainer/experiments/hey_mycroft/dataset/negatives/processed/000684.wav,0
/home/miro/Workspace/MachineLearningProjects/ww-trainer/experiments/hey_mycroft/dataset/negatives/processed/000612.wav,0
/home/miro/Workspace/MachineLearningProjects/ww-trainer/experiments/hey_mycroft/dataset/negatives/processed/000628.wav,0
/home/miro/Workspace/MachineLearningProjects/ww-trainer/experiments/hey_mycroft/dataset/positives/processed/000402.wav,1
/home/miro/Workspace/MachineLearningProjects/ww-trainer/experiments/hey_mycroft/dataset/negatives/processed/001523.wav,0
/home/miro/Workspace/MachineLearningProjects/ww-trainer/experiments/hey_mycroft/dataset/negatives/processed/000201.wav,0
/home/miro/Workspace/MachineLearningProjects/ww-trainer/experiments/hey_mycroft/dataset/negatives/processed/000057.wav,0
/home/miro/Workspace/MachineLearningProjects/ww-trainer/experiments/hey_mycroft/dataset/negatives/processed/000562.wav,0
/home/miro/Workspace/MachineLearningProjects/ww-trainer/experiments/hey_mycroft/dataset/negatives/processed/000208.wav,0
/home/miro/Workspace/MachineLearningProjects/ww-trainer/experiments/hey_mycroft/dataset/positives/processed/000461.wav,1
/home/miro/Workspace/MachineLearningProjects/ww-trainer/experiments/hey_mycroft/dataset/negatives/processed/000160.wav,0
/home/miro/Workspace/MachineLearningProjects/ww-trainer/experiments/hey_mycroft/dataset/negatives/processed/001562.wav,0
/home/miro/Workspace/MachineLearningProjects/ww-trainer/experiments/hey_mycroft/dataset/positives/processed/000337.wav,1
/home/miro/Workspace/MachineLearningProjects/ww-trainer/experiments/hey_mycroft/dataset/negatives/processed/000122.wav,0
/home/miro/Workspace/MachineLearningProjects/ww-trainer/experiments/hey_mycroft/dataset/negatives/processed/001166.wav,0
/home/miro/Workspace/MachineLearningProjects/ww-trainer/experiments/hey_mycroft/dataset/negatives/processed/000191.wav,0
/home/miro/Workspace/MachineLearningProjects/ww-trainer/experiments/hey_mycroft/dataset/negatives/processed/000814.wav,0
/home/miro/Workspace/MachineLearningProjects/ww-trainer/experiments/hey_mycroft/dataset/negatives/processed/000321.wav,0
/home/miro/Workspace/MachineLearningProjects/ww-trainer/experiments/hey_mycroft/dataset/negatives/processed/000972.wav,0
/home/miro/Workspace/MachineLearningProjects/ww-trainer/experiments/hey_mycroft/dataset/negatives/processed/001968.wav,0
/home/miro/Workspace/MachineLearningProjects/ww-trainer/experiments/hey_mycroft/dataset/negatives/processed/001048.wav,0
/home/miro/Workspace/MachineLearningProjects/ww-trainer/experiments/hey_mycroft/dataset/negatives/processed/000703.wav,0
/home/miro/Workspace/MachineLearningProjects/ww-trainer/experiments/hey_mycroft/dataset/negatives/processed/001947.wav,0
/home/miro/Workspace/MachineLearningProjects/ww-trainer/experiments/hey_mycroft/dataset/negatives/processed/000601.wav,0
/home/miro/Workspace/MachineLearningProjects/ww-trainer/experiments/hey_mycroft/dataset/negatives/processed/000205.wav,0
/home/miro/Workspace/MachineLearningProjects/ww-trainer/experiments/hey_mycroft/dataset/negatives/processed/000559.wav,0
/home/miro/Workspace/MachineLearningProjects/ww-trainer/experiments/hey_mycroft/dataset/negatives/processed/000454.wav,0
/home/miro/Workspace/MachineLearningProjects/ww-trainer/experiments/hey_mycroft/dataset/negatives/processed/001991.wav,0
/home/miro/Workspace/MachineLearningProjects/ww-trainer/experiments/hey_mycroft/dataset/negatives/processed/000775.wav,0
/home/miro/Workspace/MachineLearningProjects/ww-trainer/experiments/hey_mycroft/dataset/negatives/processed/000149.wav,0
/home/miro/Workspace/MachineLearningProjects/ww-trainer/experiments/hey_mycroft/dataset/positives/processed/000256.wav,1
/home/miro/Workspace/MachineLearningProjects/ww-trainer/experiments/hey_mycroft/dataset/negatives/processed/000692.wav,0
/home/miro/Workspace/MachineLearningProjects/ww-trainer/experiments/hey_mycroft/dataset/negatives/processed/001957.wav,0
/home/miro/Workspace/MachineLearningProjects/ww-trainer/experiments/hey_mycroft/dataset/negatives/processed/000338.wav,0
/home/miro/Workspace/MachineLearningProjects/ww-trainer/experiments/hey_mycroft/dataset/negatives/processed/001416.wav,0
/home/miro/Workspace/MachineLearningProjects/ww-trainer/experiments/hey_mycroft/dataset/negatives/processed/000714.wav,0
/home/miro/Workspace/MachineLearningProjects/ww-trainer/experiments/hey_mycroft/dataset/negatives/processed/000010.wav,0
/home/miro/Workspace/MachineLearningProjects/ww-trainer/experiments/hey_mycroft/dataset/negatives/processed/001458.wav,0
/home/miro/Workspace/MachineLearningProjects/ww-trainer/experiments/hey_mycroft/dataset/negatives/processed/000691.wav,0
/home/miro/Workspace/MachineLearningProjects/ww-trainer/experiments/hey_mycroft/dataset/negatives/processed/000598.wav,0
/home/miro/Workspace/MachineLearningProjects/ww-trainer/experiments/hey_mycroft/dataset/positives/processed/000176.wav,1
/home/miro/Workspace/MachineLearningProjects/ww-trainer/experiments/hey_mycroft/dataset/positives/processed/000265.wav,1
/home/miro/Workspace/MachineLearningProjects/ww-trainer/experiments/hey_mycroft/dataset/negatives/processed/001430.wav,0
/home/miro/Workspace/MachineLearningProjects/ww-trainer/experiments/hey_mycroft/dataset/negatives/processed/001600.wav,0
/home/miro/Workspace/MachineLearningProjects/ww-trainer/experiments/hey_mycroft/dataset/negatives/processed/001988.wav,0
/home/miro/Workspace/MachineLearningProjects/ww-trainer/experiments/hey_mycroft/dataset/negatives/processed/001647.wav,0
/home/miro/Workspace/MachineLearningProjects/ww-trainer/experiments/hey_mycroft/dataset/negatives/processed/000867.wav,0
/home/miro/Workspace/MachineLearningProjects/ww-trainer/experiments/hey_mycroft/dataset/negatives/processed/000239.wav,0
/home/miro/Workspace/MachineLearningProjects/ww-trainer/experiments/hey_mycroft/dataset/negatives/processed/000740.wav,0
/home/miro/Workspace/MachineLearningProjects/ww-trainer/experiments/hey_mycroft/dataset/negatives/processed/001158.wav,0
/home/miro/Workspace/MachineLearningProjects/ww-trainer/experiments/hey_mycroft/dataset/positives/processed/000484.wav,1
/home/miro/Workspace/MachineLearningProjects/ww-trainer/experiments/hey_mycroft/dataset/negatives/processed/000059.wav,0
/home/miro/Workspace/MachineLearningProjects/ww-trainer/experiments/hey_mycroft/dataset/negatives/processed/001703.wav,0
/home/miro/Workspace/MachineLearningProjects/ww-trainer/experiments/hey_mycroft/dataset/negatives/processed/001561.wav,0
/home/miro/Workspace/MachineLearningProjects/ww-trainer/experiments/hey_mycroft/dataset/negatives/processed/000101.wav,0
/home/miro/Workspace/MachineLearningProjects/ww-trainer/experiments/hey_mycroft/dataset/negatives/processed/000197.wav,0
/home/miro/Workspace/MachineLearningProjects/ww-trainer/experiments/hey_mycroft/dataset/negatives/processed/000240.wav,0
/home/miro/Workspace/MachineLearningProjects/ww-trainer/experiments/hey_mycroft/dataset/negatives/processed/000050.wav,0
/home/miro/Workspace/MachineLearningProjects/ww-trainer/experiments/hey_mycroft/dataset/negatives/processed/001295.wav,0
/home/miro/Workspace/MachineLearningProjects/ww-trainer/experiments/hey_mycroft/dataset/negatives/processed/000114.wav,0
/home/miro/Workspace/MachineLearningProjects/ww-trainer/experiments/hey_mycroft/dataset/negatives/processed/000094.wav,0
/home/miro/Workspace/MachineLearningProjects/ww-trainer/experiments/hey_mycroft/dataset/negatives/processed/000610.wav,0
/home/miro/Workspace/MachineLearningProjects/ww-trainer/experiments/hey_mycroft/dataset/negatives/processed/000847.wav,0
/home/miro/Workspace/MachineLearningProjects/ww-trainer/experiments/hey_mycroft/dataset/positives/processed/000132.wav,1
/home/miro/Workspace/MachineLearningProjects/ww-trainer/experiments/hey_mycroft/dataset/negatives/processed/001898.wav,0
/home/miro/Workspace/MachineLearningProjects/ww-trainer/experiments/hey_mycroft/dataset/negatives/processed/000154.wav,0
/home/miro/Workspace/MachineLearningProjects/ww-trainer/experiments/hey_mycroft/dataset/positives/processed/000179.wav,1
/home/miro/Workspace/MachineLearningProjects/ww-trainer/experiments/hey_mycroft/dataset/negatives/processed/000343.wav,0
/home/miro/Workspace/MachineLearningProjects/ww-trainer/experiments/hey_mycroft/dataset/negatives/processed/001495.wav,0
/home/miro/Workspace/MachineLearningProjects/ww-trainer/experiments/hey_mycroft/dataset/negatives/processed/001613.wav,0
/home/miro/Workspace/MachineLearningProjects/ww-trainer/experiments/hey_mycroft/dataset/negatives/processed/000222.wav,0
/home/miro/Workspace/MachineLearningProjects/ww-trainer/experiments/hey_mycroft/dataset/positives/processed/000277.wav,1
/home/miro/Workspace/MachineLearningProjects/ww-trainer/experiments/hey_mycroft/dataset/positives/processed/000251.wav,1
/home/miro/Workspace/MachineLearningProjects/ww-trainer/experiments/hey_mycroft/dataset/negatives/processed/000667.wav,0
/home/miro/Workspace/MachineLearningProjects/ww-trainer/experiments/hey_mycroft/dataset/negatives/processed/000032.wav,0
/home/miro/Workspace/MachineLearningProjects/ww-trainer/experiments/hey_mycroft/dataset/negatives/processed/000084.wav,0
/home/miro/Workspace/MachineLearningProjects/ww-trainer/experiments/hey_mycroft/dataset/positives/processed/000439.wav,1
/home/miro/Workspace/MachineLearningProjects/ww-trainer/experiments/hey_mycroft/dataset/negatives/processed/000787.wav,0
/home/miro/Workspace/MachineLearningProjects/ww-trainer/experiments/hey_mycroft/dataset/negatives/processed/000033.wav,0
/home/miro/Workspace/MachineLearningProjects/ww-trainer/experiments/hey_mycroft/dataset/negatives/processed/001801.wav,0
/home/miro/Workspace/MachineLearningProjects/ww-trainer/experiments/hey_mycroft/dataset/negatives/processed/000589.wav,0
/home/miro/Workspace/MachineLearningProjects/ww-trainer/experiments/hey_mycroft/dataset/negatives/processed/001678.wav,0
/home/miro/Workspace/MachineLearningProjects/ww-trainer/experiments/hey_mycroft/dataset/negatives/processed/001752.wav,0
/home/miro/Workspace/MachineLearningProjects/ww-trainer/experiments/hey_mycroft/dataset/negatives/processed/000560.wav,0
/home/miro/Workspace/MachineLearningProjects/ww-trainer/experiments/hey_mycroft/dataset/negatives/processed/000367.wav,0
/home/miro/Workspace/MachineLearningProjects/ww-trainer/experiments/hey_mycroft/dataset/negatives/processed/001788.wav,0
/home/miro/Workspace/MachineLearningProjects/ww-trainer/experiments/hey_mycroft/dataset/negatives/processed/001340.wav,0
/home/miro/Workspace/MachineLearningProjects/ww-trainer/experiments/hey_mycroft/dataset/negatives/processed/001500.wav,0
/home/miro/Workspace/MachineLearningProjects/ww-trainer/experiments/hey_mycroft/dataset/negatives/processed/000791.wav,0
/home/miro/Workspace/MachineLearningProjects/ww-trainer/experiments/hey_mycroft/dataset/negatives/processed/001354.wav,0
/home/miro/Workspace/MachineLearningProjects/ww-trainer/experiments/hey_mycroft/dataset/negatives/processed/001900.wav,0
/home/miro/Workspace/MachineLearningProjects/ww-trainer/experiments/hey_mycroft/dataset/negatives/processed/001073.wav,0
/home/miro/Workspace/MachineLearningProjects/ww-trainer/experiments/hey_mycroft/dataset/negatives/processed/000541.wav,0
/home/miro/Workspace/MachineLearningProjects/ww-trainer/experiments/hey_mycroft/dataset/negatives/processed/000720.wav,0
/home/miro/Workspace/MachineLearningProjects/ww-trainer/experiments/hey_mycroft/dataset/negatives/processed/000926.wav,0
/home/miro/Workspace/MachineLearningProjects/ww-trainer/experiments/hey_mycroft/dataset/negatives/processed/001353.wav,0
/home/miro/Workspace/MachineLearningProjects/ww-trainer/experiments/hey_mycroft/dataset/negatives/processed/001122.wav,0
/home/miro/Workspace/MachineLearningProjects/ww-trainer/experiments/hey_mycroft/dataset/negatives/processed/000783.wav,0
/home/miro/Workspace/MachineLearningProjects/ww-trainer/experiments/hey_mycroft/dataset/negatives/processed/000487.wav,0
/home/miro/Workspace/MachineLearningProjects/ww-trainer/experiments/hey_mycroft/dataset/negatives/processed/000259.wav,0
/home/miro/Workspace/MachineLearningProjects/ww-trainer/experiments/hey_mycroft/dataset/negatives/processed/001110.wav,0
/home/miro/Workspace/MachineLearningProjects/ww-trainer/experiments/hey_mycroft/dataset/positives/processed/000314.wav,1
/home/miro/Workspace/MachineLearningProjects/ww-trainer/experiments/hey_mycroft/dataset/negatives/processed/001105.wav,0
/home/miro/Workspace/MachineLearningProjects/ww-trainer/experiments/hey_mycroft/dataset/positives/processed/000066.wav,1
/home/miro/Workspace/MachineLearningProjects/ww-trainer/experiments/hey_mycroft/dataset/negatives/processed/000661.wav,0
/home/miro/Workspace/MachineLearningProjects/ww-trainer/experiments/hey_mycroft/dataset/negatives/processed/001969.wav,0
/home/miro/Workspace/MachineLearningProjects/ww-trainer/experiments/hey_mycroft/dataset/negatives/processed/001912.wav,0
/home/miro/Workspace/MachineLearningProjects/ww-trainer/experiments/hey_mycroft/dataset/negatives/processed/000250.wav,0
/home/miro/Workspace/MachineLearningProjects/ww-trainer/experiments/hey_mycroft/dataset/negatives/processed/001893.wav,0
/home/miro/Workspace/MachineLearningProjects/ww-trainer/experiments/hey_mycroft/dataset/negatives/processed/000037.wav,0
/home/miro/Workspace/MachineLearningProjects/ww-trainer/experiments/hey_mycroft/dataset/negatives/processed/001455.wav,0
/home/miro/Workspace/MachineLearningProjects/ww-trainer/experiments/hey_mycroft/dataset/positives/processed/000071.wav,1
/home/miro/Workspace/MachineLearningProjects/ww-trainer/experiments/hey_mycroft/dataset/negatives/processed/001644.wav,0
/home/miro/Workspace/MachineLearningProjects/ww-trainer/experiments/hey_mycroft/dataset/negatives/processed/001922.wav,0
/home/miro/Workspace/MachineLearningProjects/ww-trainer/experiments/hey_mycroft/dataset/negatives/processed/001873.wav,0
/home/miro/Workspace/MachineLearningProjects/ww-trainer/experiments/hey_mycroft/dataset/negatives/processed/001475.wav,0
/home/miro/Workspace/MachineLearningProjects/ww-trainer/experiments/hey_mycroft/dataset/positives/processed/000327.wav,1
/home/miro/Workspace/MachineLearningProjects/ww-trainer/experiments/hey_mycroft/dataset/negatives/processed/000550.wav,0
/home/miro/Workspace/MachineLearningProjects/ww-trainer/experiments/hey_mycroft/dataset/negatives/processed/000019.wav,0
/home/miro/Workspace/MachineLearningProjects/ww-trainer/experiments/hey_mycroft/dataset/negatives/processed/000331.wav,0
/home/miro/Workspace/MachineLearningProjects/ww-trainer/experiments/hey_mycroft/dataset/positives/processed/000153.wav,1
/home/miro/Workspace/MachineLearningProjects/ww-trainer/experiments/hey_mycroft/dataset/negatives/processed/000040.wav,0
/home/miro/Workspace/MachineLearningProjects/ww-trainer/experiments/hey_mycroft/dataset/negatives/processed/001526.wav,0
/home/miro/Workspace/MachineLearningProjects/ww-trainer/experiments/hey_mycroft/dataset/negatives/processed/000390.wav,0
/home/miro/Workspace/MachineLearningProjects/ww-trainer/experiments/hey_mycroft/dataset/negatives/processed/000883.wav,0
/home/miro/Workspace/MachineLearningProjects/ww-trainer/experiments/hey_mycroft/dataset/negatives/processed/000471.wav,0
/home/miro/Workspace/MachineLearningProjects/ww-trainer/experiments/hey_mycroft/dataset/negatives/processed/000605.wav,0
/home/miro/Workspace/MachineLearningProjects/ww-trainer/experiments/hey_mycroft/dataset/negatives/processed/000415.wav,0
/home/miro/Workspace/MachineLearningProjects/ww-trainer/experiments/hey_mycroft/dataset/negatives/processed/001724.wav,0
/home/miro/Workspace/MachineLearningProjects/ww-trainer/experiments/hey_mycroft/dataset/negatives/processed/001178.wav,0
/home/miro/Workspace/MachineLearningProjects/ww-trainer/experiments/hey_mycroft/dataset/positives/processed/000341.wav,1
/home/miro/Workspace/MachineLearningProjects/ww-trainer/experiments/hey_mycroft/dataset/negatives/processed/000372.wav,0
/home/miro/Workspace/MachineLearningProjects/ww-trainer/experiments/hey_mycroft/dataset/negatives/processed/001330.wav,0
/home/miro/Workspace/MachineLearningProjects/ww-trainer/experiments/hey_mycroft/dataset/negatives/processed/000337.wav,0
/home/miro/Workspace/MachineLearningProjects/ww-trainer/experiments/hey_mycroft/dataset/negatives/processed/000127.wav,0
/home/miro/Workspace/MachineLearningProjects/ww-trainer/experiments/hey_mycroft/dataset/negatives/processed/001015.wav,0
/home/miro/Workspace/MachineLearningProjects/ww-trainer/experiments/hey_mycroft/dataset/negatives/processed/000389.wav,0
/home/miro/Workspace/MachineLearningProjects/ww-trainer/experiments/hey_mycroft/dataset/negatives/processed/001856.wav,0
/home/miro/Workspace/MachineLearningProjects/ww-trainer/experiments/hey_mycroft/dataset/negatives/processed/000959.wav,0
/home/miro/Workspace/MachineLearningProjects/ww-trainer/experiments/hey_mycroft/dataset/negatives/processed/000157.wav,0
/home/miro/Workspace/MachineLearningProjects/ww-trainer/experiments/hey_mycroft/dataset/negatives/processed/000101.wav,0
/home/miro/Workspace/MachineLearningProjects/ww-trainer/experiments/hey_mycroft/dataset/negatives/processed/000140.wav,0
/home/miro/Workspace/MachineLearningProjects/ww-trainer/experiments/hey_mycroft/dataset/negatives/processed/001397.wav,0
/home/miro/Workspace/MachineLearningProjects/ww-trainer/experiments/hey_mycroft/dataset/negatives/processed/000569.wav,0
/home/miro/Workspace/MachineLearningProjects/ww-trainer/experiments/hey_mycroft/dataset/negatives/processed/001435.wav,0
/home/miro/Workspace/MachineLearningProjects/ww-trainer/experiments/hey_mycroft/dataset/negatives/processed/000228.wav,0
/home/miro/Workspace/MachineLearningProjects/ww-trainer/experiments/hey_mycroft/dataset/negatives/processed/000369.wav,0
/home/miro/Workspace/MachineLearningProjects/ww-trainer/experiments/hey_mycroft/dataset/positives/processed/000169.wav,1
/home/miro/Workspace/MachineLearningProjects/ww-trainer/experiments/hey_mycroft/dataset/negatives/processed/000206.wav,0
/home/miro/Workspace/MachineLearningProjects/ww-trainer/experiments/hey_mycroft/dataset/negatives/processed/000563.wav,0
/home/miro/Workspace/MachineLearningProjects/ww-trainer/experiments/hey_mycroft/dataset/negatives/processed/000769.wav,0
/home/miro/Workspace/MachineLearningProjects/ww-trainer/experiments/hey_mycroft/dataset/negatives/processed/001248.wav,0
/home/miro/Workspace/MachineLearningProjects/ww-trainer/experiments/hey_mycroft/dataset/negatives/processed/001920.wav,0
/home/miro/Workspace/MachineLearningProjects/ww-trainer/experiments/hey_mycroft/dataset/negatives/processed/000241.wav,0
/home/miro/Workspace/MachineLearningProjects/ww-trainer/experiments/hey_mycroft/dataset/negatives/processed/001421.wav,0
/home/miro/Workspace/MachineLearningProjects/ww-trainer/experiments/hey_mycroft/dataset/negatives/processed/001683.wav,0
/home/miro/Workspace/MachineLearningProjects/ww-trainer/experiments/hey_mycroft/dataset/negatives/processed/000522.wav,0
/home/miro/Workspace/MachineLearningProjects/ww-trainer/experiments/hey_mycroft/dataset/negatives/processed/000319.wav,0
/home/miro/Workspace/MachineLearningProjects/ww-trainer/experiments/hey_mycroft/dataset/negatives/processed/001917.wav,0
/home/miro/Workspace/MachineLearningProjects/ww-trainer/experiments/hey_mycroft/dataset/negatives/processed/000979.wav,0
/home/miro/Workspace/MachineLearningProjects/ww-trainer/experiments/hey_mycroft/dataset/positives/processed/000254.wav,1
/home/miro/Workspace/MachineLearningProjects/ww-trainer/experiments/hey_mycroft/dataset/negatives/processed/001324.wav,0
/home/miro/Workspace/MachineLearningProjects/ww-trainer/experiments/hey_mycroft/dataset/negatives/processed/000477.wav,0
/home/miro/Workspace/MachineLearningProjects/ww-trainer/experiments/hey_mycroft/dataset/negatives/processed/001693.wav,0
/home/miro/Workspace/MachineLearningProjects/ww-trainer/experiments/hey_mycroft/dataset/negatives/processed/000857.wav,0
/home/miro/Workspace/MachineLearningProjects/ww-trainer/experiments/hey_mycroft/dataset/negatives/processed/000721.wav,0
/home/miro/Workspace/MachineLearningProjects/ww-trainer/experiments/hey_mycroft/dataset/positives/processed/000391.wav,1
/home/miro/Workspace/MachineLearningProjects/ww-trainer/experiments/hey_mycroft/dataset/positives/processed/000074.wav,1
/home/miro/Workspace/MachineLearningProjects/ww-trainer/experiments/hey_mycroft/dataset/negatives/processed/001952.wav,0
/home/miro/Workspace/MachineLearningProjects/ww-trainer/experiments/hey_mycroft/dataset/negatives/processed/000811.wav,0
/home/miro/Workspace/MachineLearningProjects/ww-trainer/experiments/hey_mycroft/dataset/negatives/processed/000429.wav,0
/home/miro/Workspace/MachineLearningProjects/ww-trainer/experiments/hey_mycroft/dataset/negatives/processed/001662.wav,0
/home/miro/Workspace/MachineLearningProjects/ww-trainer/experiments/hey_mycroft/dataset/negatives/processed/000305.wav,0
/home/miro/Workspace/MachineLearningProjects/ww-trainer/experiments/hey_mycroft/dataset/negatives/processed/001053.wav,0
/home/miro/Workspace/MachineLearningProjects/ww-trainer/experiments/hey_mycroft/dataset/negatives/processed/000435.wav,0
/home/miro/Workspace/MachineLearningProjects/ww-trainer/experiments/hey_mycroft/dataset/positives/processed/000085.wav,1
/home/miro/Workspace/MachineLearningProjects/ww-trainer/experiments/hey_mycroft/dataset/negatives/processed/001971.wav,0
/home/miro/Workspace/MachineLearningProjects/ww-trainer/experiments/hey_mycroft/dataset/negatives/processed/000863.wav,0
/home/miro/Workspace/MachineLearningProjects/ww-trainer/experiments/hey_mycroft/dataset/positives/processed/000412.wav,1
/home/miro/Workspace/MachineLearningProjects/ww-trainer/experiments/hey_mycroft/dataset/negatives/processed/000100.wav,0
/home/miro/Workspace/MachineLearningProjects/ww-trainer/experiments/hey_mycroft/dataset/positives/processed/000075.wav,1
/home/miro/Workspace/MachineLearningProjects/ww-trainer/experiments/hey_mycroft/dataset/negatives/processed/001850.wav,0
/home/miro/Workspace/MachineLearningProjects/ww-trainer/experiments/hey_mycroft/dataset/positives/processed/000129.wav,1
/home/miro/Workspace/MachineLearningProjects/ww-trainer/experiments/hey_mycroft/dataset/negatives/processed/000587.wav,0
/home/miro/Workspace/MachineLearningProjects/ww-trainer/experiments/hey_mycroft/dataset/negatives/processed/000574.wav,0
/home/miro/Workspace/MachineLearningProjects/ww-trainer/experiments/hey_mycroft/dataset/negatives/processed/001138.wav,0
/home/miro/Workspace/MachineLearningProjects/ww-trainer/experiments/hey_mycroft/dataset/negatives/processed/001472.wav,0
/home/miro/Workspace/MachineLearningProjects/ww-trainer/experiments/hey_mycroft/dataset/negatives/processed/001679.wav,0
/home/miro/Workspace/MachineLearningProjects/ww-trainer/experiments/hey_mycroft/dataset/positives/processed/000358.wav,1
/home/miro/Workspace/MachineLearningProjects/ww-trainer/experiments/hey_mycroft/dataset/negatives/processed/000552.wav,0
/home/miro/Workspace/MachineLearningProjects/ww-trainer/experiments/hey_mycroft/dataset/negatives/processed/000193.wav,0
/home/miro/Workspace/MachineLearningProjects/ww-trainer/experiments/hey_mycroft/dataset/negatives/processed/000618.wav,0
/home/miro/Workspace/MachineLearningProjects/ww-trainer/experiments/hey_mycroft/dataset/negatives/processed/000043.wav,0
/home/miro/Workspace/MachineLearningProjects/ww-trainer/experiments/hey_mycroft/dataset/positives/processed/000090.wav,1
/home/miro/Workspace/MachineLearningProjects/ww-trainer/experiments/hey_mycroft/dataset/positives/processed/000273.wav,1
/home/miro/Workspace/MachineLearningProjects/ww-trainer/experiments/hey_mycroft/dataset/negatives/processed/000180.wav,0
/home/miro/Workspace/MachineLearningProjects/ww-trainer/experiments/hey_mycroft/dataset/negatives/processed/000691.wav,0
/home/miro/Workspace/MachineLearningProjects/ww-trainer/experiments/hey_mycroft/dataset/negatives/processed/000002.wav,0
/home/miro/Workspace/MachineLearningProjects/ww-trainer/experiments/hey_mycroft/dataset/negatives/processed/001159.wav,0
/home/miro/Workspace/MachineLearningProjects/ww-trainer/experiments/hey_mycroft/dataset/negatives/processed/001716.wav,0
/home/miro/Workspace/MachineLearningProjects/ww-trainer/experiments/hey_mycroft/dataset/positives/processed/000493.wav,1
/home/miro/Workspace/MachineLearningProjects/ww-trainer/experiments/hey_mycroft/dataset/negatives/processed/001276.wav,0
/home/miro/Workspace/MachineLearningProjects/ww-trainer/experiments/hey_mycroft/dataset/negatives/processed/001038.wav,0
/home/miro/Workspace/MachineLearningProjects/ww-trainer/experiments/hey_mycroft/dataset/negatives/processed/000745.wav,0
/home/miro/Workspace/MachineLearningProjects/ww-trainer/experiments/hey_mycroft/dataset/negatives/processed/001764.wav,0
/home/miro/Workspace/MachineLearningProjects/ww-trainer/experiments/hey_mycroft/dataset/negatives/processed/000019.wav,0
/home/miro/Workspace/MachineLearningProjects/ww-trainer/experiments/hey_mycroft/dataset/negatives/processed/000264.wav,0
/home/miro/Workspace/MachineLearningProjects/ww-trainer/experiments/hey_mycroft/dataset/negatives/processed/000292.wav,0
/home/miro/Workspace/MachineLearningProjects/ww-trainer/experiments/hey_mycroft/dataset/negatives/processed/001927.wav,0
/home/miro/Workspace/MachineLearningProjects/ww-trainer/experiments/hey_mycroft/dataset/negatives/processed/000995.wav,0
/home/miro/Workspace/MachineLearningProjects/ww-trainer/experiments/hey_mycroft/dataset/negatives/processed/000580.wav,0
/home/miro/Workspace/MachineLearningProjects/ww-trainer/experiments/hey_mycroft/dataset/negatives/processed/000299.wav,0
/home/miro/Workspace/MachineLearningProjects/ww-trainer/experiments/hey_mycroft/dataset/negatives/processed/000565.wav,0
/home/miro/Workspace/MachineLearningProjects/ww-trainer/experiments/hey_mycroft/dataset/negatives/processed/000634.wav,0
/home/miro/Workspace/MachineLearningProjects/ww-trainer/experiments/hey_mycroft/dataset/negatives/processed/000869.wav,0
/home/miro/Workspace/MachineLearningProjects/ww-trainer/experiments/hey_mycroft/dataset/negatives/processed/001380.wav,0
/home/miro/Workspace/MachineLearningProjects/ww-trainer/experiments/hey_mycroft/dataset/negatives/processed/000614.wav,0
/home/miro/Workspace/MachineLearningProjects/ww-trainer/experiments/hey_mycroft/dataset/negatives/processed/000282.wav,0
/home/miro/Workspace/MachineLearningProjects/ww-trainer/experiments/hey_mycroft/dataset/positives/processed/000138.wav,1
/home/miro/Workspace/MachineLearningProjects/ww-trainer/experiments/hey_mycroft/dataset/negatives/processed/000238.wav,0
/home/miro/Workspace/MachineLearningProjects/ww-trainer/experiments/hey_mycroft/dataset/negatives/processed/000393.wav,0
/home/miro/Workspace/MachineLearningProjects/ww-trainer/experiments/hey_mycroft/dataset/positives/processed/000175.wav,1
/home/miro/Workspace/MachineLearningProjects/ww-trainer/experiments/hey_mycroft/dataset/negatives/processed/001236.wav,0
/home/miro/Workspace/MachineLearningProjects/ww-trainer/experiments/hey_mycroft/dataset/negatives/processed/000512.wav,0
/home/miro/Workspace/MachineLearningProjects/ww-trainer/experiments/hey_mycroft/dataset/negatives/processed/000833.wav,0
/home/miro/Workspace/MachineLearningProjects/ww-trainer/experiments/hey_mycroft/dataset/negatives/processed/000353.wav,0
/home/miro/Workspace/MachineLearningProjects/ww-trainer/experiments/hey_mycroft/dataset/negatives/processed/000317.wav,0
/home/miro/Workspace/MachineLearningProjects/ww-trainer/experiments/hey_mycroft/dataset/positives/processed/000492.wav,1
/home/miro/Workspace/MachineLearningProjects/ww-trainer/experiments/hey_mycroft/dataset/negatives/processed/000222.wav,0
/home/miro/Workspace/MachineLearningProjects/ww-trainer/experiments/hey_mycroft/dataset/negatives/processed/001119.wav,0
/home/miro/Workspace/MachineLearningProjects/ww-trainer/experiments/hey_mycroft/dataset/positives/processed/000003.wav,1
/home/miro/Workspace/MachineLearningProjects/ww-trainer/experiments/hey_mycroft/dataset/negatives/processed/001223.wav,0
/home/miro/Workspace/MachineLearningProjects/ww-trainer/experiments/hey_mycroft/dataset/negatives/processed/001691.wav,0
/home/miro/Workspace/MachineLearningProjects/ww-trainer/experiments/hey_mycroft/dataset/positives/processed/000294.wav,1
/home/miro/Workspace/MachineLearningProjects/ww-trainer/experiments/hey_mycroft/dataset/negatives/processed/000062.wav,0
/home/miro/Workspace/MachineLearningProjects/ww-trainer/experiments/hey_mycroft/dataset/negatives/processed/000577.wav,0
/home/miro/Workspace/MachineLearningProjects/ww-trainer/experiments/hey_mycroft/dataset/negatives/processed/000555.wav,0
/home/miro/Workspace/MachineLearningProjects/ww-trainer/experiments/hey_mycroft/dataset/negatives/processed/000794.wav,0
/home/miro/Workspace/MachineLearningProjects/ww-trainer/experiments/hey_mycroft/dataset/negatives/processed/001650.wav,0
/home/miro/Workspace/MachineLearningProjects/ww-trainer/experiments/hey_mycroft/dataset/negatives/processed/000597.wav,0
/home/miro/Workspace/MachineLearningProjects/ww-trainer/experiments/hey_mycroft/dataset/negatives/processed/000390.wav,0
/home/miro/Workspace/MachineLearningProjects/ww-trainer/experiments/hey_mycroft/dataset/negatives/processed/000538.wav,0
/home/miro/Workspace/MachineLearningProjects/ww-trainer/experiments/hey_mycroft/dataset/negatives/processed/001985.wav,0
/home/miro/Workspace/MachineLearningProjects/ww-trainer/experiments/hey_mycroft/dataset/negatives/processed/000586.wav,0
/home/miro/Workspace/MachineLearningProjects/ww-trainer/experiments/hey_mycroft/dataset/negatives/processed/000436.wav,0
/home/miro/Workspace/MachineLearningProjects/ww-trainer/experiments/hey_mycroft/dataset/negatives/processed/000775.wav,0
/home/miro/Workspace/MachineLearningProjects/ww-trainer/experiments/hey_mycroft/dataset/negatives/processed/000808.wav,0
/home/miro/Workspace/MachineLearningProjects/ww-trainer/experiments/hey_mycroft/dataset/negatives/processed/001669.wav,0
/home/miro/Workspace/MachineLearningProjects/ww-trainer/experiments/hey_mycroft/dataset/positives/processed/000488.wav,1
/home/miro/Workspace/MachineLearningProjects/ww-trainer/experiments/hey_mycroft/dataset/positives/processed/000097.wav,1
/home/miro/Workspace/MachineLearningProjects/ww-trainer/experiments/hey_mycroft/dataset/negatives/processed/000499.wav,0
/home/miro/Workspace/MachineLearningProjects/ww-trainer/experiments/hey_mycroft/dataset/negatives/processed/000116.wav,0
/home/miro/Workspace/MachineLearningProjects/ww-trainer/experiments/hey_mycroft/dataset/negatives/processed/000990.wav,0
/home/miro/Workspace/MachineLearningProjects/ww-trainer/experiments/hey_mycroft/dataset/negatives/processed/000625.wav,0
/home/miro/Workspace/MachineLearningProjects/ww-trainer/experiments/hey_mycroft/dataset/negatives/processed/001518.wav,0
/home/miro/Workspace/MachineLearningProjects/ww-trainer/experiments/hey_mycroft/dataset/negatives/processed/000722.wav,0
/home/miro/Workspace/MachineLearningProjects/ww-trainer/experiments/hey_mycroft/dataset/negatives/processed/000971.wav,0
/home/miro/Workspace/MachineLearningProjects/ww-trainer/experiments/hey_mycroft/dataset/negatives/processed/000705.wav,0
/home/miro/Workspace/MachineLearningProjects/ww-trainer/experiments/hey_mycroft/dataset/negatives/processed/000000.wav,0
/home/miro/Workspace/MachineLearningProjects/ww-trainer/experiments/hey_mycroft/dataset/negatives/processed/001814.wav,0
/home/miro/Workspace/MachineLearningProjects/ww-trainer/experiments/hey_mycroft/dataset/negatives/processed/000672.wav,0
/home/miro/Workspace/MachineLearningProjects/ww-trainer/experiments/hey_mycroft/dataset/negatives/processed/001170.wav,0
/home/miro/Workspace/MachineLearningProjects/ww-trainer/experiments/hey_mycroft/dataset/negatives/processed/000542.wav,0
/home/miro/Workspace/MachineLearningProjects/ww-trainer/experiments/hey_mycroft/dataset/negatives/processed/000475.wav,0
/home/miro/Workspace/MachineLearningProjects/ww-trainer/experiments/hey_mycroft/dataset/negatives/processed/000788.wav,0
/home/miro/Workspace/MachineLearningProjects/ww-trainer/experiments/hey_mycroft/dataset/negatives/processed/000760.wav,0
/home/miro/Workspace/MachineLearningProjects/ww-trainer/experiments/hey_mycroft/dataset/negatives/processed/001496.wav,0
/home/miro/Workspace/MachineLearningProjects/ww-trainer/experiments/hey_mycroft/dataset/negatives/processed/001808.wav,0
/home/miro/Workspace/MachineLearningProjects/ww-trainer/experiments/hey_mycroft/dataset/negatives/processed/000384.wav,0
/home/miro/Workspace/MachineLearningProjects/ww-trainer/experiments/hey_mycroft/dataset/negatives/processed/001566.wav,0
/home/miro/Workspace/MachineLearningProjects/ww-trainer/experiments/hey_mycroft/dataset/negatives/processed/001123.wav,0
/home/miro/Workspace/MachineLearningProjects/ww-trainer/experiments/hey_mycroft/dataset/positives/processed/000078.wav,1
/home/miro/Workspace/MachineLearningProjects/ww-trainer/experiments/hey_mycroft/dataset/negatives/processed/001018.wav,0
/home/miro/Workspace/MachineLearningProjects/ww-trainer/experiments/hey_mycroft/dataset/negatives/processed/001573.wav,0
/home/miro/Workspace/MachineLearningProjects/ww-trainer/experiments/hey_mycroft/dataset/negatives/processed/000186.wav,0
/home/miro/Workspace/MachineLearningProjects/ww-trainer/experiments/hey_mycroft/dataset/negatives/processed/000020.wav,0
/home/miro/Workspace/MachineLearningProjects/ww-trainer/experiments/hey_mycroft/dataset/positives/processed/000202.wav,1
/home/miro/Workspace/MachineLearningProjects/ww-trainer/experiments/hey_mycroft/dataset/negatives/processed/000348.wav,0
/home/miro/Workspace/MachineLearningProjects/ww-trainer/experiments/hey_mycroft/dataset/negatives/processed/001609.wav,0
/home/miro/Workspace/MachineLearningProjects/ww-trainer/experiments/hey_mycroft/dataset/negatives/processed/001464.wav,0
/home/miro/Workspace/MachineLearningProjects/ww-trainer/experiments/hey_mycroft/dataset/negatives/processed/000267.wav,0
/home/miro/Workspace/MachineLearningProjects/ww-trainer/experiments/hey_mycroft/dataset/negatives/processed/001290.wav,0
/home/miro/Workspace/MachineLearningProjects/ww-trainer/experiments/hey_mycroft/dataset/negatives/processed/000290.wav,0
/home/miro/Workspace/MachineLearningProjects/ww-trainer/experiments/hey_mycroft/dataset/positives/processed/000482.wav,1
/home/miro/Workspace/MachineLearningProjects/ww-trainer/experiments/hey_mycroft/dataset/negatives/processed/000265.wav,0
/home/miro/Workspace/MachineLearningProjects/ww-trainer/experiments/hey_mycroft/dataset/negatives/processed/000404.wav,0
/home/miro/Workspace/MachineLearningProjects/ww-trainer/experiments/hey_mycroft/dataset/negatives/processed/000311.wav,0
/home/miro/Workspace/MachineLearningProjects/ww-trainer/experiments/hey_mycroft/dataset/positives/processed/000109.wav,1
/home/miro/Workspace/MachineLearningProjects/ww-trainer/experiments/hey_mycroft/dataset/negatives/processed/000349.wav,0
/home/miro/Workspace/MachineLearningProjects/ww-trainer/experiments/hey_mycroft/dataset/positives/processed/000054.wav,1
/home/miro/Workspace/MachineLearningProjects/ww-trainer/experiments/hey_mycroft/dataset/negatives/processed/001180.wav,0
/home/miro/Workspace/MachineLearningProjects/ww-trainer/experiments/hey_mycroft/dataset/negatives/processed/000423.wav,0
/home/miro/Workspace/MachineLearningProjects/ww-trainer/experiments/hey_mycroft/dataset/positives/processed/000454.wav,1
/home/miro/Workspace/MachineLearningProjects/ww-trainer/experiments/hey_mycroft/dataset/negatives/processed/001314.wav,0
/home/miro/Workspace/MachineLearningProjects/ww-trainer/experiments/hey_mycroft/dataset/negatives/processed/000832.wav,0
/home/miro/Workspace/MachineLearningProjects/ww-trainer/experiments/hey_mycroft/dataset/positives/processed/000301.wav,1
/home/miro/Workspace/MachineLearningProjects/ww-trainer/experiments/hey_mycroft/dataset/negatives/processed/000507.wav,0
/home/miro/Workspace/MachineLearningProjects/ww-trainer/experiments/hey_mycroft/dataset/negatives/processed/001787.wav,0
/home/miro/Workspace/MachineLearningProjects/ww-trainer/experiments/hey_mycroft/dataset/negatives/processed/000058.wav,0
/home/miro/Workspace/MachineLearningProjects/ww-trainer/experiments/hey_mycroft/dataset/negatives/processed/001717.wav,0
/home/miro/Workspace/MachineLearningProjects/ww-trainer/experiments/hey_mycroft/dataset/negatives/processed/000760.wav,0
/home/miro/Workspace/MachineLearningProjects/ww-trainer/experiments/hey_mycroft/dataset/negatives/processed/000987.wav,0
/home/miro/Workspace/MachineLearningProjects/ww-trainer/experiments/hey_mycroft/dataset/negatives/processed/000160.wav,0
/home/miro/Workspace/MachineLearningProjects/ww-trainer/experiments/hey_mycroft/dataset/negatives/processed/000556.wav,0
/home/miro/Workspace/MachineLearningProjects/ww-trainer/experiments/hey_mycroft/dataset/negatives/processed/000956.wav,0
/home/miro/Workspace/MachineLearningProjects/ww-trainer/experiments/hey_mycroft/dataset/negatives/processed/001592.wav,0
/home/miro/Workspace/MachineLearningProjects/ww-trainer/experiments/hey_mycroft/dataset/negatives/processed/000327.wav,0
/home/miro/Workspace/MachineLearningProjects/ww-trainer/experiments/hey_mycroft/dataset/negatives/processed/000260.wav,0
/home/miro/Workspace/MachineLearningProjects/ww-trainer/experiments/hey_mycroft/dataset/negatives/processed/000001.wav,0
/home/miro/Workspace/MachineLearningProjects/ww-trainer/experiments/hey_mycroft/dataset/negatives/processed/000813.wav,0
/home/miro/Workspace/MachineLearningProjects/ww-trainer/experiments/hey_mycroft/dataset/positives/processed/000106.wav,1
/home/miro/Workspace/MachineLearningProjects/ww-trainer/experiments/hey_mycroft/dataset/negatives/processed/000012.wav,0
/home/miro/Workspace/MachineLearningProjects/ww-trainer/experiments/hey_mycroft/dataset/negatives/processed/000632.wav,0
/home/miro/Workspace/MachineLearningProjects/ww-trainer/experiments/hey_mycroft/dataset/negatives/processed/001955.wav,0
/home/miro/Workspace/MachineLearningProjects/ww-trainer/experiments/hey_mycroft/dataset/negatives/processed/001729.wav,0
/home/miro/Workspace/MachineLearningProjects/ww-trainer/experiments/hey_mycroft/dataset/positives/processed/000331.wav,1
/home/miro/Workspace/MachineLearningProjects/ww-trainer/experiments/hey_mycroft/dataset/negatives/processed/000357.wav,0
/home/miro/Workspace/MachineLearningProjects/ww-trainer/experiments/hey_mycroft/dataset/negatives/processed/000580.wav,0
/home/miro/Workspace/MachineLearningProjects/ww-trainer/experiments/hey_mycroft/dataset/negatives/processed/000413.wav,0
/home/miro/Workspace/MachineLearningProjects/ww-trainer/experiments/hey_mycroft/dataset/negatives/processed/000007.wav,0
/home/miro/Workspace/MachineLearningProjects/ww-trainer/experiments/hey_mycroft/dataset/negatives/processed/000077.wav,0
/home/miro/Workspace/MachineLearningProjects/ww-trainer/experiments/hey_mycroft/dataset/negatives/processed/001718.wav,0
/home/miro/Workspace/MachineLearningProjects/ww-trainer/experiments/hey_mycroft/dataset/negatives/processed/000594.wav,0
/home/miro/Workspace/MachineLearningProjects/ww-trainer/experiments/hey_mycroft/dataset/negatives/processed/000514.wav,0
/home/miro/Workspace/MachineLearningProjects/ww-trainer/experiments/hey_mycroft/dataset/negatives/processed/001545.wav,0
/home/miro/Workspace/MachineLearningProjects/ww-trainer/experiments/hey_mycroft/dataset/negatives/processed/000253.wav,0
/home/miro/Workspace/MachineLearningProjects/ww-trainer/experiments/hey_mycroft/dataset/negatives/processed/001743.wav,0
/home/miro/Workspace/MachineLearningProjects/ww-trainer/experiments/hey_mycroft/dataset/negatives/processed/001826.wav,0
/home/miro/Workspace/MachineLearningProjects/ww-trainer/experiments/hey_mycroft/dataset/negatives/processed/000360.wav,0
/home/miro/Workspace/MachineLearningProjects/ww-trainer/experiments/hey_mycroft/dataset/negatives/processed/000797.wav,0
/home/miro/Workspace/MachineLearningProjects/ww-trainer/experiments/hey_mycroft/dataset/negatives/processed/001803.wav,0
/home/miro/Workspace/MachineLearningProjects/ww-trainer/experiments/hey_mycroft/dataset/positives/processed/000479.wav,1
/home/miro/Workspace/MachineLearningProjects/ww-trainer/experiments/hey_mycroft/dataset/negatives/processed/001152.wav,0
/home/miro/Workspace/MachineLearningProjects/ww-trainer/experiments/hey_mycroft/dataset/negatives/processed/000083.wav,0
/home/miro/Workspace/MachineLearningProjects/ww-trainer/experiments/hey_mycroft/dataset/negatives/processed/001908.wav,0
/home/miro/Workspace/MachineLearningProjects/ww-trainer/experiments/hey_mycroft/dataset/negatives/processed/000409.wav,0
/home/miro/Workspace/MachineLearningProjects/ww-trainer/experiments/hey_mycroft/dataset/positives/processed/000486.wav,1
/home/miro/Workspace/MachineLearningProjects/ww-trainer/experiments/hey_mycroft/dataset/negatives/processed/000973.wav,0
/home/miro/Workspace/MachineLearningProjects/ww-trainer/experiments/hey_mycroft/dataset/negatives/processed/000885.wav,0
/home/miro/Workspace/MachineLearningProjects/ww-trainer/experiments/hey_mycroft/dataset/negatives/processed/000246.wav,0
/home/miro/Workspace/MachineLearningProjects/ww-trainer/experiments/hey_mycroft/dataset/negatives/processed/001384.wav,0
/home/miro/Workspace/MachineLearningProjects/ww-trainer/experiments/hey_mycroft/dataset/negatives/processed/001653.wav,0
/home/miro/Workspace/MachineLearningProjects/ww-trainer/experiments/hey_mycroft/dataset/negatives/processed/001181.wav,0
/home/miro/Workspace/MachineLearningProjects/ww-trainer/experiments/hey_mycroft/dataset/negatives/processed/001376.wav,0
/home/miro/Workspace/MachineLearningProjects/ww-trainer/experiments/hey_mycroft/dataset/positives/processed/000339.wav,1
/home/miro/Workspace/MachineLearningProjects/ww-trainer/experiments/hey_mycroft/dataset/negatives/processed/001147.wav,0
/home/miro/Workspace/MachineLearningProjects/ww-trainer/experiments/hey_mycroft/dataset/negatives/processed/000918.wav,0
/home/miro/Workspace/MachineLearningProjects/ww-trainer/experiments/hey_mycroft/dataset/negatives/processed/001755.wav,0
/home/miro/Workspace/MachineLearningProjects/ww-trainer/experiments/hey_mycroft/dataset/negatives/processed/001901.wav,0
/home/miro/Workspace/MachineLearningProjects/ww-trainer/experiments/hey_mycroft/dataset/positives/processed/000315.wav,1
/home/miro/Workspace/MachineLearningProjects/ww-trainer/experiments/hey_mycroft/dataset/negatives/processed/001042.wav,0
/home/miro/Workspace/MachineLearningProjects/ww-trainer/experiments/hey_mycroft/dataset/negatives/processed/000232.wav,0
/home/miro/Workspace/MachineLearningProjects/ww-trainer/experiments/hey_mycroft/dataset/positives/processed/000268.wav,1
/home/miro/Workspace/MachineLearningProjects/ww-trainer/experiments/hey_mycroft/dataset/negatives/processed/001210.wav,0
/home/miro/Workspace/MachineLearningProjects/ww-trainer/experiments/hey_mycroft/dataset/negatives/processed/000189.wav,0
/home/miro/Workspace/MachineLearningProjects/ww-trainer/experiments/hey_mycroft/dataset/negatives/processed/000309.wav,0
/home/miro/Workspace/MachineLearningProjects/ww-trainer/experiments/hey_mycroft/dataset/negatives/processed/001126.wav,0
/home/miro/Workspace/MachineLearningProjects/ww-trainer/experiments/hey_mycroft/dataset/negatives/processed/001034.wav,0
/home/miro/Workspace/MachineLearningProjects/ww-trainer/experiments/hey_mycroft/dataset/negatives/processed/000747.wav,0
/home/miro/Workspace/MachineLearningProjects/ww-trainer/experiments/hey_mycroft/dataset/negatives/processed/001131.wav,0
/home/miro/Workspace/MachineLearningProjects/ww-trainer/experiments/hey_mycroft/dataset/negatives/processed/001552.wav,0
/home/miro/Workspace/MachineLearningProjects/ww-trainer/experiments/hey_mycroft/dataset/negatives/processed/000105.wav,0
/home/miro/Workspace/MachineLearningProjects/ww-trainer/experiments/hey_mycroft/dataset/negatives/processed/000345.wav,0
/home/miro/Workspace/MachineLearningProjects/ww-trainer/experiments/hey_mycroft/dataset/negatives/processed/000557.wav,0
/home/miro/Workspace/MachineLearningProjects/ww-trainer/experiments/hey_mycroft/dataset/negatives/processed/000122.wav,0
/home/miro/Workspace/MachineLearningProjects/ww-trainer/experiments/hey_mycroft/dataset/negatives/processed/001352.wav,0
/home/miro/Workspace/MachineLearningProjects/ww-trainer/experiments/hey_mycroft/dataset/positives/processed/000393.wav,1
/home/miro/Workspace/MachineLearningProjects/ww-trainer/experiments/hey_mycroft/dataset/negatives/processed/000571.wav,0
/home/miro/Workspace/MachineLearningProjects/ww-trainer/experiments/hey_mycroft/dataset/negatives/processed/000199.wav,0
/home/miro/Workspace/MachineLearningProjects/ww-trainer/experiments/hey_mycroft/dataset/negatives/processed/000418.wav,0
/home/miro/Workspace/MachineLearningProjects/ww-trainer/experiments/hey_mycroft/dataset/negatives/processed/001333.wav,0
/home/miro/Workspace/MachineLearningProjects/ww-trainer/experiments/hey_mycroft/dataset/negatives/processed/001792.wav,0
/home/miro/Workspace/MachineLearningProjects/ww-trainer/experiments/hey_mycroft/dataset/negatives/processed/000242.wav,0
/home/miro/Workspace/MachineLearningProjects/ww-trainer/experiments/hey_mycroft/dataset/positives/processed/000037.wav,1
/home/miro/Workspace/MachineLearningProjects/ww-trainer/experiments/hey_mycroft/dataset/negatives/processed/000428.wav,0
/home/miro/Workspace/MachineLearningProjects/ww-trainer/experiments/hey_mycroft/dataset/negatives/processed/000541.wav,0
/home/miro/Workspace/MachineLearningProjects/ww-trainer/experiments/hey_mycroft/dataset/negatives/processed/000619.wav,0
/home/miro/Workspace/MachineLearningProjects/ww-trainer/experiments/hey_mycroft/dataset/negatives/processed/000873.wav,0
/home/miro/Workspace/MachineLearningProjects/ww-trainer/experiments/hey_mycroft/dataset/negatives/processed/001094.wav,0
/home/miro/Workspace/MachineLearningProjects/ww-trainer/experiments/hey_mycroft/dataset/positives/processed/000191.wav,1
/home/miro/Workspace/MachineLearningProjects/ww-trainer/experiments/hey_mycroft/dataset/negatives/processed/000776.wav,0
/home/miro/Workspace/MachineLearningProjects/ww-trainer/experiments/hey_mycroft/dataset/negatives/processed/000903.wav,0
/home/miro/Workspace/MachineLearningProjects/ww-trainer/experiments/hey_mycroft/dataset/negatives/processed/001112.wav,0
/home/miro/Workspace/MachineLearningProjects/ww-trainer/experiments/hey_mycroft/dataset/negatives/processed/001331.wav,0
/home/miro/Workspace/MachineLearningProjects/ww-trainer/experiments/hey_mycroft/dataset/negatives/processed/001386.wav,0
/home/miro/Workspace/MachineLearningProjects/ww-trainer/experiments/hey_mycroft/dataset/positives/processed/000261.wav,1
/home/miro/Workspace/MachineLearningProjects/ww-trainer/experiments/hey_mycroft/dataset/negatives/processed/001537.wav,0
/home/miro/Workspace/MachineLearningProjects/ww-trainer/experiments/hey_mycroft/dataset/negatives/processed/001777.wav,0
/home/miro/Workspace/MachineLearningProjects/ww-trainer/experiments/hey_mycroft/dataset/negatives/processed/000271.wav,0
/home/miro/Workspace/MachineLearningProjects/ww-trainer/experiments/hey_mycroft/dataset/negatives/processed/001238.wav,0
/home/miro/Workspace/MachineLearningProjects/ww-trainer/experiments/hey_mycroft/dataset/negatives/processed/000506.wav,0
/home/miro/Workspace/MachineLearningProjects/ww-trainer/experiments/hey_mycroft/dataset/negatives/processed/001867.wav,0
/home/miro/Workspace/MachineLearningProjects/ww-trainer/experiments/hey_mycroft/dataset/negatives/processed/000563.wav,0
/home/miro/Workspace/MachineLearningProjects/ww-trainer/experiments/hey_mycroft/dataset/negatives/processed/000718.wav,0
/home/miro/Workspace/MachineLearningProjects/ww-trainer/experiments/hey_mycroft/dataset/negatives/processed/001244.wav,0
/home/miro/Workspace/MachineLearningProjects/ww-trainer/experiments/hey_mycroft/dataset/negatives/processed/000302.wav,0
/home/miro/Workspace/MachineLearningProjects/ww-trainer/experiments/hey_mycroft/dataset/negatives/processed/000322.wav,0
/home/miro/Workspace/MachineLearningProjects/ww-trainer/experiments/hey_mycroft/dataset/negatives/processed/000930.wav,0
/home/miro/Workspace/MachineLearningProjects/ww-trainer/experiments/hey_mycroft/dataset/negatives/processed/001597.wav,0
/home/miro/Workspace/MachineLearningProjects/ww-trainer/experiments/hey_mycroft/dataset/negatives/processed/001129.wav,0
/home/miro/Workspace/MachineLearningProjects/ww-trainer/experiments/hey_mycroft/dataset/negatives/processed/000216.wav,0
/home/miro/Workspace/MachineLearningProjects/ww-trainer/experiments/hey_mycroft/dataset/positives/processed/000289.wav,1
/home/miro/Workspace/MachineLearningProjects/ww-trainer/experiments/hey_mycroft/dataset/negatives/processed/000822.wav,0
/home/miro/Workspace/MachineLearningProjects/ww-trainer/experiments/hey_mycroft/dataset/negatives/processed/000693.wav,0
/home/miro/Workspace/MachineLearningProjects/ww-trainer/experiments/hey_mycroft/dataset/positives/processed/000166.wav,1
/home/miro/Workspace/MachineLearningProjects/ww-trainer/experiments/hey_mycroft/dataset/negatives/processed/001191.wav,0
/home/miro/Workspace/MachineLearningProjects/ww-trainer/experiments/hey_mycroft/dataset/negatives/processed/001896.wav,0
/home/miro/Workspace/MachineLearningProjects/ww-trainer/experiments/hey_mycroft/dataset/negatives/processed/000734.wav,0
/home/miro/Workspace/MachineLearningProjects/ww-trainer/experiments/hey_mycroft/dataset/negatives/processed/001802.wav,0
/home/miro/Workspace/MachineLearningProjects/ww-trainer/experiments/hey_mycroft/dataset/negatives/processed/000708.wav,0
/home/miro/Workspace/MachineLearningProjects/ww-trainer/experiments/hey_mycroft/dataset/negatives/processed/000016.wav,0
/home/miro/Workspace/MachineLearningProjects/ww-trainer/experiments/hey_mycroft/dataset/negatives/processed/000081.wav,0
/home/miro/Workspace/MachineLearningProjects/ww-trainer/experiments/hey_mycroft/dataset/negatives/processed/000334.wav,0
/home/miro/Workspace/MachineLearningProjects/ww-trainer/experiments/hey_mycroft/dataset/negatives/processed/001271.wav,0
/home/miro/Workspace/MachineLearningProjects/ww-trainer/experiments/hey_mycroft/dataset/negatives/processed/000030.wav,0
/home/miro/Workspace/MachineLearningProjects/ww-trainer/experiments/hey_mycroft/dataset/positives/processed/000193.wav,1
/home/miro/Workspace/MachineLearningProjects/ww-trainer/experiments/hey_mycroft/dataset/negatives/processed/001387.wav,0
/home/miro/Workspace/MachineLearningProjects/ww-trainer/experiments/hey_mycroft/dataset/negatives/processed/001933.wav,0
/home/miro/Workspace/MachineLearningProjects/ww-trainer/experiments/hey_mycroft/dataset/negatives/processed/000185.wav,0
/home/miro/Workspace/MachineLearningProjects/ww-trainer/experiments/hey_mycroft/dataset/negatives/processed/000825.wav,0
/home/miro/Workspace/MachineLearningProjects/ww-trainer/experiments/hey_mycroft/dataset/negatives/processed/001973.wav,0
/home/miro/Workspace/MachineLearningProjects/ww-trainer/experiments/hey_mycroft/dataset/negatives/processed/001432.wav,0
/home/miro/Workspace/MachineLearningProjects/ww-trainer/experiments/hey_mycroft/dataset/negatives/processed/000724.wav,0
/home/miro/Workspace/MachineLearningProjects/ww-trainer/experiments/hey_mycroft/dataset/negatives/processed/000890.wav,0
/home/miro/Workspace/MachineLearningProjects/ww-trainer/experiments/hey_mycroft/dataset/negatives/processed/000192.wav,0
/home/miro/Workspace/MachineLearningProjects/ww-trainer/experiments/hey_mycroft/dataset/negatives/processed/000337.wav,0
/home/miro/Workspace/MachineLearningProjects/ww-trainer/experiments/hey_mycroft/dataset/negatives/processed/000293.wav,0
/home/miro/Workspace/MachineLearningProjects/ww-trainer/experiments/hey_mycroft/dataset/negatives/processed/000079.wav,0
/home/miro/Workspace/MachineLearningProjects/ww-trainer/experiments/hey_mycroft/dataset/negatives/processed/001395.wav,0
/home/miro/Workspace/MachineLearningProjects/ww-trainer/experiments/hey_mycroft/dataset/negatives/processed/000245.wav,0
/home/miro/Workspace/MachineLearningProjects/ww-trainer/experiments/hey_mycroft/dataset/positives/processed/000325.wav,1
/home/miro/Workspace/MachineLearningProjects/ww-trainer/experiments/hey_mycroft/dataset/negatives/processed/000748.wav,0
/home/miro/Workspace/MachineLearningProjects/ww-trainer/experiments/hey_mycroft/dataset/negatives/processed/000570.wav,0
/home/miro/Workspace/MachineLearningProjects/ww-trainer/experiments/hey_mycroft/dataset/negatives/processed/000544.wav,0
/home/miro/Workspace/MachineLearningProjects/ww-trainer/experiments/hey_mycroft/dataset/negatives/processed/000743.wav,0
/home/miro/Workspace/MachineLearningProjects/ww-trainer/experiments/hey_mycroft/dataset/negatives/processed/000215.wav,0
/home/miro/Workspace/MachineLearningProjects/ww-trainer/experiments/hey_mycroft/dataset/negatives/processed/000949.wav,0
/home/miro/Workspace/MachineLearningProjects/ww-trainer/experiments/hey_mycroft/dataset/negatives/processed/000007.wav,0
/home/miro/Workspace/MachineLearningProjects/ww-trainer/experiments/hey_mycroft/dataset/negatives/processed/000155.wav,0
/home/miro/Workspace/MachineLearningProjects/ww-trainer/experiments/hey_mycroft/dataset/positives/processed/000353.wav,1
/home/miro/Workspace/MachineLearningProjects/ww-trainer/experiments/hey_mycroft/dataset/negatives/processed/000823.wav,0
/home/miro/Workspace/MachineLearningProjects/ww-trainer/experiments/hey_mycroft/dataset/negatives/processed/001820.wav,0
/home/miro/Workspace/MachineLearningProjects/ww-trainer/experiments/hey_mycroft/dataset/positives/processed/000172.wav,1
/home/miro/Workspace/MachineLearningProjects/ww-trainer/experiments/hey_mycroft/dataset/negatives/processed/000962.wav,0
/home/miro/Workspace/MachineLearningProjects/ww-trainer/experiments/hey_mycroft/dataset/negatives/processed/000203.wav,0
/home/miro/Workspace/MachineLearningProjects/ww-trainer/experiments/hey_mycroft/dataset/negatives/processed/001923.wav,0
/home/miro/Workspace/MachineLearningProjects/ww-trainer/experiments/hey_mycroft/dataset/negatives/processed/000422.wav,0
/home/miro/Workspace/MachineLearningProjects/ww-trainer/experiments/hey_mycroft/dataset/positives/processed/000126.wav,1
/home/miro/Workspace/MachineLearningProjects/ww-trainer/experiments/hey_mycroft/dataset/negatives/processed/000008.wav,0
/home/miro/Workspace/MachineLearningProjects/ww-trainer/experiments/hey_mycroft/dataset/negatives/processed/001642.wav,0
/home/miro/Workspace/MachineLearningProjects/ww-trainer/experiments/hey_mycroft/dataset/negatives/processed/000582.wav,0
/home/miro/Workspace/MachineLearningProjects/ww-trainer/experiments/hey_mycroft/dataset/negatives/processed/001441.wav,0
/home/miro/Workspace/MachineLearningProjects/ww-trainer/experiments/hey_mycroft/dataset/negatives/processed/001869.wav,0
/home/miro/Workspace/MachineLearningProjects/ww-trainer/experiments/hey_mycroft/dataset/positives/processed/000385.wav,1
/home/miro/Workspace/MachineLearningProjects/ww-trainer/experiments/hey_mycroft/dataset/negatives/processed/000834.wav,0
/home/miro/Workspace/MachineLearningProjects/ww-trainer/experiments/hey_mycroft/dataset/negatives/processed/000180.wav,0
/home/miro/Workspace/MachineLearningProjects/ww-trainer/experiments/hey_mycroft/dataset/negatives/processed/000421.wav,0
/home/miro/Workspace/MachineLearningProjects/ww-trainer/experiments/hey_mycroft/dataset/negatives/processed/001849.wav,0
/home/miro/Workspace/MachineLearningProjects/ww-trainer/experiments/hey_mycroft/dataset/negatives/processed/001396.wav,0
/home/miro/Workspace/MachineLearningProjects/ww-trainer/experiments/hey_mycroft/dataset/negatives/processed/000725.wav,0
/home/miro/Workspace/MachineLearningProjects/ww-trainer/experiments/hey_mycroft/dataset/negatives/processed/000688.wav,0
/home/miro/Workspace/MachineLearningProjects/ww-trainer/experiments/hey_mycroft/dataset/negatives/processed/000532.wav,0
/home/miro/Workspace/MachineLearningProjects/ww-trainer/experiments/hey_mycroft/dataset/negatives/processed/000782.wav,0
/home/miro/Workspace/MachineLearningProjects/ww-trainer/experiments/hey_mycroft/dataset/negatives/processed/000538.wav,0
/home/miro/Workspace/MachineLearningProjects/ww-trainer/experiments/hey_mycroft/dataset/negatives/processed/000716.wav,0
/home/miro/Workspace/MachineLearningProjects/ww-trainer/experiments/hey_mycroft/dataset/negatives/processed/001486.wav,0
/home/miro/Workspace/MachineLearningProjects/ww-trainer/experiments/hey_mycroft/dataset/positives/processed/000184.wav,1
/home/miro/Workspace/MachineLearningProjects/ww-trainer/experiments/hey_mycroft/dataset/negatives/processed/001854.wav,0
/home/miro/Workspace/MachineLearningProjects/ww-trainer/experiments/hey_mycroft/dataset/positives/processed/000157.wav,1
/home/miro/Workspace/MachineLearningProjects/ww-trainer/experiments/hey_mycroft/dataset/negatives/processed/000087.wav,0
/home/miro/Workspace/MachineLearningProjects/ww-trainer/experiments/hey_mycroft/dataset/negatives/processed/001936.wav,0
/home/miro/Workspace/MachineLearningProjects/ww-trainer/experiments/hey_mycroft/dataset/positives/processed/000116.wav,1
/home/miro/Workspace/MachineLearningProjects/ww-trainer/experiments/hey_mycroft/dataset/positives/processed/000077.wav,1
/home/miro/Workspace/MachineLearningProjects/ww-trainer/experiments/hey_mycroft/dataset/negatives/processed/000633.wav,0
/home/miro/Workspace/MachineLearningProjects/ww-trainer/experiments/hey_mycroft/dataset/negatives/processed/000445.wav,0
/home/miro/Workspace/MachineLearningProjects/ww-trainer/experiments/hey_mycroft/dataset/negatives/processed/001195.wav,0
/home/miro/Workspace/MachineLearningProjects/ww-trainer/experiments/hey_mycroft/dataset/negatives/processed/001735.wav,0
/home/miro/Workspace/MachineLearningProjects/ww-trainer/experiments/hey_mycroft/dataset/negatives/processed/001368.wav,0
/home/miro/Workspace/MachineLearningProjects/ww-trainer/experiments/hey_mycroft/dataset/negatives/processed/001664.wav,0
/home/miro/Workspace/MachineLearningProjects/ww-trainer/experiments/hey_mycroft/dataset/positives/processed/000115.wav,1
/home/miro/Workspace/MachineLearningProjects/ww-trainer/experiments/hey_mycroft/dataset/negatives/processed/001655.wav,0
/home/miro/Workspace/MachineLearningProjects/ww-trainer/experiments/hey_mycroft/dataset/negatives/processed/000062.wav,0
/home/miro/Workspace/MachineLearningProjects/ww-trainer/experiments/hey_mycroft/dataset/negatives/processed/001560.wav,0
/home/miro/Workspace/MachineLearningProjects/ww-trainer/experiments/hey_mycroft/dataset/negatives/processed/000120.wav,0
/home/miro/Workspace/MachineLearningProjects/ww-trainer/experiments/hey_mycroft/dataset/negatives/processed/000793.wav,0
/home/miro/Workspace/MachineLearningProjects/ww-trainer/experiments/hey_mycroft/dataset/negatives/processed/000093.wav,0
/home/miro/Workspace/MachineLearningProjects/ww-trainer/experiments/hey_mycroft/dataset/negatives/processed/000179.wav,0
/home/miro/Workspace/MachineLearningProjects/ww-trainer/experiments/hey_mycroft/dataset/positives/processed/000139.wav,1
/home/miro/Workspace/MachineLearningProjects/ww-trainer/experiments/hey_mycroft/dataset/negatives/processed/000400.wav,0
/home/miro/Workspace/MachineLearningProjects/ww-trainer/experiments/hey_mycroft/dataset/positives/processed/000309.wav,1
/home/miro/Workspace/MachineLearningProjects/ww-trainer/experiments/hey_mycroft/dataset/negatives/processed/001671.wav,0
/home/miro/Workspace/MachineLearningProjects/ww-trainer/experiments/hey_mycroft/dataset/negatives/processed/000310.wav,0
/home/miro/Workspace/MachineLearningProjects/ww-trainer/experiments/hey_mycroft/dataset/negatives/processed/000392.wav,0
/home/miro/Workspace/MachineLearningProjects/ww-trainer/experiments/hey_mycroft/dataset/negatives/processed/000779.wav,0
/home/miro/Workspace/MachineLearningProjects/ww-trainer/experiments/hey_mycroft/dataset/negatives/processed/000801.wav,0
/home/miro/Workspace/MachineLearningProjects/ww-trainer/experiments/hey_mycroft/dataset/negatives/processed/001342.wav,0
/home/miro/Workspace/MachineLearningProjects/ww-trainer/experiments/hey_mycroft/dataset/negatives/processed/000656.wav,0
/home/miro/Workspace/MachineLearningProjects/ww-trainer/experiments/hey_mycroft/dataset/negatives/processed/000014.wav,0
/home/miro/Workspace/MachineLearningProjects/ww-trainer/experiments/hey_mycroft/dataset/negatives/processed/000419.wav,0
/home/miro/Workspace/MachineLearningProjects/ww-trainer/experiments/hey_mycroft/dataset/negatives/processed/000686.wav,0
/home/miro/Workspace/MachineLearningProjects/ww-trainer/experiments/hey_mycroft/dataset/negatives/processed/001540.wav,0
/home/miro/Workspace/MachineLearningProjects/ww-trainer/experiments/hey_mycroft/dataset/negatives/processed/000414.wav,0
/home/miro/Workspace/MachineLearningProjects/ww-trainer/experiments/hey_mycroft/dataset/negatives/processed/000716.wav,0
/home/miro/Workspace/MachineLearningProjects/ww-trainer/experiments/hey_mycroft/dataset/negatives/processed/000450.wav,0
/home/miro/Workspace/MachineLearningProjects/ww-trainer/experiments/hey_mycroft/dataset/negatives/processed/000511.wav,0
/home/miro/Workspace/MachineLearningProjects/ww-trainer/experiments/hey_mycroft/dataset/negatives/processed/000679.wav,0
/home/miro/Workspace/MachineLearningProjects/ww-trainer/experiments/hey_mycroft/dataset/negatives/processed/001082.wav,0
/home/miro/Workspace/MachineLearningProjects/ww-trainer/experiments/hey_mycroft/dataset/positives/processed/000362.wav,1
/home/miro/Workspace/MachineLearningProjects/ww-trainer/experiments/hey_mycroft/dataset/positives/processed/000154.wav,1
/home/miro/Workspace/MachineLearningProjects/ww-trainer/experiments/hey_mycroft/dataset/negatives/processed/000842.wav,0
/home/miro/Workspace/MachineLearningProjects/ww-trainer/experiments/hey_mycroft/dataset/negatives/processed/000748.wav,0
/home/miro/Workspace/MachineLearningProjects/ww-trainer/experiments/hey_mycroft/dataset/negatives/processed/000531.wav,0
/home/miro/Workspace/MachineLearningProjects/ww-trainer/experiments/hey_mycroft/dataset/positives/processed/000313.wav,1
/home/miro/Workspace/MachineLearningProjects/ww-trainer/experiments/hey_mycroft/dataset/negatives/processed/000733.wav,0
/home/miro/Workspace/MachineLearningProjects/ww-trainer/experiments/hey_mycroft/dataset/positives/processed/000355.wav,1
/home/miro/Workspace/MachineLearningProjects/ww-trainer/experiments/hey_mycroft/dataset/positives/processed/000404.wav,1
/home/miro/Workspace/MachineLearningProjects/ww-trainer/experiments/hey_mycroft/dataset/negatives/processed/000024.wav,0
/home/miro/Workspace/MachineLearningProjects/ww-trainer/experiments/hey_mycroft/dataset/positives/processed/000299.wav,1
/home/miro/Workspace/MachineLearningProjects/ww-trainer/experiments/hey_mycroft/dataset/negatives/processed/000476.wav,0
/home/miro/Workspace/MachineLearningProjects/ww-trainer/experiments/hey_mycroft/dataset/positives/processed/000483.wav,1
/home/miro/Workspace/MachineLearningProjects/ww-trainer/experiments/hey_mycroft/dataset/negatives/processed/001535.wav,0
/home/miro/Workspace/MachineLearningProjects/ww-trainer/experiments/hey_mycroft/dataset/negatives/processed/000165.wav,0
/home/miro/Workspace/MachineLearningProjects/ww-trainer/experiments/hey_mycroft/dataset/negatives/processed/000821.wav,0
/home/miro/Workspace/MachineLearningProjects/ww-trainer/experiments/hey_mycroft/dataset/negatives/processed/001177.wav,0
/home/miro/Workspace/MachineLearningProjects/ww-trainer/experiments/hey_mycroft/dataset/negatives/processed/000186.wav,0
/home/miro/Workspace/MachineLearningProjects/ww-trainer/experiments/hey_mycroft/dataset/negatives/processed/000298.wav,0
/home/miro/Workspace/MachineLearningProjects/ww-trainer/experiments/hey_mycroft/dataset/negatives/processed/000215.wav,0
/home/miro/Workspace/MachineLearningProjects/ww-trainer/experiments/hey_mycroft/dataset/negatives/processed/001089.wav,0
/home/miro/Workspace/MachineLearningProjects/ww-trainer/experiments/hey_mycroft/dataset/negatives/processed/001915.wav,0
/home/miro/Workspace/MachineLearningProjects/ww-trainer/experiments/hey_mycroft/dataset/negatives/processed/000544.wav,0
/home/miro/Workspace/MachineLearningProjects/ww-trainer/experiments/hey_mycroft/dataset/negatives/processed/000200.wav,0
/home/miro/Workspace/MachineLearningProjects/ww-trainer/experiments/hey_mycroft/dataset/negatives/processed/001378.wav,0
/home/miro/Workspace/MachineLearningProjects/ww-trainer/experiments/hey_mycroft/dataset/negatives/processed/001568.wav,0
/home/miro/Workspace/MachineLearningProjects/ww-trainer/experiments/hey_mycroft/dataset/negatives/processed/001689.wav,0
/home/miro/Workspace/MachineLearningProjects/ww-trainer/experiments/hey_mycroft/dataset/negatives/processed/000409.wav,0
/home/miro/Workspace/MachineLearningProjects/ww-trainer/experiments/hey_mycroft/dataset/positives/processed/000344.wav,1
/home/miro/Workspace/MachineLearningProjects/ww-trainer/experiments/hey_mycroft/dataset/negatives/processed/000157.wav,0
/home/miro/Workspace/MachineLearningProjects/ww-trainer/experiments/hey_mycroft/dataset/negatives/processed/000182.wav,0
/home/miro/Workspace/MachineLearningProjects/ww-trainer/experiments/hey_mycroft/dataset/negatives/processed/000579.wav,0
/home/miro/Workspace/MachineLearningProjects/ww-trainer/experiments/hey_mycroft/dataset/negatives/processed/001328.wav,0
/home/miro/Workspace/MachineLearningProjects/ww-trainer/experiments/hey_mycroft/dataset/negatives/processed/000142.wav,0
/home/miro/Workspace/MachineLearningProjects/ww-trainer/experiments/hey_mycroft/dataset/negatives/processed/000135.wav,0
/home/miro/Workspace/MachineLearningProjects/ww-trainer/experiments/hey_mycroft/dataset/negatives/processed/001881.wav,0
/home/miro/Workspace/MachineLearningProjects/ww-trainer/experiments/hey_mycroft/dataset/negatives/processed/001639.wav,0
/home/miro/Workspace/MachineLearningProjects/ww-trainer/experiments/hey_mycroft/dataset/negatives/processed/001604.wav,0
/home/miro/Workspace/MachineLearningProjects/ww-trainer/experiments/hey_mycroft/dataset/negatives/processed/001320.wav,0
/home/miro/Workspace/MachineLearningProjects/ww-trainer/experiments/hey_mycroft/dataset/negatives/processed/000706.wav,0
/home/miro/Workspace/MachineLearningProjects/ww-trainer/experiments/hey_mycroft/dataset/negatives/processed/000086.wav,0
/home/miro/Workspace/MachineLearningProjects/ww-trainer/experiments/hey_mycroft/dataset/positives/processed/000498.wav,1
/home/miro/Workspace/MachineLearningProjects/ww-trainer/experiments/hey_mycroft/dataset/positives/processed/000216.wav,1
/home/miro/Workspace/MachineLearningProjects/ww-trainer/experiments/hey_mycroft/dataset/negatives/processed/000394.wav,0
/home/miro/Workspace/MachineLearningProjects/ww-trainer/experiments/hey_mycroft/dataset/negatives/processed/000398.wav,0
/home/miro/Workspace/MachineLearningProjects/ww-trainer/experiments/hey_mycroft/dataset/negatives/processed/001494.wav,0
/home/miro/Workspace/MachineLearningProjects/ww-trainer/experiments/hey_mycroft/dataset/negatives/processed/000912.wav,0
/home/miro/Workspace/MachineLearningProjects/ww-trainer/experiments/hey_mycroft/dataset/negatives/processed/000212.wav,0
/home/miro/Workspace/MachineLearningProjects/ww-trainer/experiments/hey_mycroft/dataset/negatives/processed/001646.wav,0
/home/miro/Workspace/MachineLearningProjects/ww-trainer/experiments/hey_mycroft/dataset/negatives/processed/000072.wav,0
/home/miro/Workspace/MachineLearningProjects/ww-trainer/experiments/hey_mycroft/dataset/negatives/processed/001930.wav,0
/home/miro/Workspace/MachineLearningProjects/ww-trainer/experiments/hey_mycroft/dataset/positives/processed/000351.wav,1
/home/miro/Workspace/MachineLearningProjects/ww-trainer/experiments/hey_mycroft/dataset/negatives/processed/001448.wav,0
/home/miro/Workspace/MachineLearningProjects/ww-trainer/experiments/hey_mycroft/dataset/positives/processed/000042.wav,1
/home/miro/Workspace/MachineLearningProjects/ww-trainer/experiments/hey_mycroft/dataset/negatives/processed/000329.wav,0
/home/miro/Workspace/MachineLearningProjects/ww-trainer/experiments/hey_mycroft/dataset/negatives/processed/001356.wav,0
/home/miro/Workspace/MachineLearningProjects/ww-trainer/experiments/hey_mycroft/dataset/negatives/processed/001252.wav,0
/home/miro/Workspace/MachineLearningProjects/ww-trainer/experiments/hey_mycroft/dataset/negatives/processed/000355.wav,0
/home/miro/Workspace/MachineLearningProjects/ww-trainer/experiments/hey_mycroft/dataset/negatives/processed/000811.wav,0
/home/miro/Workspace/MachineLearningProjects/ww-trainer/experiments/hey_mycroft/dataset/negatives/processed/000016.wav,0
/home/miro/Workspace/MachineLearningProjects/ww-trainer/experiments/hey_mycroft/dataset/negatives/processed/000328.wav,0
/home/miro/Workspace/MachineLearningProjects/ww-trainer/experiments/hey_mycroft/dataset/negatives/processed/000674.wav,0
/home/miro/Workspace/MachineLearningProjects/ww-trainer/experiments/hey_mycroft/dataset/negatives/processed/000379.wav,0
/home/miro/Workspace/MachineLearningProjects/ww-trainer/experiments/hey_mycroft/dataset/negatives/processed/001800.wav,0
/home/miro/Workspace/MachineLearningProjects/ww-trainer/experiments/hey_mycroft/dataset/negatives/processed/001895.wav,0
/home/miro/Workspace/MachineLearningProjects/ww-trainer/experiments/hey_mycroft/dataset/positives/processed/000159.wav,1
/home/miro/Workspace/MachineLearningProjects/ww-trainer/experiments/hey_mycroft/dataset/negatives/processed/000441.wav,0
/home/miro/Workspace/MachineLearningProjects/ww-trainer/experiments/hey_mycroft/dataset/negatives/processed/001986.wav,0
/home/miro/Workspace/MachineLearningProjects/ww-trainer/experiments/hey_mycroft/dataset/negatives/processed/000393.wav,0
/home/miro/Workspace/MachineLearningProjects/ww-trainer/experiments/hey_mycroft/dataset/negatives/processed/000599.wav,0
/home/miro/Workspace/MachineLearningProjects/ww-trainer/experiments/hey_mycroft/dataset/negatives/processed/001503.wav,0
/home/miro/Workspace/MachineLearningProjects/ww-trainer/experiments/hey_mycroft/dataset/negatives/processed/000313.wav,0
/home/miro/Workspace/MachineLearningProjects/ww-trainer/experiments/hey_mycroft/dataset/negatives/processed/000573.wav,0
/home/miro/Workspace/MachineLearningProjects/ww-trainer/experiments/hey_mycroft/dataset/negatives/processed/000357.wav,0
/home/miro/Workspace/MachineLearningProjects/ww-trainer/experiments/hey_mycroft/dataset/negatives/processed/001151.wav,0
/home/miro/Workspace/MachineLearningProjects/ww-trainer/experiments/hey_mycroft/dataset/negatives/processed/000868.wav,0
/home/miro/Workspace/MachineLearningProjects/ww-trainer/experiments/hey_mycroft/dataset/negatives/processed/001206.wav,0
/home/miro/Workspace/MachineLearningProjects/ww-trainer/experiments/hey_mycroft/dataset/negatives/processed/000644.wav,0
/home/miro/Workspace/MachineLearningProjects/ww-trainer/experiments/hey_mycroft/dataset/negatives/processed/001665.wav,0
/home/miro/Workspace/MachineLearningProjects/ww-trainer/experiments/hey_mycroft/dataset/negatives/processed/001618.wav,0
/home/miro/Workspace/MachineLearningProjects/ww-trainer/experiments/hey_mycroft/dataset/negatives/processed/000081.wav,0
/home/miro/Workspace/MachineLearningProjects/ww-trainer/experiments/hey_mycroft/dataset/negatives/processed/000590.wav,0
/home/miro/Workspace/MachineLearningProjects/ww-trainer/experiments/hey_mycroft/dataset/negatives/processed/001643.wav,0
/home/miro/Workspace/MachineLearningProjects/ww-trainer/experiments/hey_mycroft/dataset/positives/processed/000264.wav,1
/home/miro/Workspace/MachineLearningProjects/ww-trainer/experiments/hey_mycroft/dataset/positives/processed/000359.wav,1
/home/miro/Workspace/MachineLearningProjects/ww-trainer/experiments/hey_mycroft/dataset/negatives/processed/001440.wav,0
/home/miro/Workspace/MachineLearningProjects/ww-trainer/experiments/hey_mycroft/dataset/negatives/processed/000814.wav,0
/home/miro/Workspace/MachineLearningProjects/ww-trainer/experiments/hey_mycroft/dataset/negatives/processed/000548.wav,0
/home/miro/Workspace/MachineLearningProjects/ww-trainer/experiments/hey_mycroft/dataset/negatives/processed/000261.wav,0
/home/miro/Workspace/MachineLearningProjects/ww-trainer/experiments/hey_mycroft/dataset/positives/processed/000245.wav,1
/home/miro/Workspace/MachineLearningProjects/ww-trainer/experiments/hey_mycroft/dataset/negatives/processed/000171.wav,0
/home/miro/Workspace/MachineLearningProjects/ww-trainer/experiments/hey_mycroft/dataset/negatives/processed/001772.wav,0
/home/miro/Workspace/MachineLearningProjects/ww-trainer/experiments/hey_mycroft/dataset/negatives/processed/000023.wav,0
/home/miro/Workspace/MachineLearningProjects/ww-trainer/experiments/hey_mycroft/dataset/negatives/processed/001065.wav,0
/home/miro/Workspace/MachineLearningProjects/ww-trainer/experiments/hey_mycroft/dataset/negatives/processed/001547.wav,0
/home/miro/Workspace/MachineLearningProjects/ww-trainer/experiments/hey_mycroft/dataset/negatives/processed/001347.wav,0
/home/miro/Workspace/MachineLearningProjects/ww-trainer/experiments/hey_mycroft/dataset/negatives/processed/000049.wav,0
/home/miro/Workspace/MachineLearningProjects/ww-trainer/experiments/hey_mycroft/dataset/negatives/processed/001478.wav,0
/home/miro/Workspace/MachineLearningProjects/ww-trainer/experiments/hey_mycroft/dataset/negatives/processed/000803.wav,0
/home/miro/Workspace/MachineLearningProjects/ww-trainer/experiments/hey_mycroft/dataset/positives/processed/000015.wav,1
/home/miro/Workspace/MachineLearningProjects/ww-trainer/experiments/hey_mycroft/dataset/positives/processed/000112.wav,1
/home/miro/Workspace/MachineLearningProjects/ww-trainer/experiments/hey_mycroft/dataset/negatives/processed/000727.wav,0
/home/miro/Workspace/MachineLearningProjects/ww-trainer/experiments/hey_mycroft/dataset/negatives/processed/000309.wav,0
/home/miro/Workspace/MachineLearningProjects/ww-trainer/experiments/hey_mycroft/dataset/positives/processed/000451.wav,1
/home/miro/Workspace/MachineLearningProjects/ww-trainer/experiments/hey_mycroft/dataset/positives/processed/000093.wav,1
/home/miro/Workspace/MachineLearningProjects/ww-trainer/experiments/hey_mycroft/dataset/negatives/processed/000131.wav,0
/home/miro/Workspace/MachineLearningProjects/ww-trainer/experiments/hey_mycroft/dataset/negatives/processed/001551.wav,0
/home/miro/Workspace/MachineLearningProjects/ww-trainer/experiments/hey_mycroft/dataset/negatives/processed/000579.wav,0
/home/miro/Workspace/MachineLearningProjects/ww-trainer/experiments/hey_mycroft/dataset/negatives/processed/001992.wav,0
/home/miro/Workspace/MachineLearningProjects/ww-trainer/experiments/hey_mycroft/dataset/negatives/processed/000714.wav,0
/home/miro/Workspace/MachineLearningProjects/ww-trainer/experiments/hey_mycroft/dataset/negatives/processed/000550.wav,0
/home/miro/Workspace/MachineLearningProjects/ww-trainer/experiments/hey_mycroft/dataset/negatives/processed/000888.wav,0
/home/miro/Workspace/MachineLearningProjects/ww-trainer/experiments/hey_mycroft/dataset/negatives/processed/000080.wav,0
/home/miro/Workspace/MachineLearningProjects/ww-trainer/experiments/hey_mycroft/dataset/positives/processed/000227.wav,1
/home/miro/Workspace/MachineLearningProjects/ww-trainer/experiments/hey_mycroft/dataset/negatives/processed/000105.wav,0
/home/miro/Workspace/MachineLearningProjects/ww-trainer/experiments/hey_mycroft/dataset/negatives/processed/000206.wav,0
/home/miro/Workspace/MachineLearningProjects/ww-trainer/experiments/hey_mycroft/dataset/positives/processed/000233.wav,1
/home/miro/Workspace/MachineLearningProjects/ww-trainer/experiments/hey_mycroft/dataset/negatives/processed/000590.wav,0
/home/miro/Workspace/MachineLearningProjects/ww-trainer/experiments/hey_mycroft/dataset/negatives/processed/001046.wav,0
/home/miro/Workspace/MachineLearningProjects/ww-trainer/experiments/hey_mycroft/dataset/positives/processed/000441.wav,1
/home/miro/Workspace/MachineLearningProjects/ww-trainer/experiments/hey_mycroft/dataset/negatives/processed/001332.wav,0
/home/miro/Workspace/MachineLearningProjects/ww-trainer/experiments/hey_mycroft/dataset/negatives/processed/000348.wav,0
/home/miro/Workspace/MachineLearningProjects/ww-trainer/experiments/hey_mycroft/dataset/negatives/processed/000405.wav,0
/home/miro/Workspace/MachineLearningProjects/ww-trainer/experiments/hey_mycroft/dataset/negatives/processed/000743.wav,0
/home/miro/Workspace/MachineLearningProjects/ww-trainer/experiments/hey_mycroft/dataset/negatives/processed/000066.wav,0
/home/miro/Workspace/MachineLearningProjects/ww-trainer/experiments/hey_mycroft/dataset/negatives/processed/001554.wav,0
/home/miro/Workspace/MachineLearningProjects/ww-trainer/experiments/hey_mycroft/dataset/negatives/processed/000164.wav,0
/home/miro/Workspace/MachineLearningProjects/ww-trainer/experiments/hey_mycroft/dataset/negatives/processed/000656.wav,0
/home/miro/Workspace/MachineLearningProjects/ww-trainer/experiments/hey_mycroft/dataset/negatives/processed/000057.wav,0
/home/miro/Workspace/MachineLearningProjects/ww-trainer/experiments/hey_mycroft/dataset/positives/processed/000167.wav,1
/home/miro/Workspace/MachineLearningProjects/ww-trainer/experiments/hey_mycroft/dataset/negatives/processed/000880.wav,0
/home/miro/Workspace/MachineLearningProjects/ww-trainer/experiments/hey_mycroft/dataset/negatives/processed/000355.wav,0
/home/miro/Workspace/MachineLearningProjects/ww-trainer/experiments/hey_mycroft/dataset/negatives/processed/001638.wav,0
/home/miro/Workspace/MachineLearningProjects/ww-trainer/experiments/hey_mycroft/dataset/negatives/processed/001750.wav,0
/home/miro/Workspace/MachineLearningProjects/ww-trainer/experiments/hey_mycroft/dataset/negatives/processed/001306.wav,0
/home/miro/Workspace/MachineLearningProjects/ww-trainer/experiments/hey_mycroft/dataset/positives/processed/000318.wav,1
/home/miro/Workspace/MachineLearningProjects/ww-trainer/experiments/hey_mycroft/dataset/negatives/processed/001758.wav,0
/home/miro/Workspace/MachineLearningProjects/ww-trainer/experiments/hey_mycroft/dataset/positives/processed/000173.wav,1
/home/miro/Workspace/MachineLearningProjects/ww-trainer/experiments/hey_mycroft/dataset/negatives/processed/000721.wav,0
/home/miro/Workspace/MachineLearningProjects/ww-trainer/experiments/hey_mycroft/dataset/negatives/processed/000247.wav,0
/home/miro/Workspace/MachineLearningProjects/ww-trainer/experiments/hey_mycroft/dataset/negatives/processed/001090.wav,0
/home/miro/Workspace/MachineLearningProjects/ww-trainer/experiments/hey_mycroft/dataset/negatives/processed/000164.wav,0
/home/miro/Workspace/MachineLearningProjects/ww-trainer/experiments/hey_mycroft/dataset/negatives/processed/000977.wav,0
/home/miro/Workspace/MachineLearningProjects/ww-trainer/experiments/hey_mycroft/dataset/negatives/processed/000138.wav,0
/home/miro/Workspace/MachineLearningProjects/ww-trainer/experiments/hey_mycroft/dataset/negatives/processed/000257.wav,0
/home/miro/Workspace/MachineLearningProjects/ww-trainer/experiments/hey_mycroft/dataset/negatives/processed/000636.wav,0
/home/miro/Workspace/MachineLearningProjects/ww-trainer/experiments/hey_mycroft/dataset/negatives/processed/000198.wav,0
/home/miro/Workspace/MachineLearningProjects/ww-trainer/experiments/hey_mycroft/dataset/negatives/processed/001443.wav,0
/home/miro/Workspace/MachineLearningProjects/ww-trainer/experiments/hey_mycroft/dataset/negatives/processed/000359.wav,0
/home/miro/Workspace/MachineLearningProjects/ww-trainer/experiments/hey_mycroft/dataset/negatives/processed/000270.wav,0
/home/miro/Workspace/MachineLearningProjects/ww-trainer/experiments/hey_mycroft/dataset/negatives/processed/001845.wav,0
/home/miro/Workspace/MachineLearningProjects/ww-trainer/experiments/hey_mycroft/dataset/negatives/processed/001445.wav,0
/home/miro/Workspace/MachineLearningProjects/ww-trainer/experiments/hey_mycroft/dataset/negatives/processed/001028.wav,0
/home/miro/Workspace/MachineLearningProjects/ww-trainer/experiments/hey_mycroft/dataset/negatives/processed/000779.wav,0
/home/miro/Workspace/MachineLearningProjects/ww-trainer/experiments/hey_mycroft/dataset/negatives/processed/001726.wav,0
/home/miro/Workspace/MachineLearningProjects/ww-trainer/experiments/hey_mycroft/dataset/negatives/processed/000494.wav,0
/home/miro/Workspace/MachineLearningProjects/ww-trainer/experiments/hey_mycroft/dataset/negatives/processed/000406.wav,0
/home/miro/Workspace/MachineLearningProjects/ww-trainer/experiments/hey_mycroft/dataset/negatives/processed/000584.wav,0
/home/miro/Workspace/MachineLearningProjects/ww-trainer/experiments/hey_mycroft/dataset/positives/processed/000142.wav,1
/home/miro/Workspace/MachineLearningProjects/ww-trainer/experiments/hey_mycroft/dataset/negatives/processed/000320.wav,0
/home/miro/Workspace/MachineLearningProjects/ww-trainer/experiments/hey_mycroft/dataset/negatives/processed/000846.wav,0
/home/miro/Workspace/MachineLearningProjects/ww-trainer/experiments/hey_mycroft/dataset/negatives/processed/001962.wav,0
/home/miro/Workspace/MachineLearningProjects/ww-trainer/experiments/hey_mycroft/dataset/positives/processed/000293.wav,1
/home/miro/Workspace/MachineLearningProjects/ww-trainer/experiments/hey_mycroft/dataset/negatives/processed/001539.wav,0
/home/miro/Workspace/MachineLearningProjects/ww-trainer/experiments/hey_mycroft/dataset/positives/processed/000371.wav,1
/home/miro/Workspace/MachineLearningProjects/ww-trainer/experiments/hey_mycroft/dataset/positives/processed/000012.wav,1
/home/miro/Workspace/MachineLearningProjects/ww-trainer/experiments/hey_mycroft/dataset/negatives/processed/000218.wav,0
/home/miro/Workspace/MachineLearningProjects/ww-trainer/experiments/hey_mycroft/dataset/negatives/processed/000250.wav,0
/home/miro/Workspace/MachineLearningProjects/ww-trainer/experiments/hey_mycroft/dataset/negatives/processed/000284.wav,0
/home/miro/Workspace/MachineLearningProjects/ww-trainer/experiments/hey_mycroft/dataset/negatives/processed/001355.wav,0
/home/miro/Workspace/MachineLearningProjects/ww-trainer/experiments/hey_mycroft/dataset/negatives/processed/000939.wav,0
/home/miro/Workspace/MachineLearningProjects/ww-trainer/experiments/hey_mycroft/dataset/negatives/processed/000597.wav,0
/home/miro/Workspace/MachineLearningProjects/ww-trainer/experiments/hey_mycroft/dataset/negatives/processed/000296.wav,0
/home/miro/Workspace/MachineLearningProjects/ww-trainer/experiments/hey_mycroft/dataset/positives/processed/000059.wav,1
/home/miro/Workspace/MachineLearningProjects/ww-trainer/experiments/hey_mycroft/dataset/negatives/processed/000047.wav,0
/home/miro/Workspace/MachineLearningProjects/ww-trainer/experiments/hey_mycroft/dataset/negatives/processed/000920.wav,0
/home/miro/Workspace/MachineLearningProjects/ww-trainer/experiments/hey_mycroft/dataset/negatives/processed/001198.wav,0
/home/miro/Workspace/MachineLearningProjects/ww-trainer/experiments/hey_mycroft/dataset/negatives/processed/000847.wav,0
/home/miro/Workspace/MachineLearningProjects/ww-trainer/experiments/hey_mycroft/dataset/negatives/processed/000747.wav,0
/home/miro/Workspace/MachineLearningProjects/ww-trainer/experiments/hey_mycroft/dataset/positives/processed/000053.wav,1
/home/miro/Workspace/MachineLearningProjects/ww-trainer/experiments/hey_mycroft/dataset/negatives/processed/000540.wav,0
/home/miro/Workspace/MachineLearningProjects/ww-trainer/experiments/hey_mycroft/dataset/negatives/processed/000816.wav,0
/home/miro/Workspace/MachineLearningProjects/ww-trainer/experiments/hey_mycroft/dataset/negatives/processed/000189.wav,0
/home/miro/Workspace/MachineLearningProjects/ww-trainer/experiments/hey_mycroft/dataset/negatives/processed/000756.wav,0
/home/miro/Workspace/MachineLearningProjects/ww-trainer/experiments/hey_mycroft/dataset/negatives/processed/000773.wav,0
/home/miro/Workspace/MachineLearningProjects/ww-trainer/experiments/hey_mycroft/dataset/negatives/processed/001176.wav,0
/home/miro/Workspace/MachineLearningProjects/ww-trainer/experiments/hey_mycroft/dataset/negatives/processed/000425.wav,0
/home/miro/Workspace/MachineLearningProjects/ww-trainer/experiments/hey_mycroft/dataset/negatives/processed/000648.wav,0
/home/miro/Workspace/MachineLearningProjects/ww-trainer/experiments/hey_mycroft/dataset/negatives/processed/001230.wav,0
/home/miro/Workspace/MachineLearningProjects/ww-trainer/experiments/hey_mycroft/dataset/negatives/processed/000378.wav,0
/home/miro/Workspace/MachineLearningProjects/ww-trainer/experiments/hey_mycroft/dataset/negatives/processed/000481.wav,0
/home/miro/Workspace/MachineLearningProjects/ww-trainer/experiments/hey_mycroft/dataset/positives/processed/000463.wav,1
/home/miro/Workspace/MachineLearningProjects/ww-trainer/experiments/hey_mycroft/dataset/negatives/processed/000263.wav,0
/home/miro/Workspace/MachineLearningProjects/ww-trainer/experiments/hey_mycroft/dataset/negatives/processed/000070.wav,0
/home/miro/Workspace/MachineLearningProjects/ww-trainer/experiments/hey_mycroft/dataset/negatives/processed/001739.wav,0
/home/miro/Workspace/MachineLearningProjects/ww-trainer/experiments/hey_mycroft/dataset/positives/processed/000235.wav,1
/home/miro/Workspace/MachineLearningProjects/ww-trainer/experiments/hey_mycroft/dataset/negatives/processed/000252.wav,0
/home/miro/Workspace/MachineLearningProjects/ww-trainer/experiments/hey_mycroft/dataset/negatives/processed/001813.wav,0
/home/miro/Workspace/MachineLearningProjects/ww-trainer/experiments/hey_mycroft/dataset/negatives/processed/000810.wav,0
/home/miro/Workspace/MachineLearningProjects/ww-trainer/experiments/hey_mycroft/dataset/negatives/processed/001715.wav,0
/home/miro/Workspace/MachineLearningProjects/ww-trainer/experiments/hey_mycroft/dataset/negatives/processed/001467.wav,0
/home/miro/Workspace/MachineLearningProjects/ww-trainer/experiments/hey_mycroft/dataset/negatives/processed/000524.wav,0
/home/miro/Workspace/MachineLearningProjects/ww-trainer/experiments/hey_mycroft/dataset/positives/processed/000459.wav,1
/home/miro/Workspace/MachineLearningProjects/ww-trainer/experiments/hey_mycroft/dataset/negatives/processed/000487.wav,0
/home/miro/Workspace/MachineLearningProjects/ww-trainer/experiments/hey_mycroft/dataset/negatives/processed/000332.wav,0
/home/miro/Workspace/MachineLearningProjects/ww-trainer/experiments/hey_mycroft/dataset/positives/processed/000316.wav,1
/home/miro/Workspace/MachineLearningProjects/ww-trainer/experiments/hey_mycroft/dataset/negatives/processed/000661.wav,0
/home/miro/Workspace/MachineLearningProjects/ww-trainer/experiments/hey_mycroft/dataset/negatives/processed/000539.wav,0
/home/miro/Workspace/MachineLearningProjects/ww-trainer/experiments/hey_mycroft/dataset/negatives/processed/000683.wav,0
/home/miro/Workspace/MachineLearningProjects/ww-trainer/experiments/hey_mycroft/dataset/positives/processed/000212.wav,1
/home/miro/Workspace/MachineLearningProjects/ww-trainer/experiments/hey_mycroft/dataset/negatives/processed/000214.wav,0
/home/miro/Workspace/MachineLearningProjects/ww-trainer/experiments/hey_mycroft/dataset/negatives/processed/000139.wav,0
/home/miro/Workspace/MachineLearningProjects/ww-trainer/experiments/hey_mycroft/dataset/negatives/processed/000729.wav,0
/home/miro/Workspace/MachineLearningProjects/ww-trainer/experiments/hey_mycroft/dataset/negatives/processed/000089.wav,0
/home/miro/Workspace/MachineLearningProjects/ww-trainer/experiments/hey_mycroft/dataset/negatives/processed/001852.wav,0
/home/miro/Workspace/MachineLearningProjects/ww-trainer/experiments/hey_mycroft/dataset/negatives/processed/001429.wav,0
/home/miro/Workspace/MachineLearningProjects/ww-trainer/experiments/hey_mycroft/dataset/negatives/processed/001375.wav,0
/home/miro/Workspace/MachineLearningProjects/ww-trainer/experiments/hey_mycroft/dataset/negatives/processed/000297.wav,0
/home/miro/Workspace/MachineLearningProjects/ww-trainer/experiments/hey_mycroft/dataset/negatives/processed/000114.wav,0
/home/miro/Workspace/MachineLearningProjects/ww-trainer/experiments/hey_mycroft/dataset/negatives/processed/001036.wav,0
/home/miro/Workspace/MachineLearningProjects/ww-trainer/experiments/hey_mycroft/dataset/negatives/processed/001411.wav,0
/home/miro/Workspace/MachineLearningProjects/ww-trainer/experiments/hey_mycroft/dataset/negatives/processed/001289.wav,0
/home/miro/Workspace/MachineLearningProjects/ww-trainer/experiments/hey_mycroft/dataset/negatives/processed/000224.wav,0
/home/miro/Workspace/MachineLearningProjects/ww-trainer/experiments/hey_mycroft/dataset/negatives/processed/000341.wav,0
/home/miro/Workspace/MachineLearningProjects/ww-trainer/experiments/hey_mycroft/dataset/positives/processed/000250.wav,1
/home/miro/Workspace/MachineLearningProjects/ww-trainer/experiments/hey_mycroft/dataset/negatives/processed/000242.wav,0
/home/miro/Workspace/MachineLearningProjects/ww-trainer/experiments/hey_mycroft/dataset/negatives/processed/000175.wav,0
/home/miro/Workspace/MachineLearningProjects/ww-trainer/experiments/hey_mycroft/dataset/negatives/processed/001389.wav,0
/home/miro/Workspace/MachineLearningProjects/ww-trainer/experiments/hey_mycroft/dataset/negatives/processed/000650.wav,0
/home/miro/Workspace/MachineLearningProjects/ww-trainer/experiments/hey_mycroft/dataset/negatives/processed/001695.wav,0
/home/miro/Workspace/MachineLearningProjects/ww-trainer/experiments/hey_mycroft/dataset/negatives/processed/000834.wav,0
/home/miro/Workspace/MachineLearningProjects/ww-trainer/experiments/hey_mycroft/dataset/negatives/processed/001842.wav,0
/home/miro/Workspace/MachineLearningProjects/ww-trainer/experiments/hey_mycroft/dataset/negatives/processed/001525.wav,0
/home/miro/Workspace/MachineLearningProjects/ww-trainer/experiments/hey_mycroft/dataset/negatives/processed/001162.wav,0
/home/miro/Workspace/MachineLearningProjects/ww-trainer/experiments/hey_mycroft/dataset/negatives/processed/000263.wav,0
/home/miro/Workspace/MachineLearningProjects/ww-trainer/experiments/hey_mycroft/dataset/negatives/processed/000437.wav,0
/home/miro/Workspace/MachineLearningProjects/ww-trainer/experiments/hey_mycroft/dataset/negatives/processed/001024.wav,0
/home/miro/Workspace/MachineLearningProjects/ww-trainer/experiments/hey_mycroft/dataset/positives/processed/000197.wav,1
/home/miro/Workspace/MachineLearningProjects/ww-trainer/experiments/hey_mycroft/dataset/negatives/processed/000384.wav,0
/home/miro/Workspace/MachineLearningProjects/ww-trainer/experiments/hey_mycroft/dataset/positives/processed/000190.wav,1
/home/miro/Workspace/MachineLearningProjects/ww-trainer/experiments/hey_mycroft/dataset/positives/processed/000174.wav,1
/home/miro/Workspace/MachineLearningProjects/ww-trainer/experiments/hey_mycroft/dataset/negatives/processed/000609.wav,0
/home/miro/Workspace/MachineLearningProjects/ww-trainer/experiments/hey_mycroft/dataset/negatives/processed/001950.wav,0
/home/miro/Workspace/MachineLearningProjects/ww-trainer/experiments/hey_mycroft/dataset/positives/processed/000137.wav,1
/home/miro/Workspace/MachineLearningProjects/ww-trainer/experiments/hey_mycroft/dataset/negatives/processed/001658.wav,0
/home/miro/Workspace/MachineLearningProjects/ww-trainer/experiments/hey_mycroft/dataset/negatives/processed/000837.wav,0
/home/miro/Workspace/MachineLearningProjects/ww-trainer/experiments/hey_mycroft/dataset/negatives/processed/000906.wav,0
/home/miro/Workspace/MachineLearningProjects/ww-trainer/experiments/hey_mycroft/dataset/positives/processed/000312.wav,1
/home/miro/Workspace/MachineLearningProjects/ww-trainer/experiments/hey_mycroft/dataset/negatives/processed/000266.wav,0
/home/miro/Workspace/MachineLearningProjects/ww-trainer/experiments/hey_mycroft/dataset/negatives/processed/000131.wav,0
/home/miro/Workspace/MachineLearningProjects/ww-trainer/experiments/hey_mycroft/dataset/negatives/processed/000862.wav,0
/home/miro/Workspace/MachineLearningProjects/ww-trainer/experiments/hey_mycroft/dataset/negatives/processed/000132.wav,0
/home/miro/Workspace/MachineLearningProjects/ww-trainer/experiments/hey_mycroft/dataset/negatives/processed/000374.wav,0
/home/miro/Workspace/MachineLearningProjects/ww-trainer/experiments/hey_mycroft/dataset/negatives/processed/000140.wav,0
/home/miro/Workspace/MachineLearningProjects/ww-trainer/experiments/hey_mycroft/dataset/positives/processed/000194.wav,1
/home/miro/Workspace/MachineLearningProjects/ww-trainer/experiments/hey_mycroft/dataset/negatives/processed/000762.wav,0
/home/miro/Workspace/MachineLearningProjects/ww-trainer/experiments/hey_mycroft/dataset/negatives/processed/001904.wav,0
/home/miro/Workspace/MachineLearningProjects/ww-trainer/experiments/hey_mycroft/dataset/negatives/processed/000095.wav,0
/home/miro/Workspace/MachineLearningProjects/ww-trainer/experiments/hey_mycroft/dataset/negatives/processed/000428.wav,0
/home/miro/Workspace/MachineLearningProjects/ww-trainer/experiments/hey_mycroft/dataset/negatives/processed/001194.wav,0
/home/miro/Workspace/MachineLearningProjects/ww-trainer/experiments/hey_mycroft/dataset/negatives/processed/000194.wav,0
/home/miro/Workspace/MachineLearningProjects/ww-trainer/experiments/hey_mycroft/dataset/negatives/processed/000159.wav,0
/home/miro/Workspace/MachineLearningProjects/ww-trainer/experiments/hey_mycroft/dataset/negatives/processed/001932.wav,0
/home/miro/Workspace/MachineLearningProjects/ww-trainer/experiments/hey_mycroft/dataset/negatives/processed/001318.wav,0
/home/miro/Workspace/MachineLearningProjects/ww-trainer/experiments/hey_mycroft/dataset/negatives/processed/001614.wav,0
/home/miro/Workspace/MachineLearningProjects/ww-trainer/experiments/hey_mycroft/dataset/negatives/processed/000380.wav,0
/home/miro/Workspace/MachineLearningProjects/ww-trainer/experiments/hey_mycroft/dataset/positives/processed/000440.wav,1
/home/miro/Workspace/MachineLearningProjects/ww-trainer/experiments/hey_mycroft/dataset/negatives/processed/001272.wav,0
/home/miro/Workspace/MachineLearningProjects/ww-trainer/experiments/hey_mycroft/dataset/negatives/processed/000976.wav,0
/home/miro/Workspace/MachineLearningProjects/ww-trainer/experiments/hey_mycroft/dataset/negatives/processed/000629.wav,0
/home/miro/Workspace/MachineLearningProjects/ww-trainer/experiments/hey_mycroft/dataset/negatives/processed/001074.wav,0
/home/miro/Workspace/MachineLearningProjects/ww-trainer/experiments/hey_mycroft/dataset/negatives/processed/001297.wav,0
/home/miro/Workspace/MachineLearningProjects/ww-trainer/experiments/hey_mycroft/dataset/negatives/processed/000833.wav,0
/home/miro/Workspace/MachineLearningProjects/ww-trainer/experiments/hey_mycroft/dataset/negatives/processed/000115.wav,0
/home/miro/Workspace/MachineLearningProjects/ww-trainer/experiments/hey_mycroft/dataset/negatives/processed/001246.wav,0
/home/miro/Workspace/MachineLearningProjects/ww-trainer/experiments/hey_mycroft/dataset/negatives/processed/000634.wav,0
/home/miro/Workspace/MachineLearningProjects/ww-trainer/experiments/hey_mycroft/dataset/negatives/processed/000937.wav,0
/home/miro/Workspace/MachineLearningProjects/ww-trainer/experiments/hey_mycroft/dataset/negatives/processed/000698.wav,0
/home/miro/Workspace/MachineLearningProjects/ww-trainer/experiments/hey_mycroft/dataset/positives/processed/000203.wav,1
/home/miro/Workspace/MachineLearningProjects/ww-trainer/experiments/hey_mycroft/dataset/negatives/processed/000806.wav,0
/home/miro/Workspace/MachineLearningProjects/ww-trainer/experiments/hey_mycroft/dataset/negatives/processed/000431.wav,0
/home/miro/Workspace/MachineLearningProjects/ww-trainer/experiments/hey_mycroft/dataset/negatives/processed/000535.wav,0
/home/miro/Workspace/MachineLearningProjects/ww-trainer/experiments/hey_mycroft/dataset/negatives/processed/000429.wav,0
/home/miro/Workspace/MachineLearningProjects/ww-trainer/experiments/hey_mycroft/dataset/negatives/processed/000236.wav,0
/home/miro/Workspace/MachineLearningProjects/ww-trainer/experiments/hey_mycroft/dataset/negatives/processed/000508.wav,0
/home/miro/Workspace/MachineLearningProjects/ww-trainer/experiments/hey_mycroft/dataset/negatives/processed/000149.wav,0
/home/miro/Workspace/MachineLearningProjects/ww-trainer/experiments/hey_mycroft/dataset/negatives/processed/000277.wav,0
/home/miro/Workspace/MachineLearningProjects/ww-trainer/experiments/hey_mycroft/dataset/negatives/processed/000358.wav,0
/home/miro/Workspace/MachineLearningProjects/ww-trainer/experiments/hey_mycroft/dataset/negatives/processed/001465.wav,0
/home/miro/Workspace/MachineLearningProjects/ww-trainer/experiments/hey_mycroft/dataset/negatives/processed/001951.wav,0
/home/miro/Workspace/MachineLearningProjects/ww-trainer/experiments/hey_mycroft/dataset/negatives/processed/000698.wav,0
/home/miro/Workspace/MachineLearningProjects/ww-trainer/experiments/hey_mycroft/dataset/negatives/processed/000796.wav,0
/home/miro/Workspace/MachineLearningProjects/ww-trainer/experiments/hey_mycroft/dataset/negatives/processed/000778.wav,0
/home/miro/Workspace/MachineLearningProjects/ww-trainer/experiments/hey_mycroft/dataset/negatives/processed/000063.wav,0
/home/miro/Workspace/MachineLearningProjects/ww-trainer/experiments/hey_mycroft/dataset/negatives/processed/001595.wav,0
/home/miro/Workspace/MachineLearningProjects/ww-trainer/experiments/hey_mycroft/dataset/negatives/processed/001571.wav,0
/home/miro/Workspace/MachineLearningProjects/ww-trainer/experiments/hey_mycroft/dataset/negatives/processed/001928.wav,0
/home/miro/Workspace/MachineLearningProjects/ww-trainer/experiments/hey_mycroft/dataset/negatives/processed/000783.wav,0
/home/miro/Workspace/MachineLearningProjects/ww-trainer/experiments/hey_mycroft/dataset/negatives/processed/000159.wav,0
/home/miro/Workspace/MachineLearningProjects/ww-trainer/experiments/hey_mycroft/dataset/positives/processed/000165.wav,1
/home/miro/Workspace/MachineLearningProjects/ww-trainer/experiments/hey_mycroft/dataset/negatives/processed/001341.wav,0
/home/miro/Workspace/MachineLearningProjects/ww-trainer/experiments/hey_mycroft/dataset/negatives/processed/001824.wav,0
/home/miro/Workspace/MachineLearningProjects/ww-trainer/experiments/hey_mycroft/dataset/negatives/processed/000408.wav,0
/home/miro/Workspace/MachineLearningProjects/ww-trainer/experiments/hey_mycroft/dataset/negatives/processed/000515.wav,0
/home/miro/Workspace/MachineLearningProjects/ww-trainer/experiments/hey_mycroft/dataset/negatives/processed/000958.wav,0
/home/miro/Workspace/MachineLearningProjects/ww-trainer/experiments/hey_mycroft/dataset/negatives/processed/000504.wav,0
/home/miro/Workspace/MachineLearningProjects/ww-trainer/experiments/hey_mycroft/dataset/negatives/processed/000558.wav,0
/home/miro/Workspace/MachineLearningProjects/ww-trainer/experiments/hey_mycroft/dataset/negatives/processed/000905.wav,0
/home/miro/Workspace/MachineLearningProjects/ww-trainer/experiments/hey_mycroft/dataset/negatives/processed/000444.wav,0
/home/miro/Workspace/MachineLearningProjects/ww-trainer/experiments/hey_mycroft/dataset/negatives/processed/001628.wav,0
/home/miro/Workspace/MachineLearningProjects/ww-trainer/experiments/hey_mycroft/dataset/negatives/processed/001235.wav,0
/home/miro/Workspace/MachineLearningProjects/ww-trainer/experiments/hey_mycroft/dataset/negatives/processed/001795.wav,0
/home/miro/Workspace/MachineLearningProjects/ww-trainer/experiments/hey_mycroft/dataset/positives/processed/000124.wav,1
/home/miro/Workspace/MachineLearningProjects/ww-trainer/experiments/hey_mycroft/dataset/positives/processed/000063.wav,1
/home/miro/Workspace/MachineLearningProjects/ww-trainer/experiments/hey_mycroft/dataset/negatives/processed/001474.wav,0
/home/miro/Workspace/MachineLearningProjects/ww-trainer/experiments/hey_mycroft/dataset/negatives/processed/000817.wav,0
/home/miro/Workspace/MachineLearningProjects/ww-trainer/experiments/hey_mycroft/dataset/negatives/processed/000737.wav,0
/home/miro/Workspace/MachineLearningProjects/ww-trainer/experiments/hey_mycroft/dataset/negatives/processed/000172.wav,0
/home/miro/Workspace/MachineLearningProjects/ww-trainer/experiments/hey_mycroft/dataset/negatives/processed/000567.wav,0
/home/miro/Workspace/MachineLearningProjects/ww-trainer/experiments/hey_mycroft/dataset/negatives/processed/000849.wav,0
/home/miro/Workspace/MachineLearningProjects/ww-trainer/experiments/hey_mycroft/dataset/negatives/processed/000130.wav,0
/home/miro/Workspace/MachineLearningProjects/ww-trainer/experiments/hey_mycroft/dataset/negatives/processed/001361.wav,0
/home/miro/Workspace/MachineLearningProjects/ww-trainer/experiments/hey_mycroft/dataset/negatives/processed/001104.wav,0
/home/miro/Workspace/MachineLearningProjects/ww-trainer/experiments/hey_mycroft/dataset/negatives/processed/000989.wav,0
/home/miro/Workspace/MachineLearningProjects/ww-trainer/experiments/hey_mycroft/dataset/positives/processed/000088.wav,1
/home/miro/Workspace/MachineLearningProjects/ww-trainer/experiments/hey_mycroft/dataset/negatives/processed/000075.wav,0
/home/miro/Workspace/MachineLearningProjects/ww-trainer/experiments/hey_mycroft/dataset/negatives/processed/000572.wav,0
/home/miro/Workspace/MachineLearningProjects/ww-trainer/experiments/hey_mycroft/dataset/positives/processed/000453.wav,1
/home/miro/Workspace/MachineLearningProjects/ww-trainer/experiments/hey_mycroft/dataset/negatives/processed/000531.wav,0
/home/miro/Workspace/MachineLearningProjects/ww-trainer/experiments/hey_mycroft/dataset/negatives/processed/000425.wav,0
/home/miro/Workspace/MachineLearningProjects/ww-trainer/experiments/hey_mycroft/dataset/negatives/processed/001949.wav,0
/home/miro/Workspace/MachineLearningProjects/ww-trainer/experiments/hey_mycroft/dataset/negatives/processed/000504.wav,0
/home/miro/Workspace/MachineLearningProjects/ww-trainer/experiments/hey_mycroft/dataset/negatives/processed/000551.wav,0
/home/miro/Workspace/MachineLearningProjects/ww-trainer/experiments/hey_mycroft/dataset/negatives/processed/000241.wav,0
/home/miro/Workspace/MachineLearningProjects/ww-trainer/experiments/hey_mycroft/dataset/negatives/processed/001093.wav,0
/home/miro/Workspace/MachineLearningProjects/ww-trainer/experiments/hey_mycroft/dataset/negatives/processed/000755.wav,0
/home/miro/Workspace/MachineLearningProjects/ww-trainer/experiments/hey_mycroft/dataset/negatives/processed/000475.wav,0
/home/miro/Workspace/MachineLearningProjects/ww-trainer/experiments/hey_mycroft/dataset/negatives/processed/000835.wav,0
/home/miro/Workspace/MachineLearningProjects/ww-trainer/experiments/hey_mycroft/dataset/negatives/processed/001027.wav,0
/home/miro/Workspace/MachineLearningProjects/ww-trainer/experiments/hey_mycroft/dataset/negatives/processed/000490.wav,0
/home/miro/Workspace/MachineLearningProjects/ww-trainer/experiments/hey_mycroft/dataset/negatives/processed/000577.wav,0
/home/miro/Workspace/MachineLearningProjects/ww-trainer/experiments/hey_mycroft/dataset/negatives/processed/000412.wav,0
/home/miro/Workspace/MachineLearningProjects/ww-trainer/experiments/hey_mycroft/dataset/negatives/processed/000378.wav,0
/home/miro/Workspace/MachineLearningProjects/ww-trainer/experiments/hey_mycroft/dataset/positives/processed/000259.wav,1
/home/miro/Workspace/MachineLearningProjects/ww-trainer/experiments/hey_mycroft/dataset/positives/processed/000107.wav,1
/home/miro/Workspace/MachineLearningProjects/ww-trainer/experiments/hey_mycroft/dataset/negatives/processed/000043.wav,0
/home/miro/Workspace/MachineLearningProjects/ww-trainer/experiments/hey_mycroft/dataset/negatives/processed/000838.wav,0
/home/miro/Workspace/MachineLearningProjects/ww-trainer/experiments/hey_mycroft/dataset/negatives/processed/000427.wav,0
/home/miro/Workspace/MachineLearningProjects/ww-trainer/experiments/hey_mycroft/dataset/negatives/processed/000163.wav,0
/home/miro/Workspace/MachineLearningProjects/ww-trainer/experiments/hey_mycroft/dataset/negatives/processed/000756.wav,0
/home/miro/Workspace/MachineLearningProjects/ww-trainer/experiments/hey_mycroft/dataset/positives/processed/000487.wav,1
/home/miro/Workspace/MachineLearningProjects/ww-trainer/experiments/hey_mycroft/dataset/negatives/processed/001114.wav,0
/home/miro/Workspace/MachineLearningProjects/ww-trainer/experiments/hey_mycroft/dataset/negatives/processed/001117.wav,0
/home/miro/Workspace/MachineLearningProjects/ww-trainer/experiments/hey_mycroft/dataset/negatives/processed/000233.wav,0
/home/miro/Workspace/MachineLearningProjects/ww-trainer/experiments/hey_mycroft/dataset/positives/processed/000030.wav,1
/home/miro/Workspace/MachineLearningProjects/ww-trainer/experiments/hey_mycroft/dataset/positives/processed/000269.wav,1
/home/miro/Workspace/MachineLearningProjects/ww-trainer/experiments/hey_mycroft/dataset/positives/processed/000052.wav,1
/home/miro/Workspace/MachineLearningProjects/ww-trainer/experiments/hey_mycroft/dataset/negatives/processed/001274.wav,0
/home/miro/Workspace/MachineLearningProjects/ww-trainer/experiments/hey_mycroft/dataset/negatives/processed/000585.wav,0
/home/miro/Workspace/MachineLearningProjects/ww-trainer/experiments/hey_mycroft/dataset/positives/processed/000225.wav,1
/home/miro/Workspace/MachineLearningProjects/ww-trainer/experiments/hey_mycroft/dataset/positives/processed/000357.wav,1
/home/miro/Workspace/MachineLearningProjects/ww-trainer/experiments/hey_mycroft/dataset/negatives/processed/000709.wav,0
/home/miro/Workspace/MachineLearningProjects/ww-trainer/experiments/hey_mycroft/dataset/negatives/processed/000013.wav,0
/home/miro/Workspace/MachineLearningProjects/ww-trainer/experiments/hey_mycroft/dataset/negatives/processed/000041.wav,0
/home/miro/Workspace/MachineLearningProjects/ww-trainer/experiments/hey_mycroft/dataset/positives/processed/000266.wav,1
/home/miro/Workspace/MachineLearningProjects/ww-trainer/experiments/hey_mycroft/dataset/negatives/processed/001859.wav,0
/home/miro/Workspace/MachineLearningProjects/ww-trainer/experiments/hey_mycroft/dataset/positives/processed/000296.wav,1
/home/miro/Workspace/MachineLearningProjects/ww-trainer/experiments/hey_mycroft/dataset/negatives/processed/001515.wav,0
/home/miro/Workspace/MachineLearningProjects/ww-trainer/experiments/hey_mycroft/dataset/negatives/processed/001258.wav,0
/home/miro/Workspace/MachineLearningProjects/ww-trainer/experiments/hey_mycroft/dataset/negatives/processed/000067.wav,0
/home/miro/Workspace/MachineLearningProjects/ww-trainer/experiments/hey_mycroft/dataset/positives/processed/000005.wav,1
/home/miro/Workspace/MachineLearningProjects/ww-trainer/experiments/hey_mycroft/dataset/negatives/processed/000720.wav,0
/home/miro/Workspace/MachineLearningProjects/ww-trainer/experiments/hey_mycroft/dataset/negatives/processed/001344.wav,0
/home/miro/Workspace/MachineLearningProjects/ww-trainer/experiments/hey_mycroft/dataset/negatives/processed/001115.wav,0
/home/miro/Workspace/MachineLearningProjects/ww-trainer/experiments/hey_mycroft/dataset/negatives/processed/001670.wav,0
/home/miro/Workspace/MachineLearningProjects/ww-trainer/experiments/hey_mycroft/dataset/negatives/processed/001085.wav,0
/home/miro/Workspace/MachineLearningProjects/ww-trainer/experiments/hey_mycroft/dataset/negatives/processed/000172.wav,0
/home/miro/Workspace/MachineLearningProjects/ww-trainer/experiments/hey_mycroft/dataset/negatives/processed/001591.wav,0
/home/miro/Workspace/MachineLearningProjects/ww-trainer/experiments/hey_mycroft/dataset/negatives/processed/001281.wav,0
/home/miro/Workspace/MachineLearningProjects/ww-trainer/experiments/hey_mycroft/dataset/negatives/processed/001165.wav,0
/home/miro/Workspace/MachineLearningProjects/ww-trainer/experiments/hey_mycroft/dataset/negatives/processed/000076.wav,0
/home/miro/Workspace/MachineLearningProjects/ww-trainer/experiments/hey_mycroft/dataset/negatives/processed/000787.wav,0
/home/miro/Workspace/MachineLearningProjects/ww-trainer/experiments/hey_mycroft/dataset/negatives/processed/000422.wav,0
/home/miro/Workspace/MachineLearningProjects/ww-trainer/experiments/hey_mycroft/dataset/negatives/processed/000188.wav,0
/home/miro/Workspace/MachineLearningProjects/ww-trainer/experiments/hey_mycroft/dataset/negatives/processed/001067.wav,0
/home/miro/Workspace/MachineLearningProjects/ww-trainer/experiments/hey_mycroft/dataset/negatives/processed/001576.wav,0
/home/miro/Workspace/MachineLearningProjects/ww-trainer/experiments/hey_mycroft/dataset/negatives/processed/000099.wav,0
/home/miro/Workspace/MachineLearningProjects/ww-trainer/experiments/hey_mycroft/dataset/negatives/processed/000340.wav,0
/home/miro/Workspace/MachineLearningProjects/ww-trainer/experiments/hey_mycroft/dataset/negatives/processed/000629.wav,0
/home/miro/Workspace/MachineLearningProjects/ww-trainer/experiments/hey_mycroft/dataset/negatives/processed/000497.wav,0
/home/miro/Workspace/MachineLearningProjects/ww-trainer/experiments/hey_mycroft/dataset/negatives/processed/000396.wav,0
/home/miro/Workspace/MachineLearningProjects/ww-trainer/experiments/hey_mycroft/dataset/negatives/processed/000840.wav,0
/home/miro/Workspace/MachineLearningProjects/ww-trainer/experiments/hey_mycroft/dataset/positives/processed/000087.wav,1
/home/miro/Workspace/MachineLearningProjects/ww-trainer/experiments/hey_mycroft/dataset/negatives/processed/000017.wav,0
/home/miro/Workspace/MachineLearningProjects/ww-trainer/experiments/hey_mycroft/dataset/positives/processed/000375.wav,1
/home/miro/Workspace/MachineLearningProjects/ww-trainer/experiments/hey_mycroft/dataset/negatives/processed/001606.wav,0
/home/miro/Workspace/MachineLearningProjects/ww-trainer/experiments/hey_mycroft/dataset/negatives/processed/000000.wav,0
/home/miro/Workspace/MachineLearningProjects/ww-trainer/experiments/hey_mycroft/dataset/negatives/processed/000505.wav,0
/home/miro/Workspace/MachineLearningProjects/ww-trainer/experiments/hey_mycroft/dataset/negatives/processed/000630.wav,0
/home/miro/Workspace/MachineLearningProjects/ww-trainer/experiments/hey_mycroft/dataset/negatives/processed/001130.wav,0
/home/miro/Workspace/MachineLearningProjects/ww-trainer/experiments/hey_mycroft/dataset/negatives/processed/000553.wav,0
/home/miro/Workspace/MachineLearningProjects/ww-trainer/experiments/hey_mycroft/dataset/negatives/processed/000969.wav,0
/home/miro/Workspace/MachineLearningProjects/ww-trainer/experiments/hey_mycroft/dataset/negatives/processed/001004.wav,0
/home/miro/Workspace/MachineLearningProjects/ww-trainer/experiments/hey_mycroft/dataset/negatives/processed/001905.wav,0
/home/miro/Workspace/MachineLearningProjects/ww-trainer/experiments/hey_mycroft/dataset/negatives/processed/000985.wav,0
/home/miro/Workspace/MachineLearningProjects/ww-trainer/experiments/hey_mycroft/dataset/negatives/processed/000467.wav,0
/home/miro/Workspace/MachineLearningProjects/ww-trainer/experiments/hey_mycroft/dataset/negatives/processed/001321.wav,0
/home/miro/Workspace/MachineLearningProjects/ww-trainer/experiments/hey_mycroft/dataset/negatives/processed/001316.wav,0
/home/miro/Workspace/MachineLearningProjects/ww-trainer/experiments/hey_mycroft/dataset/negatives/processed/000389.wav,0
/home/miro/Workspace/MachineLearningProjects/ww-trainer/experiments/hey_mycroft/dataset/negatives/processed/000056.wav,0
/home/miro/Workspace/MachineLearningProjects/ww-trainer/experiments/hey_mycroft/dataset/positives/processed/000134.wav,1
/home/miro/Workspace/MachineLearningProjects/ww-trainer/experiments/hey_mycroft/dataset/negatives/processed/000013.wav,0
/home/miro/Workspace/MachineLearningProjects/ww-trainer/experiments/hey_mycroft/dataset/negatives/processed/000335.wav,0
/home/miro/Workspace/MachineLearningProjects/ww-trainer/experiments/hey_mycroft/dataset/negatives/processed/001504.wav,0
/home/miro/Workspace/MachineLearningProjects/ww-trainer/experiments/hey_mycroft/dataset/positives/processed/000405.wav,1
/home/miro/Workspace/MachineLearningProjects/ww-trainer/experiments/hey_mycroft/dataset/negatives/processed/001765.wav,0
/home/miro/Workspace/MachineLearningProjects/ww-trainer/experiments/hey_mycroft/dataset/negatives/processed/001723.wav,0
/home/miro/Workspace/MachineLearningProjects/ww-trainer/experiments/hey_mycroft/dataset/negatives/processed/000147.wav,0
/home/miro/Workspace/MachineLearningProjects/ww-trainer/experiments/hey_mycroft/dataset/negatives/processed/001019.wav,0
/home/miro/Workspace/MachineLearningProjects/ww-trainer/experiments/hey_mycroft/dataset/negatives/processed/001980.wav,0
/home/miro/Workspace/MachineLearningProjects/ww-trainer/experiments/hey_mycroft/dataset/negatives/processed/001091.wav,0
/home/miro/Workspace/MachineLearningProjects/ww-trainer/experiments/hey_mycroft/dataset/negatives/processed/000746.wav,0
/home/miro/Workspace/MachineLearningProjects/ww-trainer/experiments/hey_mycroft/dataset/negatives/processed/000768.wav,0
/home/miro/Workspace/MachineLearningProjects/ww-trainer/experiments/hey_mycroft/dataset/positives/processed/000398.wav,1
/home/miro/Workspace/MachineLearningProjects/ww-trainer/experiments/hey_mycroft/dataset/positives/processed/000475.wav,1
/home/miro/Workspace/MachineLearningProjects/ww-trainer/experiments/hey_mycroft/dataset/negatives/processed/001517.wav,0
/home/miro/Workspace/MachineLearningProjects/ww-trainer/experiments/hey_mycroft/dataset/negatives/processed/000746.wav,0
/home/miro/Workspace/MachineLearningProjects/ww-trainer/experiments/hey_mycroft/dataset/positives/processed/000152.wav,1
/home/miro/Workspace/MachineLearningProjects/ww-trainer/experiments/hey_mycroft/dataset/positives/processed/000185.wav,1
/home/miro/Workspace/MachineLearningProjects/ww-trainer/experiments/hey_mycroft/dataset/negatives/processed/000072.wav,0
/home/miro/Workspace/MachineLearningProjects/ww-trainer/experiments/hey_mycroft/dataset/positives/processed/000477.wav,1
/home/miro/Workspace/MachineLearningProjects/ww-trainer/experiments/hey_mycroft/dataset/negatives/processed/001835.wav,0
/home/miro/Workspace/MachineLearningProjects/ww-trainer/experiments/hey_mycroft/dataset/negatives/processed/001663.wav,0
/home/miro/Workspace/MachineLearningProjects/ww-trainer/experiments/hey_mycroft/dataset/negatives/processed/001401.wav,0
/home/miro/Workspace/MachineLearningProjects/ww-trainer/experiments/hey_mycroft/dataset/positives/processed/000258.wav,1
/home/miro/Workspace/MachineLearningProjects/ww-trainer/experiments/hey_mycroft/dataset/negatives/processed/000406.wav,0
/home/miro/Workspace/MachineLearningProjects/ww-trainer/experiments/hey_mycroft/dataset/negatives/processed/000843.wav,0
/home/miro/Workspace/MachineLearningProjects/ww-trainer/experiments/hey_mycroft/dataset/negatives/processed/000849.wav,0
/home/miro/Workspace/MachineLearningProjects/ww-trainer/experiments/hey_mycroft/dataset/negatives/processed/001431.wav,0
/home/miro/Workspace/MachineLearningProjects/ww-trainer/experiments/hey_mycroft/dataset/negatives/processed/000457.wav,0
/home/miro/Workspace/MachineLearningProjects/ww-trainer/experiments/hey_mycroft/dataset/positives/processed/000443.wav,1
/home/miro/Workspace/MachineLearningProjects/ww-trainer/experiments/hey_mycroft/dataset/negatives/processed/001021.wav,0
/home/miro/Workspace/MachineLearningProjects/ww-trainer/experiments/hey_mycroft/dataset/negatives/processed/001060.wav,0
/home/miro/Workspace/MachineLearningProjects/ww-trainer/experiments/hey_mycroft/dataset/negatives/processed/000573.wav,0
/home/miro/Workspace/MachineLearningProjects/ww-trainer/experiments/hey_mycroft/dataset/negatives/processed/001009.wav,0
/home/miro/Workspace/MachineLearningProjects/ww-trainer/experiments/hey_mycroft/dataset/negatives/processed/000637.wav,0
/home/miro/Workspace/MachineLearningProjects/ww-trainer/experiments/hey_mycroft/dataset/negatives/processed/000006.wav,0
/home/miro/Workspace/MachineLearningProjects/ww-trainer/experiments/hey_mycroft/dataset/negatives/processed/001990.wav,0
/home/miro/Workspace/MachineLearningProjects/ww-trainer/experiments/hey_mycroft/dataset/negatives/processed/001954.wav,0
/home/miro/Workspace/MachineLearningProjects/ww-trainer/experiments/hey_mycroft/dataset/negatives/processed/001116.wav,0
/home/miro/Workspace/MachineLearningProjects/ww-trainer/experiments/hey_mycroft/dataset/negatives/processed/001633.wav,0
/home/miro/Workspace/MachineLearningProjects/ww-trainer/experiments/hey_mycroft/dataset/negatives/processed/001626.wav,0
/home/miro/Workspace/MachineLearningProjects/ww-trainer/experiments/hey_mycroft/dataset/negatives/processed/001127.wav,0
/home/miro/Workspace/MachineLearningProjects/ww-trainer/experiments/hey_mycroft/dataset/negatives/processed/001916.wav,0
/home/miro/Workspace/MachineLearningProjects/ww-trainer/experiments/hey_mycroft/dataset/negatives/processed/000076.wav,0
/home/miro/Workspace/MachineLearningProjects/ww-trainer/experiments/hey_mycroft/dataset/negatives/processed/000781.wav,0
/home/miro/Workspace/MachineLearningProjects/ww-trainer/experiments/hey_mycroft/dataset/negatives/processed/001418.wav,0
/home/miro/Workspace/MachineLearningProjects/ww-trainer/experiments/hey_mycroft/dataset/positives/processed/000471.wav,1
/home/miro/Workspace/MachineLearningProjects/ww-trainer/experiments/hey_mycroft/dataset/negatives/processed/000887.wav,0
/home/miro/Workspace/MachineLearningProjects/ww-trainer/experiments/hey_mycroft/dataset/negatives/processed/001632.wav,0
/home/miro/Workspace/MachineLearningProjects/ww-trainer/experiments/hey_mycroft/dataset/negatives/processed/001473.wav,0
/home/miro/Workspace/MachineLearningProjects/ww-trainer/experiments/hey_mycroft/dataset/negatives/processed/000552.wav,0
/home/miro/Workspace/MachineLearningProjects/ww-trainer/experiments/hey_mycroft/dataset/negatives/processed/000173.wav,0
/home/miro/Workspace/MachineLearningProjects/ww-trainer/experiments/hey_mycroft/dataset/negatives/processed/000616.wav,0
/home/miro/Workspace/MachineLearningProjects/ww-trainer/experiments/hey_mycroft/dataset/negatives/processed/001555.wav,0
/home/miro/Workspace/MachineLearningProjects/ww-trainer/experiments/hey_mycroft/dataset/negatives/processed/000998.wav,0
/home/miro/Workspace/MachineLearningProjects/ww-trainer/experiments/hey_mycroft/dataset/negatives/processed/000576.wav,0
/home/miro/Workspace/MachineLearningProjects/ww-trainer/experiments/hey_mycroft/dataset/negatives/processed/000322.wav,0
/home/miro/Workspace/MachineLearningProjects/ww-trainer/experiments/hey_mycroft/dataset/negatives/processed/000219.wav,0
/home/miro/Workspace/MachineLearningProjects/ww-trainer/experiments/hey_mycroft/dataset/negatives/processed/001778.wav,0
/home/miro/Workspace/MachineLearningProjects/ww-trainer/experiments/hey_mycroft/dataset/negatives/processed/000112.wav,0
/home/miro/Workspace/MachineLearningProjects/ww-trainer/experiments/hey_mycroft/dataset/negatives/processed/000708.wav,0
/home/miro/Workspace/MachineLearningProjects/ww-trainer/experiments/hey_mycroft/dataset/positives/processed/000369.wav,1
/home/miro/Workspace/MachineLearningProjects/ww-trainer/experiments/hey_mycroft/dataset/negatives/processed/000038.wav,0
/home/miro/Workspace/MachineLearningProjects/ww-trainer/experiments/hey_mycroft/dataset/negatives/processed/000767.wav,0
/home/miro/Workspace/MachineLearningProjects/ww-trainer/experiments/hey_mycroft/dataset/positives/processed/000136.wav,1
/home/miro/Workspace/MachineLearningProjects/ww-trainer/experiments/hey_mycroft/dataset/negatives/processed/001305.wav,0
/home/miro/Workspace/MachineLearningProjects/ww-trainer/experiments/hey_mycroft/dataset/negatives/processed/000765.wav,0
/home/miro/Workspace/MachineLearningProjects/ww-trainer/experiments/hey_mycroft/dataset/positives/processed/000161.wav,1
/home/miro/Workspace/MachineLearningProjects/ww-trainer/experiments/hey_mycroft/dataset/negatives/processed/000566.wav,0
/home/miro/Workspace/MachineLearningProjects/ww-trainer/experiments/hey_mycroft/dataset/negatives/processed/000060.wav,0
/home/miro/Workspace/MachineLearningProjects/ww-trainer/experiments/hey_mycroft/dataset/negatives/processed/000526.wav,0
/home/miro/Workspace/MachineLearningProjects/ww-trainer/experiments/hey_mycroft/dataset/negatives/processed/000303.wav,0
/home/miro/Workspace/MachineLearningProjects/ww-trainer/experiments/hey_mycroft/dataset/negatives/processed/000397.wav,0
/home/miro/Workspace/MachineLearningProjects/ww-trainer/experiments/hey_mycroft/dataset/negatives/processed/000943.wav,0
/home/miro/Workspace/MachineLearningProjects/ww-trainer/experiments/hey_mycroft/dataset/negatives/processed/000596.wav,0
/home/miro/Workspace/MachineLearningProjects/ww-trainer/experiments/hey_mycroft/dataset/negatives/processed/000672.wav,0
/home/miro/Workspace/MachineLearningProjects/ww-trainer/experiments/hey_mycroft/dataset/negatives/processed/001534.wav,0
/home/miro/Workspace/MachineLearningProjects/ww-trainer/experiments/hey_mycroft/dataset/positives/processed/000200.wav,1
/home/miro/Workspace/MachineLearningProjects/ww-trainer/experiments/hey_mycroft/dataset/positives/processed/000033.wav,1
/home/miro/Workspace/MachineLearningProjects/ww-trainer/experiments/hey_mycroft/dataset/negatives/processed/000183.wav,0
/home/miro/Workspace/MachineLearningProjects/ww-trainer/experiments/hey_mycroft/dataset/negatives/processed/000459.wav,0
/home/miro/Workspace/MachineLearningProjects/ww-trainer/experiments/hey_mycroft/dataset/positives/processed/000089.wav,1
/home/miro/Workspace/MachineLearningProjects/ww-trainer/experiments/hey_mycroft/dataset/negatives/processed/000709.wav,0
/home/miro/Workspace/MachineLearningProjects/ww-trainer/experiments/hey_mycroft/dataset/negatives/processed/000278.wav,0
/home/miro/Workspace/MachineLearningProjects/ww-trainer/experiments/hey_mycroft/dataset/negatives/processed/000799.wav,0
/home/miro/Workspace/MachineLearningProjects/ww-trainer/experiments/hey_mycroft/dataset/negatives/processed/001062.wav,0
/home/miro/Workspace/MachineLearningProjects/ww-trainer/experiments/hey_mycroft/dataset/negatives/processed/000471.wav,0
/home/miro/Workspace/MachineLearningProjects/ww-trainer/experiments/hey_mycroft/dataset/negatives/processed/000696.wav,0
/home/miro/Workspace/MachineLearningProjects/ww-trainer/experiments/hey_mycroft/dataset/negatives/processed/001479.wav,0
/home/miro/Workspace/MachineLearningProjects/ww-trainer/experiments/hey_mycroft/dataset/negatives/processed/001075.wav,0
/home/miro/Workspace/MachineLearningProjects/ww-trainer/experiments/hey_mycroft/dataset/negatives/processed/000237.wav,0
/home/miro/Workspace/MachineLearningProjects/ww-trainer/experiments/hey_mycroft/dataset/negatives/processed/000737.wav,0
/home/miro/Workspace/MachineLearningProjects/ww-trainer/experiments/hey_mycroft/dataset/negatives/processed/001727.wav,0
/home/miro/Workspace/MachineLearningProjects/ww-trainer/experiments/hey_mycroft/dataset/negatives/processed/000524.wav,0
/home/miro/Workspace/MachineLearningProjects/ww-trainer/experiments/hey_mycroft/dataset/negatives/processed/001237.wav,0
/home/miro/Workspace/MachineLearningProjects/ww-trainer/experiments/hey_mycroft/dataset/negatives/processed/000725.wav,0
/home/miro/Workspace/MachineLearningProjects/ww-trainer/experiments/hey_mycroft/dataset/negatives/processed/000311.wav,0
/home/miro/Workspace/MachineLearningProjects/ww-trainer/experiments/hey_mycroft/dataset/negatives/processed/000255.wav,0
/home/miro/Workspace/MachineLearningProjects/ww-trainer/experiments/hey_mycroft/dataset/positives/processed/000302.wav,1
/home/miro/Workspace/MachineLearningProjects/ww-trainer/experiments/hey_mycroft/dataset/negatives/processed/000671.wav,0
/home/miro/Workspace/MachineLearningProjects/ww-trainer/experiments/hey_mycroft/dataset/negatives/processed/000678.wav,0
/home/miro/Workspace/MachineLearningProjects/ww-trainer/experiments/hey_mycroft/dataset/negatives/processed/001405.wav,0
/home/miro/Workspace/MachineLearningProjects/ww-trainer/experiments/hey_mycroft/dataset/negatives/processed/000451.wav,0
/home/miro/Workspace/MachineLearningProjects/ww-trainer/experiments/hey_mycroft/dataset/negatives/processed/000545.wav,0
/home/miro/Workspace/MachineLearningProjects/ww-trainer/experiments/hey_mycroft/dataset/negatives/processed/001382.wav,0
/home/miro/Workspace/MachineLearningProjects/ww-trainer/experiments/hey_mycroft/dataset/negatives/processed/000540.wav,0
/home/miro/Workspace/MachineLearningProjects/ww-trainer/experiments/hey_mycroft/dataset/negatives/processed/001388.wav,0
/home/miro/Workspace/MachineLearningProjects/ww-trainer/experiments/hey_mycroft/dataset/negatives/processed/000451.wav,0
/home/miro/Workspace/MachineLearningProjects/ww-trainer/experiments/hey_mycroft/dataset/negatives/processed/000086.wav,0
/home/miro/Workspace/MachineLearningProjects/ww-trainer/experiments/hey_mycroft/dataset/negatives/processed/001538.wav,0
/home/miro/Workspace/MachineLearningProjects/ww-trainer/experiments/hey_mycroft/dataset/negatives/processed/000638.wav,0
/home/miro/Workspace/MachineLearningProjects/ww-trainer/experiments/hey_mycroft/dataset/negatives/processed/000346.wav,0
/home/miro/Workspace/MachineLearningProjects/ww-trainer/experiments/hey_mycroft/dataset/positives/processed/000323.wav,1
/home/miro/Workspace/MachineLearningProjects/ww-trainer/experiments/hey_mycroft/dataset/negatives/processed/001846.wav,0
/home/miro/Workspace/MachineLearningProjects/ww-trainer/experiments/hey_mycroft/dataset/negatives/processed/000196.wav,0
/home/miro/Workspace/MachineLearningProjects/ww-trainer/experiments/hey_mycroft/dataset/negatives/processed/000237.wav,0
/home/miro/Workspace/MachineLearningProjects/ww-trainer/experiments/hey_mycroft/dataset/negatives/processed/001187.wav,0
/home/miro/Workspace/MachineLearningProjects/ww-trainer/experiments/hey_mycroft/dataset/negatives/processed/000204.wav,0
/home/miro/Workspace/MachineLearningProjects/ww-trainer/experiments/hey_mycroft/dataset/negatives/processed/000438.wav,0
/home/miro/Workspace/MachineLearningProjects/ww-trainer/experiments/hey_mycroft/dataset/negatives/processed/000096.wav,0
/home/miro/Workspace/MachineLearningProjects/ww-trainer/experiments/hey_mycroft/dataset/negatives/processed/001264.wav,0
/home/miro/Workspace/MachineLearningProjects/ww-trainer/experiments/hey_mycroft/dataset/negatives/processed/001035.wav,0
/home/miro/Workspace/MachineLearningProjects/ww-trainer/experiments/hey_mycroft/dataset/negatives/processed/000968.wav,0
/home/miro/Workspace/MachineLearningProjects/ww-trainer/experiments/hey_mycroft/dataset/negatives/processed/000701.wav,0
/home/miro/Workspace/MachineLearningProjects/ww-trainer/experiments/hey_mycroft/dataset/negatives/processed/000738.wav,0
/home/miro/Workspace/MachineLearningProjects/ww-trainer/experiments/hey_mycroft/dataset/negatives/processed/000741.wav,0
/home/miro/Workspace/MachineLearningProjects/ww-trainer/experiments/hey_mycroft/dataset/positives/processed/000188.wav,1
/home/miro/Workspace/MachineLearningProjects/ww-trainer/experiments/hey_mycroft/dataset/negatives/processed/001796.wav,0
/home/miro/Workspace/MachineLearningProjects/ww-trainer/experiments/hey_mycroft/dataset/negatives/processed/000424.wav,0
/home/miro/Workspace/MachineLearningProjects/ww-trainer/experiments/hey_mycroft/dataset/negatives/processed/000527.wav,0
/home/miro/Workspace/MachineLearningProjects/ww-trainer/experiments/hey_mycroft/dataset/negatives/processed/001317.wav,0
/home/miro/Workspace/MachineLearningProjects/ww-trainer/experiments/hey_mycroft/dataset/negatives/processed/001731.wav,0
/home/miro/Workspace/MachineLearningProjects/ww-trainer/experiments/hey_mycroft/dataset/negatives/processed/000554.wav,0
/home/miro/Workspace/MachineLearningProjects/ww-trainer/experiments/hey_mycroft/dataset/negatives/processed/001277.wav,0
/home/miro/Workspace/MachineLearningProjects/ww-trainer/experiments/hey_mycroft/dataset/positives/processed/000370.wav,1
/home/miro/Workspace/MachineLearningProjects/ww-trainer/experiments/hey_mycroft/dataset/negatives/processed/001958.wav,0
/home/miro/Workspace/MachineLearningProjects/ww-trainer/experiments/hey_mycroft/dataset/negatives/processed/000677.wav,0
/home/miro/Workspace/MachineLearningProjects/ww-trainer/experiments/hey_mycroft/dataset/negatives/processed/000461.wav,0
/home/miro/Workspace/MachineLearningProjects/ww-trainer/experiments/hey_mycroft/dataset/negatives/processed/000713.wav,0
/home/miro/Workspace/MachineLearningProjects/ww-trainer/experiments/hey_mycroft/dataset/negatives/processed/000825.wav,0
/home/miro/Workspace/MachineLearningProjects/ww-trainer/experiments/hey_mycroft/dataset/negatives/processed/001498.wav,0
/home/miro/Workspace/MachineLearningProjects/ww-trainer/experiments/hey_mycroft/dataset/negatives/processed/000797.wav,0
/home/miro/Workspace/MachineLearningProjects/ww-trainer/experiments/hey_mycroft/dataset/negatives/processed/000771.wav,0
/home/miro/Workspace/MachineLearningProjects/ww-trainer/experiments/hey_mycroft/dataset/negatives/processed/001685.wav,0
/home/miro/Workspace/MachineLearningProjects/ww-trainer/experiments/hey_mycroft/dataset/negatives/processed/000845.wav,0
/home/miro/Workspace/MachineLearningProjects/ww-trainer/experiments/hey_mycroft/dataset/negatives/processed/000794.wav,0
/home/miro/Workspace/MachineLearningProjects/ww-trainer/experiments/hey_mycroft/dataset/negatives/processed/001128.wav,0
/home/miro/Workspace/MachineLearningProjects/ww-trainer/experiments/hey_mycroft/dataset/negatives/processed/000886.wav,0
/home/miro/Workspace/MachineLearningProjects/ww-trainer/experiments/hey_mycroft/dataset/negatives/processed/000652.wav,0
/home/miro/Workspace/MachineLearningProjects/ww-trainer/experiments/hey_mycroft/dataset/negatives/processed/001423.wav,0
/home/miro/Workspace/MachineLearningProjects/ww-trainer/experiments/hey_mycroft/dataset/positives/processed/000306.wav,1
/home/miro/Workspace/MachineLearningProjects/ww-trainer/experiments/hey_mycroft/dataset/negatives/processed/000132.wav,0
/home/miro/Workspace/MachineLearningProjects/ww-trainer/experiments/hey_mycroft/dataset/negatives/processed/001179.wav,0
/home/miro/Workspace/MachineLearningProjects/ww-trainer/experiments/hey_mycroft/dataset/negatives/processed/000090.wav,0
/home/miro/Workspace/MachineLearningProjects/ww-trainer/experiments/hey_mycroft/dataset/positives/processed/000062.wav,1
/home/miro/Workspace/MachineLearningProjects/ww-trainer/experiments/hey_mycroft/dataset/negatives/processed/001371.wav,0
/home/miro/Workspace/MachineLearningProjects/ww-trainer/experiments/hey_mycroft/dataset/negatives/processed/001654.wav,0
/home/miro/Workspace/MachineLearningProjects/ww-trainer/experiments/hey_mycroft/dataset/positives/processed/000408.wav,1
/home/miro/Workspace/MachineLearningProjects/ww-trainer/experiments/hey_mycroft/dataset/negatives/processed/001303.wav,0
/home/miro/Workspace/MachineLearningProjects/ww-trainer/experiments/hey_mycroft/dataset/negatives/processed/001961.wav,0
/home/miro/Workspace/MachineLearningProjects/ww-trainer/experiments/hey_mycroft/dataset/negatives/processed/000859.wav,0
/home/miro/Workspace/MachineLearningProjects/ww-trainer/experiments/hey_mycroft/dataset/negatives/processed/001557.wav,0
/home/miro/Workspace/MachineLearningProjects/ww-trainer/experiments/hey_mycroft/dataset/negatives/processed/001946.wav,0
/home/miro/Workspace/MachineLearningProjects/ww-trainer/experiments/hey_mycroft/dataset/positives/processed/000151.wav,1
/home/miro/Workspace/MachineLearningProjects/ww-trainer/experiments/hey_mycroft/dataset/negatives/processed/001528.wav,0
/home/miro/Workspace/MachineLearningProjects/ww-trainer/experiments/hey_mycroft/dataset/negatives/processed/000123.wav,0
/home/miro/Workspace/MachineLearningProjects/ww-trainer/experiments/hey_mycroft/dataset/negatives/processed/001081.wav,0
/home/miro/Workspace/MachineLearningProjects/ww-trainer/experiments/hey_mycroft/dataset/negatives/processed/001061.wav,0
/home/miro/Workspace/MachineLearningProjects/ww-trainer/experiments/hey_mycroft/dataset/negatives/processed/000570.wav,0
/home/miro/Workspace/MachineLearningProjects/ww-trainer/experiments/hey_mycroft/dataset/negatives/processed/000803.wav,0
/home/miro/Workspace/MachineLearningProjects/ww-trainer/experiments/hey_mycroft/dataset/positives/processed/000178.wav,1
/home/miro/Workspace/MachineLearningProjects/ww-trainer/experiments/hey_mycroft/dataset/negatives/processed/001182.wav,0
/home/miro/Workspace/MachineLearningProjects/ww-trainer/experiments/hey_mycroft/dataset/negatives/processed/001883.wav,0
/home/miro/Workspace/MachineLearningProjects/ww-trainer/experiments/hey_mycroft/dataset/negatives/processed/000170.wav,0
/home/miro/Workspace/MachineLearningProjects/ww-trainer/experiments/hey_mycroft/dataset/negatives/processed/000478.wav,0
/home/miro/Workspace/MachineLearningProjects/ww-trainer/experiments/hey_mycroft/dataset/negatives/processed/000272.wav,0
/home/miro/Workspace/MachineLearningProjects/ww-trainer/experiments/hey_mycroft/dataset/negatives/processed/000818.wav,0
/home/miro/Workspace/MachineLearningProjects/ww-trainer/experiments/hey_mycroft/dataset/negatives/processed/000229.wav,0
/home/miro/Workspace/MachineLearningProjects/ww-trainer/experiments/hey_mycroft/dataset/negatives/processed/001045.wav,0
/home/miro/Workspace/MachineLearningProjects/ww-trainer/experiments/hey_mycroft/dataset/negatives/processed/000463.wav,0
/home/miro/Workspace/MachineLearningProjects/ww-trainer/experiments/hey_mycroft/dataset/negatives/processed/000861.wav,0
/home/miro/Workspace/MachineLearningProjects/ww-trainer/experiments/hey_mycroft/dataset/negatives/processed/000913.wav,0
/home/miro/Workspace/MachineLearningProjects/ww-trainer/experiments/hey_mycroft/dataset/negatives/processed/001967.wav,0
/home/miro/Workspace/MachineLearningProjects/ww-trainer/experiments/hey_mycroft/dataset/negatives/processed/001706.wav,0
/home/miro/Workspace/MachineLearningProjects/ww-trainer/experiments/hey_mycroft/dataset/negatives/processed/001329.wav,0
/home/miro/Workspace/MachineLearningProjects/ww-trainer/experiments/hey_mycroft/dataset/negatives/processed/000108.wav,0
/home/miro/Workspace/MachineLearningProjects/ww-trainer/experiments/hey_mycroft/dataset/negatives/processed/001505.wav,0
/home/miro/Workspace/MachineLearningProjects/ww-trainer/experiments/hey_mycroft/dataset/negatives/processed/000659.wav,0
/home/miro/Workspace/MachineLearningProjects/ww-trainer/experiments/hey_mycroft/dataset/negatives/processed/001886.wav,0
/home/miro/Workspace/MachineLearningProjects/ww-trainer/experiments/hey_mycroft/dataset/negatives/processed/000712.wav,0
/home/miro/Workspace/MachineLearningProjects/ww-trainer/experiments/hey_mycroft/dataset/negatives/processed/000594.wav,0
/home/miro/Workspace/MachineLearningProjects/ww-trainer/experiments/hey_mycroft/dataset/negatives/processed/000657.wav,0
/home/miro/Workspace/MachineLearningProjects/ww-trainer/experiments/hey_mycroft/dataset/negatives/processed/000892.wav,0
/home/miro/Workspace/MachineLearningProjects/ww-trainer/experiments/hey_mycroft/dataset/negatives/processed/000166.wav,0
/home/miro/Workspace/MachineLearningProjects/ww-trainer/experiments/hey_mycroft/dataset/negatives/processed/000011.wav,0
/home/miro/Workspace/MachineLearningProjects/ww-trainer/experiments/hey_mycroft/dataset/positives/processed/000285.wav,1
/home/miro/Workspace/MachineLearningProjects/ww-trainer/experiments/hey_mycroft/dataset/negatives/processed/000059.wav,0
/home/miro/Workspace/MachineLearningProjects/ww-trainer/experiments/hey_mycroft/dataset/negatives/processed/001581.wav,0
/home/miro/Workspace/MachineLearningProjects/ww-trainer/experiments/hey_mycroft/dataset/negatives/processed/000280.wav,0
/home/miro/Workspace/MachineLearningProjects/ww-trainer/experiments/hey_mycroft/dataset/negatives/processed/001071.wav,0
/home/miro/Workspace/MachineLearningProjects/ww-trainer/experiments/hey_mycroft/dataset/negatives/processed/000092.wav,0
/home/miro/Workspace/MachineLearningProjects/ww-trainer/experiments/hey_mycroft/dataset/negatives/processed/001757.wav,0
/home/miro/Workspace/MachineLearningProjects/ww-trainer/experiments/hey_mycroft/dataset/negatives/processed/001370.wav,0
/home/miro/Workspace/MachineLearningProjects/ww-trainer/experiments/hey_mycroft/dataset/negatives/processed/000028.wav,0
/home/miro/Workspace/MachineLearningProjects/ww-trainer/experiments/hey_mycroft/dataset/negatives/processed/001434.wav,0
/home/miro/Workspace/MachineLearningProjects/ww-trainer/experiments/hey_mycroft/dataset/negatives/processed/001476.wav,0
/home/miro/Workspace/MachineLearningProjects/ww-trainer/experiments/hey_mycroft/dataset/negatives/processed/001201.wav,0
/home/miro/Workspace/MachineLearningProjects/ww-trainer/experiments/hey_mycroft/dataset/negatives/processed/000619.wav,0
/home/miro/Workspace/MachineLearningProjects/ww-trainer/experiments/hey_mycroft/dataset/negatives/processed/001584.wav,0
/home/miro/Workspace/MachineLearningProjects/ww-trainer/experiments/hey_mycroft/dataset/negatives/processed/000695.wav,0
/home/miro/Workspace/MachineLearningProjects/ww-trainer/experiments/hey_mycroft/dataset/negatives/processed/001807.wav,0
/home/miro/Workspace/MachineLearningProjects/ww-trainer/experiments/hey_mycroft/dataset/negatives/processed/000130.wav,0
/home/miro/Workspace/MachineLearningProjects/ww-trainer/experiments/hey_mycroft/dataset/positives/processed/000481.wav,1
/home/miro/Workspace/MachineLearningProjects/ww-trainer/experiments/hey_mycroft/dataset/negatives/processed/001390.wav,0
/home/miro/Workspace/MachineLearningProjects/ww-trainer/experiments/hey_mycroft/dataset/positives/processed/000464.wav,1
/home/miro/Workspace/MachineLearningProjects/ww-trainer/experiments/hey_mycroft/dataset/negatives/processed/001877.wav,0
/home/miro/Workspace/MachineLearningProjects/ww-trainer/experiments/hey_mycroft/dataset/negatives/processed/001996.wav,0
/home/miro/Workspace/MachineLearningProjects/ww-trainer/experiments/hey_mycroft/dataset/negatives/processed/001171.wav,0
/home/miro/Workspace/MachineLearningProjects/ww-trainer/experiments/hey_mycroft/dataset/negatives/processed/001762.wav,0
/home/miro/Workspace/MachineLearningProjects/ww-trainer/experiments/hey_mycroft/dataset/positives/processed/000056.wav,1
/home/miro/Workspace/MachineLearningProjects/ww-trainer/experiments/hey_mycroft/dataset/negatives/processed/001756.wav,0
/home/miro/Workspace/MachineLearningProjects/ww-trainer/experiments/hey_mycroft/dataset/negatives/processed/000772.wav,0
/home/miro/Workspace/MachineLearningProjects/ww-trainer/experiments/hey_mycroft/dataset/negatives/processed/000148.wav,0
/home/miro/Workspace/MachineLearningProjects/ww-trainer/experiments/hey_mycroft/dataset/negatives/processed/000640.wav,0
/home/miro/Workspace/MachineLearningProjects/ww-trainer/experiments/hey_mycroft/dataset/negatives/processed/000137.wav,0
/home/miro/Workspace/MachineLearningProjects/ww-trainer/experiments/hey_mycroft/dataset/negatives/processed/000778.wav,0
/home/miro/Workspace/MachineLearningProjects/ww-trainer/experiments/hey_mycroft/dataset/negatives/processed/001485.wav,0
/home/miro/Workspace/MachineLearningProjects/ww-trainer/experiments/hey_mycroft/dataset/negatives/processed/000434.wav,0
/home/miro/Workspace/MachineLearningProjects/ww-trainer/experiments/hey_mycroft/dataset/negatives/processed/000679.wav,0
/home/miro/Workspace/MachineLearningProjects/ww-trainer/experiments/hey_mycroft/dataset/negatives/processed/000458.wav,0
/home/miro/Workspace/MachineLearningProjects/ww-trainer/experiments/hey_mycroft/dataset/negatives/processed/001749.wav,0
/home/miro/Workspace/MachineLearningProjects/ww-trainer/experiments/hey_mycroft/dataset/negatives/processed/000761.wav,0
/home/miro/Workspace/MachineLearningProjects/ww-trainer/experiments/hey_mycroft/dataset/negatives/processed/000410.wav,0
/home/miro/Workspace/MachineLearningProjects/ww-trainer/experiments/hey_mycroft/dataset/positives/processed/000211.wav,1
/home/miro/Workspace/MachineLearningProjects/ww-trainer/experiments/hey_mycroft/dataset/negatives/processed/001310.wav,0
/home/miro/Workspace/MachineLearningProjects/ww-trainer/experiments/hey_mycroft/dataset/negatives/processed/001541.wav,0
/home/miro/Workspace/MachineLearningProjects/ww-trainer/experiments/hey_mycroft/dataset/negatives/processed/000784.wav,0
/home/miro/Workspace/MachineLearningProjects/ww-trainer/experiments/hey_mycroft/dataset/negatives/processed/001623.wav,0
/home/miro/Workspace/MachineLearningProjects/ww-trainer/experiments/hey_mycroft/dataset/negatives/processed/000268.wav,0
/home/miro/Workspace/MachineLearningProjects/ww-trainer/experiments/hey_mycroft/dataset/positives/processed/000222.wav,1
/home/miro/Workspace/MachineLearningProjects/ww-trainer/experiments/hey_mycroft/dataset/negatives/processed/001192.wav,0
/home/miro/Workspace/MachineLearningProjects/ww-trainer/experiments/hey_mycroft/dataset/negatives/processed/001392.wav,0
/home/miro/Workspace/MachineLearningProjects/ww-trainer/experiments/hey_mycroft/dataset/negatives/processed/000163.wav,0
/home/miro/Workspace/MachineLearningProjects/ww-trainer/experiments/hey_mycroft/dataset/positives/processed/000004.wav,1
/home/miro/Workspace/MachineLearningProjects/ww-trainer/experiments/hey_mycroft/dataset/negatives/processed/001607.wav,0
/home/miro/Workspace/MachineLearningProjects/ww-trainer/experiments/hey_mycroft/dataset/negatives/processed/001155.wav,0
/home/miro/Workspace/MachineLearningProjects/ww-trainer/experiments/hey_mycroft/dataset/positives/processed/000474.wav,1
/home/miro/Workspace/MachineLearningProjects/ww-trainer/experiments/hey_mycroft/dataset/negatives/processed/000824.wav,0
/home/miro/Workspace/MachineLearningProjects/ww-trainer/experiments/hey_mycroft/dataset/negatives/processed/000107.wav,0
/home/miro/Workspace/MachineLearningProjects/ww-trainer/experiments/hey_mycroft/dataset/negatives/processed/000728.wav,0
/home/miro/Workspace/MachineLearningProjects/ww-trainer/experiments/hey_mycroft/dataset/positives/processed/000360.wav,1
/home/miro/Workspace/MachineLearningProjects/ww-trainer/experiments/hey_mycroft/dataset/negatives/processed/000113.wav,0
/home/miro/Workspace/MachineLearningProjects/ww-trainer/experiments/hey_mycroft/dataset/positives/processed/000150.wav,1
/home/miro/Workspace/MachineLearningProjects/ww-trainer/experiments/hey_mycroft/dataset/negatives/processed/001753.wav,0
/home/miro/Workspace/MachineLearningProjects/ww-trainer/experiments/hey_mycroft/dataset/negatives/processed/001140.wav,0
/home/miro/Workspace/MachineLearningProjects/ww-trainer/experiments/hey_mycroft/dataset/negatives/processed/001887.wav,0
/home/miro/Workspace/MachineLearningProjects/ww-trainer/experiments/hey_mycroft/dataset/negatives/processed/001529.wav,0
/home/miro/Workspace/MachineLearningProjects/ww-trainer/experiments/hey_mycroft/dataset/negatives/processed/000352.wav,0
/home/miro/Workspace/MachineLearningProjects/ww-trainer/experiments/hey_mycroft/dataset/negatives/processed/000850.wav,0
/home/miro/Workspace/MachineLearningProjects/ww-trainer/experiments/hey_mycroft/dataset/negatives/processed/000158.wav,0
/home/miro/Workspace/MachineLearningProjects/ww-trainer/experiments/hey_mycroft/dataset/positives/processed/000428.wav,1
/home/miro/Workspace/MachineLearningProjects/ww-trainer/experiments/hey_mycroft/dataset/negatives/processed/000815.wav,0
/home/miro/Workspace/MachineLearningProjects/ww-trainer/experiments/hey_mycroft/dataset/negatives/processed/000865.wav,0
/home/miro/Workspace/MachineLearningProjects/ww-trainer/experiments/hey_mycroft/dataset/negatives/processed/000281.wav,0
/home/miro/Workspace/MachineLearningProjects/ww-trainer/experiments/hey_mycroft/dataset/negatives/processed/000925.wav,0
/home/miro/Workspace/MachineLearningProjects/ww-trainer/experiments/hey_mycroft/dataset/negatives/processed/001425.wav,0
/home/miro/Workspace/MachineLearningProjects/ww-trainer/experiments/hey_mycroft/dataset/positives/processed/000373.wav,1
/home/miro/Workspace/MachineLearningProjects/ww-trainer/experiments/hey_mycroft/dataset/negatives/processed/001929.wav,0
/home/miro/Workspace/MachineLearningProjects/ww-trainer/experiments/hey_mycroft/dataset/negatives/processed/000139.wav,0
/home/miro/Workspace/MachineLearningProjects/ww-trainer/experiments/hey_mycroft/dataset/negatives/processed/000243.wav,0
/home/miro/Workspace/MachineLearningProjects/ww-trainer/experiments/hey_mycroft/dataset/negatives/processed/000394.wav,0
/home/miro/Workspace/MachineLearningProjects/ww-trainer/experiments/hey_mycroft/dataset/negatives/processed/000254.wav,0
/home/miro/Workspace/MachineLearningProjects/ww-trainer/experiments/hey_mycroft/dataset/negatives/processed/001625.wav,0
/home/miro/Workspace/MachineLearningProjects/ww-trainer/experiments/hey_mycroft/dataset/negatives/processed/000344.wav,0
/home/miro/Workspace/MachineLearningProjects/ww-trainer/experiments/hey_mycroft/dataset/negatives/processed/000217.wav,0
/home/miro/Workspace/MachineLearningProjects/ww-trainer/experiments/hey_mycroft/dataset/negatives/processed/000401.wav,0
/home/miro/Workspace/MachineLearningProjects/ww-trainer/experiments/hey_mycroft/dataset/negatives/processed/000603.wav,0
/home/miro/Workspace/MachineLearningProjects/ww-trainer/experiments/hey_mycroft/dataset/positives/processed/000084.wav,1
/home/miro/Workspace/MachineLearningProjects/ww-trainer/experiments/hey_mycroft/dataset/negatives/processed/000588.wav,0
/home/miro/Workspace/MachineLearningProjects/ww-trainer/experiments/hey_mycroft/dataset/positives/processed/000374.wav,1
/home/miro/Workspace/MachineLearningProjects/ww-trainer/experiments/hey_mycroft/dataset/negatives/processed/000786.wav,0
/home/miro/Workspace/MachineLearningProjects/ww-trainer/experiments/hey_mycroft/dataset/negatives/processed/000525.wav,0
/home/miro/Workspace/MachineLearningProjects/ww-trainer/experiments/hey_mycroft/dataset/negatives/processed/000785.wav,0
/home/miro/Workspace/MachineLearningProjects/ww-trainer/experiments/hey_mycroft/dataset/negatives/processed/001269.wav,0
/home/miro/Workspace/MachineLearningProjects/ww-trainer/experiments/hey_mycroft/dataset/negatives/processed/000371.wav,0
/home/miro/Workspace/MachineLearningProjects/ww-trainer/experiments/hey_mycroft/dataset/positives/processed/000329.wav,1
/home/miro/Workspace/MachineLearningProjects/ww-trainer/experiments/hey_mycroft/dataset/negatives/processed/001293.wav,0
/home/miro/Workspace/MachineLearningProjects/ww-trainer/experiments/hey_mycroft/dataset/negatives/processed/001522.wav,0
/home/miro/Workspace/MachineLearningProjects/ww-trainer/experiments/hey_mycroft/dataset/negatives/processed/001711.wav,0
/home/miro/Workspace/MachineLearningProjects/ww-trainer/experiments/hey_mycroft/dataset/negatives/processed/001549.wav,0
/home/miro/Workspace/MachineLearningProjects/ww-trainer/experiments/hey_mycroft/dataset/negatives/processed/000415.wav,0
/home/miro/Workspace/MachineLearningProjects/ww-trainer/experiments/hey_mycroft/dataset/negatives/processed/000279.wav,0
/home/miro/Workspace/MachineLearningProjects/ww-trainer/experiments/hey_mycroft/dataset/negatives/processed/000745.wav,0
/home/miro/Workspace/MachineLearningProjects/ww-trainer/experiments/hey_mycroft/dataset/negatives/processed/001419.wav,0
/home/miro/Workspace/MachineLearningProjects/ww-trainer/experiments/hey_mycroft/dataset/negatives/processed/000009.wav,0
/home/miro/Workspace/MachineLearningProjects/ww-trainer/experiments/hey_mycroft/dataset/negatives/processed/001298.wav,0
/home/miro/Workspace/MachineLearningProjects/ww-trainer/experiments/hey_mycroft/dataset/negatives/processed/000682.wav,0
/home/miro/Workspace/MachineLearningProjects/ww-trainer/experiments/hey_mycroft/dataset/negatives/processed/000269.wav,0
/home/miro/Workspace/MachineLearningProjects/ww-trainer/experiments/hey_mycroft/dataset/negatives/processed/000641.wav,0
/home/miro/Workspace/MachineLearningProjects/ww-trainer/experiments/hey_mycroft/dataset/negatives/processed/000179.wav,0
/home/miro/Workspace/MachineLearningProjects/ww-trainer/experiments/hey_mycroft/dataset/positives/processed/000244.wav,1
/home/miro/Workspace/MachineLearningProjects/ww-trainer/experiments/hey_mycroft/dataset/negatives/processed/000757.wav,0
/home/miro/Workspace/MachineLearningProjects/ww-trainer/experiments/hey_mycroft/dataset/negatives/processed/000082.wav,0
/home/miro/Workspace/MachineLearningProjects/ww-trainer/experiments/hey_mycroft/dataset/negatives/processed/000588.wav,0
/home/miro/Workspace/MachineLearningProjects/ww-trainer/experiments/hey_mycroft/dataset/negatives/processed/000383.wav,0
/home/miro/Workspace/MachineLearningProjects/ww-trainer/experiments/hey_mycroft/dataset/negatives/processed/000238.wav,0
/home/miro/Workspace/MachineLearningProjects/ww-trainer/experiments/hey_mycroft/dataset/negatives/processed/001730.wav,0
/home/miro/Workspace/MachineLearningProjects/ww-trainer/experiments/hey_mycroft/dataset/positives/processed/000470.wav,1
/home/miro/Workspace/MachineLearningProjects/ww-trainer/experiments/hey_mycroft/dataset/negatives/processed/000216.wav,0
/home/miro/Workspace/MachineLearningProjects/ww-trainer/experiments/hey_mycroft/dataset/negatives/processed/000310.wav,0
/home/miro/Workspace/MachineLearningProjects/ww-trainer/experiments/hey_mycroft/dataset/negatives/processed/001902.wav,0
/home/miro/Workspace/MachineLearningProjects/ww-trainer/experiments/hey_mycroft/dataset/negatives/processed/000456.wav,0
/home/miro/Workspace/MachineLearningProjects/ww-trainer/experiments/hey_mycroft/dataset/positives/processed/000291.wav,1
/home/miro/Workspace/MachineLearningProjects/ww-trainer/experiments/hey_mycroft/dataset/negatives/processed/001359.wav,0
/home/miro/Workspace/MachineLearningProjects/ww-trainer/experiments/hey_mycroft/dataset/negatives/processed/000658.wav,0
/home/miro/Workspace/MachineLearningProjects/ww-trainer/experiments/hey_mycroft/dataset/negatives/processed/000680.wav,0
/home/miro/Workspace/MachineLearningProjects/ww-trainer/experiments/hey_mycroft/dataset/negatives/processed/000448.wav,0
/home/miro/Workspace/MachineLearningProjects/ww-trainer/experiments/hey_mycroft/dataset/positives/processed/000133.wav,1
/home/miro/Workspace/MachineLearningProjects/ww-trainer/experiments/hey_mycroft/dataset/negatives/processed/000692.wav,0
/home/miro/Workspace/MachineLearningProjects/ww-trainer/experiments/hey_mycroft/dataset/negatives/processed/001424.wav,0
/home/miro/Workspace/MachineLearningProjects/ww-trainer/experiments/hey_mycroft/dataset/negatives/processed/000818.wav,0
/home/miro/Workspace/MachineLearningProjects/ww-trainer/experiments/hey_mycroft/dataset/negatives/processed/001173.wav,0
/home/miro/Workspace/MachineLearningProjects/ww-trainer/experiments/hey_mycroft/dataset/positives/processed/000010.wav,1
/home/miro/Workspace/MachineLearningProjects/ww-trainer/experiments/hey_mycroft/dataset/negatives/processed/000141.wav,0
/home/miro/Workspace/MachineLearningProjects/ww-trainer/experiments/hey_mycroft/dataset/positives/processed/000307.wav,1
/home/miro/Workspace/MachineLearningProjects/ww-trainer/experiments/hey_mycroft/dataset/negatives/processed/001760.wav,0
/home/miro/Workspace/MachineLearningProjects/ww-trainer/experiments/hey_mycroft/dataset/negatives/processed/000211.wav,0
/home/miro/Workspace/MachineLearningProjects/ww-trainer/experiments/hey_mycroft/dataset/negatives/processed/000482.wav,0
/home/miro/Workspace/MachineLearningProjects/ww-trainer/experiments/hey_mycroft/dataset/negatives/processed/000143.wav,0
/home/miro/Workspace/MachineLearningProjects/ww-trainer/experiments/hey_mycroft/dataset/positives/processed/000332.wav,1
/home/miro/Workspace/MachineLearningProjects/ww-trainer/experiments/hey_mycroft/dataset/negatives/processed/000613.wav,0
/home/miro/Workspace/MachineLearningProjects/ww-trainer/experiments/hey_mycroft/dataset/negatives/processed/000731.wav,0
/home/miro/Workspace/MachineLearningProjects/ww-trainer/experiments/hey_mycroft/dataset/negatives/processed/000351.wav,0
/home/miro/Workspace/MachineLearningProjects/ww-trainer/experiments/hey_mycroft/dataset/positives/processed/000406.wav,1
/home/miro/Workspace/MachineLearningProjects/ww-trainer/experiments/hey_mycroft/dataset/positives/processed/000246.wav,1
/home/miro/Workspace/MachineLearningProjects/ww-trainer/experiments/hey_mycroft/dataset/negatives/processed/001829.wav,0
/home/miro/Workspace/MachineLearningProjects/ww-trainer/experiments/hey_mycroft/dataset/negatives/processed/000339.wav,0
/home/miro/Workspace/MachineLearningProjects/ww-trainer/experiments/hey_mycroft/dataset/negatives/processed/001256.wav,0
/home/miro/Workspace/MachineLearningProjects/ww-trainer/experiments/hey_mycroft/dataset/negatives/processed/000702.wav,0
/home/miro/Workspace/MachineLearningProjects/ww-trainer/experiments/hey_mycroft/dataset/negatives/processed/000717.wav,0
/home/miro/Workspace/MachineLearningProjects/ww-trainer/experiments/hey_mycroft/dataset/negatives/processed/001313.wav,0
/home/miro/Workspace/MachineLearningProjects/ww-trainer/experiments/hey_mycroft/dataset/negatives/processed/001345.wav,0
/home/miro/Workspace/MachineLearningProjects/ww-trainer/experiments/hey_mycroft/dataset/negatives/processed/000153.wav,0
/home/miro/Workspace/MachineLearningProjects/ww-trainer/experiments/hey_mycroft/dataset/negatives/processed/001640.wav,0
/home/miro/Workspace/MachineLearningProjects/ww-trainer/experiments/hey_mycroft/dataset/negatives/processed/000424.wav,0
/home/miro/Workspace/MachineLearningProjects/ww-trainer/experiments/hey_mycroft/dataset/negatives/processed/001204.wav,0
/home/miro/Workspace/MachineLearningProjects/ww-trainer/experiments/hey_mycroft/dataset/negatives/processed/001785.wav,0
/home/miro/Workspace/MachineLearningProjects/ww-trainer/experiments/hey_mycroft/dataset/positives/processed/000485.wav,1
/home/miro/Workspace/MachineLearningProjects/ww-trainer/experiments/hey_mycroft/dataset/negatives/processed/000350.wav,0
/home/miro/Workspace/MachineLearningProjects/ww-trainer/experiments/hey_mycroft/dataset/positives/processed/000348.wav,1
/home/miro/Workspace/MachineLearningProjects/ww-trainer/experiments/hey_mycroft/dataset/negatives/processed/000264.wav,0
/home/miro/Workspace/MachineLearningProjects/ww-trainer/experiments/hey_mycroft/dataset/negatives/processed/001805.wav,0
/home/miro/Workspace/MachineLearningProjects/ww-trainer/experiments/hey_mycroft/dataset/negatives/processed/000111.wav,0
/home/miro/Workspace/MachineLearningProjects/ww-trainer/experiments/hey_mycroft/dataset/negatives/processed/000121.wav,0
/home/miro/Workspace/MachineLearningProjects/ww-trainer/experiments/hey_mycroft/dataset/positives/processed/000219.wav,1
/home/miro/Workspace/MachineLearningProjects/ww-trainer/experiments/hey_mycroft/dataset/negatives/processed/001863.wav,0
/home/miro/Workspace/MachineLearningProjects/ww-trainer/experiments/hey_mycroft/dataset/positives/processed/000303.wav,1
/home/miro/Workspace/MachineLearningProjects/ww-trainer/experiments/hey_mycroft/dataset/negatives/processed/001514.wav,0
/home/miro/Workspace/MachineLearningProjects/ww-trainer/experiments/hey_mycroft/dataset/negatives/processed/001141.wav,0
/home/miro/Workspace/MachineLearningProjects/ww-trainer/experiments/hey_mycroft/dataset/positives/processed/000267.wav,1
/home/miro/Workspace/MachineLearningProjects/ww-trainer/experiments/hey_mycroft/dataset/positives/processed/000467.wav,1
/home/miro/Workspace/MachineLearningProjects/ww-trainer/experiments/hey_mycroft/dataset/negatives/processed/001456.wav,0
/home/miro/Workspace/MachineLearningProjects/ww-trainer/experiments/hey_mycroft/dataset/negatives/processed/000534.wav,0
/home/miro/Workspace/MachineLearningProjects/ww-trainer/experiments/hey_mycroft/dataset/positives/processed/000210.wav,1
/home/miro/Workspace/MachineLearningProjects/ww-trainer/experiments/hey_mycroft/dataset/negatives/processed/000255.wav,0
/home/miro/Workspace/MachineLearningProjects/ww-trainer/experiments/hey_mycroft/dataset/negatives/processed/000895.wav,0
/home/miro/Workspace/MachineLearningProjects/ww-trainer/experiments/hey_mycroft/dataset/negatives/processed/001304.wav,0
/home/miro/Workspace/MachineLearningProjects/ww-trainer/experiments/hey_mycroft/dataset/negatives/processed/001460.wav,0
/home/miro/Workspace/MachineLearningProjects/ww-trainer/experiments/hey_mycroft/dataset/negatives/processed/001422.wav,0
/home/miro/Workspace/MachineLearningProjects/ww-trainer/experiments/hey_mycroft/dataset/negatives/processed/000664.wav,0
/home/miro/Workspace/MachineLearningProjects/ww-trainer/experiments/hey_mycroft/dataset/negatives/processed/001851.wav,0
/home/miro/Workspace/MachineLearningProjects/ww-trainer/experiments/hey_mycroft/dataset/positives/processed/000050.wav,1
/home/miro/Workspace/MachineLearningProjects/ww-trainer/experiments/hey_mycroft/dataset/positives/processed/000420.wav,1
/home/miro/Workspace/MachineLearningProjects/ww-trainer/experiments/hey_mycroft/dataset/negatives/processed/000025.wav,0
/home/miro/Workspace/MachineLearningProjects/ww-trainer/experiments/hey_mycroft/dataset/negatives/processed/000090.wav,0
/home/miro/Workspace/MachineLearningProjects/ww-trainer/experiments/hey_mycroft/dataset/negatives/processed/000696.wav,0
/home/miro/Workspace/MachineLearningProjects/ww-trainer/experiments/hey_mycroft/dataset/negatives/processed/000417.wav,0
/home/miro/Workspace/MachineLearningProjects/ww-trainer/experiments/hey_mycroft/dataset/positives/processed/000223.wav,1
/home/miro/Workspace/MachineLearningProjects/ww-trainer/experiments/hey_mycroft/dataset/positives/processed/000186.wav,1
/home/miro/Workspace/MachineLearningProjects/ww-trainer/experiments/hey_mycroft/dataset/negatives/processed/000623.wav,0
/home/miro/Workspace/MachineLearningProjects/ww-trainer/experiments/hey_mycroft/dataset/negatives/processed/000018.wav,0
/home/miro/Workspace/MachineLearningProjects/ww-trainer/experiments/hey_mycroft/dataset/negatives/processed/000129.wav,0
/home/miro/Workspace/MachineLearningProjects/ww-trainer/experiments/hey_mycroft/dataset/positives/processed/000057.wav,1
/home/miro/Workspace/MachineLearningProjects/ww-trainer/experiments/hey_mycroft/dataset/negatives/processed/000738.wav,0
/home/miro/Workspace/MachineLearningProjects/ww-trainer/experiments/hey_mycroft/dataset/negatives/processed/000354.wav,0
/home/miro/Workspace/MachineLearningProjects/ww-trainer/experiments/hey_mycroft/dataset/negatives/processed/000978.wav,0
/home/miro/Workspace/MachineLearningProjects/ww-trainer/experiments/hey_mycroft/dataset/negatives/processed/000431.wav,0
/home/miro/Workspace/MachineLearningProjects/ww-trainer/experiments/hey_mycroft/dataset/negatives/processed/000713.wav,0
/home/miro/Workspace/MachineLearningProjects/ww-trainer/experiments/hey_mycroft/dataset/negatives/processed/000295.wav,0
/home/miro/Workspace/MachineLearningProjects/ww-trainer/experiments/hey_mycroft/dataset/positives/processed/000411.wav,1
/home/miro/Workspace/MachineLearningProjects/ww-trainer/experiments/hey_mycroft/dataset/negatives/processed/000659.wav,0
/home/miro/Workspace/MachineLearningProjects/ww-trainer/experiments/hey_mycroft/dataset/negatives/processed/001944.wav,0
/home/miro/Workspace/MachineLearningProjects/ww-trainer/experiments/hey_mycroft/dataset/negatives/processed/001648.wav,0
/home/miro/Workspace/MachineLearningProjects/ww-trainer/experiments/hey_mycroft/dataset/negatives/processed/001914.wav,0
/home/miro/Workspace/MachineLearningProjects/ww-trainer/experiments/hey_mycroft/dataset/negatives/processed/000632.wav,0
/home/miro/Workspace/MachineLearningProjects/ww-trainer/experiments/hey_mycroft/dataset/negatives/processed/001483.wav,0
/home/miro/Workspace/MachineLearningProjects/ww-trainer/experiments/hey_mycroft/dataset/negatives/processed/000386.wav,0
/home/miro/Workspace/MachineLearningProjects/ww-trainer/experiments/hey_mycroft/dataset/negatives/processed/000547.wav,0
/home/miro/Workspace/MachineLearningProjects/ww-trainer/experiments/hey_mycroft/dataset/negatives/processed/000258.wav,0
/home/miro/Workspace/MachineLearningProjects/ww-trainer/experiments/hey_mycroft/dataset/negatives/processed/001694.wav,0
/home/miro/Workspace/MachineLearningProjects/ww-trainer/experiments/hey_mycroft/dataset/positives/processed/000489.wav,1
/home/miro/Workspace/MachineLearningProjects/ww-trainer/experiments/hey_mycroft/dataset/negatives/processed/000735.wav,0
/home/miro/Workspace/MachineLearningProjects/ww-trainer/experiments/hey_mycroft/dataset/negatives/processed/000288.wav,0
/home/miro/Workspace/MachineLearningProjects/ww-trainer/experiments/hey_mycroft/dataset/positives/processed/000494.wav,1
/home/miro/Workspace/MachineLearningProjects/ww-trainer/experiments/hey_mycroft/dataset/negatives/processed/000444.wav,0
/home/miro/Workspace/MachineLearningProjects/ww-trainer/experiments/hey_mycroft/dataset/negatives/processed/000687.wav,0
/home/miro/Workspace/MachineLearningProjects/ww-trainer/experiments/hey_mycroft/dataset/negatives/processed/000755.wav,0
/home/miro/Workspace/MachineLearningProjects/ww-trainer/experiments/hey_mycroft/dataset/negatives/processed/000609.wav,0
/home/miro/Workspace/MachineLearningProjects/ww-trainer/experiments/hey_mycroft/dataset/negatives/processed/000670.wav,0
/home/miro/Workspace/MachineLearningProjects/ww-trainer/experiments/hey_mycroft/dataset/negatives/processed/000941.wav,0
/home/miro/Workspace/MachineLearningProjects/ww-trainer/experiments/hey_mycroft/dataset/negatives/processed/000854.wav,0
/home/miro/Workspace/MachineLearningProjects/ww-trainer/experiments/hey_mycroft/dataset/negatives/processed/000535.wav,0
/home/miro/Workspace/MachineLearningProjects/ww-trainer/experiments/hey_mycroft/dataset/negatives/processed/001242.wav,0
/home/miro/Workspace/MachineLearningProjects/ww-trainer/experiments/hey_mycroft/dataset/negatives/processed/000798.wav,0
/home/miro/Workspace/MachineLearningProjects/ww-trainer/experiments/hey_mycroft/dataset/negatives/processed/001674.wav,0
/home/miro/Workspace/MachineLearningProjects/ww-trainer/experiments/hey_mycroft/dataset/negatives/processed/001767.wav,0
/home/miro/Workspace/MachineLearningProjects/ww-trainer/experiments/hey_mycroft/dataset/negatives/processed/000668.wav,0
/home/miro/Workspace/MachineLearningProjects/ww-trainer/experiments/hey_mycroft/dataset/negatives/processed/001011.wav,0
/home/miro/Workspace/MachineLearningProjects/ww-trainer/experiments/hey_mycroft/dataset/negatives/processed/001882.wav,0
/home/miro/Workspace/MachineLearningProjects/ww-trainer/experiments/hey_mycroft/dataset/negatives/processed/000754.wav,0
/home/miro/Workspace/MachineLearningProjects/ww-trainer/experiments/hey_mycroft/dataset/negatives/processed/000496.wav,0
/home/miro/Workspace/MachineLearningProjects/ww-trainer/experiments/hey_mycroft/dataset/negatives/processed/000134.wav,0
/home/miro/Workspace/MachineLearningProjects/ww-trainer/experiments/hey_mycroft/dataset/negatives/processed/000407.wav,0
/home/miro/Workspace/MachineLearningProjects/ww-trainer/experiments/hey_mycroft/dataset/negatives/processed/000705.wav,0
/home/miro/Workspace/MachineLearningProjects/ww-trainer/experiments/hey_mycroft/dataset/positives/processed/000381.wav,1
/home/miro/Workspace/MachineLearningProjects/ww-trainer/experiments/hey_mycroft/dataset/positives/processed/000070.wav,1
/home/miro/Workspace/MachineLearningProjects/ww-trainer/experiments/hey_mycroft/dataset/negatives/processed/001335.wav,0
/home/miro/Workspace/MachineLearningProjects/ww-trainer/experiments/hey_mycroft/dataset/negatives/processed/001510.wav,0
/home/miro/Workspace/MachineLearningProjects/ww-trainer/experiments/hey_mycroft/dataset/negatives/processed/001450.wav,0
/home/miro/Workspace/MachineLearningProjects/ww-trainer/experiments/hey_mycroft/dataset/negatives/processed/000484.wav,0
/home/miro/Workspace/MachineLearningProjects/ww-trainer/experiments/hey_mycroft/dataset/negatives/processed/001774.wav,0
/home/miro/Workspace/MachineLearningProjects/ww-trainer/experiments/hey_mycroft/dataset/negatives/processed/000405.wav,0
/home/miro/Workspace/MachineLearningProjects/ww-trainer/experiments/hey_mycroft/dataset/negatives/processed/000362.wav,0
/home/miro/Workspace/MachineLearningProjects/ww-trainer/experiments/hey_mycroft/dataset/negatives/processed/000488.wav,0
/home/miro/Workspace/MachineLearningProjects/ww-trainer/experiments/hey_mycroft/dataset/negatives/processed/000635.wav,0
/home/miro/Workspace/MachineLearningProjects/ww-trainer/experiments/hey_mycroft/dataset/negatives/processed/000282.wav,0
/home/miro/Workspace/MachineLearningProjects/ww-trainer/experiments/hey_mycroft/dataset/negatives/processed/001616.wav,0
/home/miro/Workspace/MachineLearningProjects/ww-trainer/experiments/hey_mycroft/dataset/positives/processed/000041.wav,1
/home/miro/Workspace/MachineLearningProjects/ww-trainer/experiments/hey_mycroft/dataset/negatives/processed/000510.wav,0
/home/miro/Workspace/MachineLearningProjects/ww-trainer/experiments/hey_mycroft/dataset/negatives/processed/000631.wav,0
/home/miro/Workspace/MachineLearningProjects/ww-trainer/experiments/hey_mycroft/dataset/negatives/processed/001941.wav,0
/home/miro/Workspace/MachineLearningProjects/ww-trainer/experiments/hey_mycroft/dataset/negatives/processed/000645.wav,0
/home/miro/Workspace/MachineLearningProjects/ww-trainer/experiments/hey_mycroft/dataset/negatives/processed/000894.wav,0
/home/miro/Workspace/MachineLearningProjects/ww-trainer/experiments/hey_mycroft/dataset/negatives/processed/000558.wav,0
/home/miro/Workspace/MachineLearningProjects/ww-trainer/experiments/hey_mycroft/dataset/negatives/processed/000953.wav,0
/home/miro/Workspace/MachineLearningProjects/ww-trainer/experiments/hey_mycroft/dataset/negatives/processed/000368.wav,0
/home/miro/Workspace/MachineLearningProjects/ww-trainer/experiments/hey_mycroft/dataset/negatives/processed/001497.wav,0
/home/miro/Workspace/MachineLearningProjects/ww-trainer/experiments/hey_mycroft/dataset/negatives/processed/000851.wav,0
/home/miro/Workspace/MachineLearningProjects/ww-trainer/experiments/hey_mycroft/dataset/negatives/processed/000831.wav,0
/home/miro/Workspace/MachineLearningProjects/ww-trainer/experiments/hey_mycroft/dataset/negatives/processed/000273.wav,0
/home/miro/Workspace/MachineLearningProjects/ww-trainer/experiments/hey_mycroft/dataset/positives/processed/000117.wav,1
/home/miro/Workspace/MachineLearningProjects/ww-trainer/experiments/hey_mycroft/dataset/negatives/processed/000877.wav,0
/home/miro/Workspace/MachineLearningProjects/ww-trainer/experiments/hey_mycroft/dataset/negatives/processed/000110.wav,0
/home/miro/Workspace/MachineLearningProjects/ww-trainer/experiments/hey_mycroft/dataset/negatives/processed/001999.wav,0
/home/miro/Workspace/MachineLearningProjects/ww-trainer/experiments/hey_mycroft/dataset/negatives/processed/001834.wav,0
/home/miro/Workspace/MachineLearningProjects/ww-trainer/experiments/hey_mycroft/dataset/negatives/processed/000205.wav,0
/home/miro/Workspace/MachineLearningProjects/ww-trainer/experiments/hey_mycroft/dataset/negatives/processed/000498.wav,0
/home/miro/Workspace/MachineLearningProjects/ww-trainer/experiments/hey_mycroft/dataset/negatives/processed/001346.wav,0
/home/miro/Workspace/MachineLearningProjects/ww-trainer/experiments/hey_mycroft/dataset/negatives/processed/000642.wav,0
/home/miro/Workspace/MachineLearningProjects/ww-trainer/experiments/hey_mycroft/dataset/positives/processed/000354.wav,1
/home/miro/Workspace/MachineLearningProjects/ww-trainer/experiments/hey_mycroft/dataset/negatives/processed/000505.wav,0
/home/miro/Workspace/MachineLearningProjects/ww-trainer/experiments/hey_mycroft/dataset/negatives/processed/000820.wav,0
/home/miro/Workspace/MachineLearningProjects/ww-trainer/experiments/hey_mycroft/dataset/negatives/processed/000599.wav,0
/home/miro/Workspace/MachineLearningProjects/ww-trainer/experiments/hey_mycroft/dataset/negatives/processed/001926.wav,0
/home/miro/Workspace/MachineLearningProjects/ww-trainer/experiments/hey_mycroft/dataset/negatives/processed/001284.wav,0
/home/miro/Workspace/MachineLearningProjects/ww-trainer/experiments/hey_mycroft/dataset/negatives/processed/000085.wav,0
/home/miro/Workspace/MachineLearningProjects/ww-trainer/experiments/hey_mycroft/dataset/negatives/processed/001480.wav,0
/home/miro/Workspace/MachineLearningProjects/ww-trainer/experiments/hey_mycroft/dataset/negatives/processed/000555.wav,0
/home/miro/Workspace/MachineLearningProjects/ww-trainer/experiments/hey_mycroft/dataset/negatives/processed/000022.wav,0
/home/miro/Workspace/MachineLearningProjects/ww-trainer/experiments/hey_mycroft/dataset/negatives/processed/000606.wav,0
/home/miro/Workspace/MachineLearningProjects/ww-trainer/experiments/hey_mycroft/dataset/negatives/processed/001637.wav,0
/home/miro/Workspace/MachineLearningProjects/ww-trainer/experiments/hey_mycroft/dataset/negatives/processed/000221.wav,0
/home/miro/Workspace/MachineLearningProjects/ww-trainer/experiments/hey_mycroft/dataset/negatives/processed/001283.wav,0
/home/miro/Workspace/MachineLearningProjects/ww-trainer/experiments/hey_mycroft/dataset/negatives/processed/000654.wav,0
/home/miro/Workspace/MachineLearningProjects/ww-trainer/experiments/hey_mycroft/dataset/negatives/processed/001383.wav,0
/home/miro/Workspace/MachineLearningProjects/ww-trainer/experiments/hey_mycroft/dataset/negatives/processed/000983.wav,0
/home/miro/Workspace/MachineLearningProjects/ww-trainer/experiments/hey_mycroft/dataset/negatives/processed/001275.wav,0
/home/miro/Workspace/MachineLearningProjects/ww-trainer/experiments/hey_mycroft/dataset/positives/processed/000432.wav,1
/home/miro/Workspace/MachineLearningProjects/ww-trainer/experiments/hey_mycroft/dataset/negatives/processed/001507.wav,0
/home/miro/Workspace/MachineLearningProjects/ww-trainer/experiments/hey_mycroft/dataset/negatives/processed/000158.wav,0
/home/miro/Workspace/MachineLearningProjects/ww-trainer/experiments/hey_mycroft/dataset/positives/processed/000051.wav,1
/home/miro/Workspace/MachineLearningProjects/ww-trainer/experiments/hey_mycroft/dataset/negatives/processed/000897.wav,0
/home/miro/Workspace/MachineLearningProjects/ww-trainer/experiments/hey_mycroft/dataset/negatives/processed/000443.wav,0
/home/miro/Workspace/MachineLearningProjects/ww-trainer/experiments/hey_mycroft/dataset/positives/processed/000282.wav,1
/home/miro/Workspace/MachineLearningProjects/ww-trainer/experiments/hey_mycroft/dataset/negatives/processed/001017.wav,0
/home/miro/Workspace/MachineLearningProjects/ww-trainer/experiments/hey_mycroft/dataset/negatives/processed/000711.wav,0
/home/miro/Workspace/MachineLearningProjects/ww-trainer/experiments/hey_mycroft/dataset/negatives/processed/001682.wav,0
/home/miro/Workspace/MachineLearningProjects/ww-trainer/experiments/hey_mycroft/dataset/negatives/processed/000922.wav,0
/home/miro/Workspace/MachineLearningProjects/ww-trainer/experiments/hey_mycroft/dataset/positives/processed/000168.wav,1
/home/miro/Workspace/MachineLearningProjects/ww-trainer/experiments/hey_mycroft/dataset/negatives/processed/001818.wav,0
/home/miro/Workspace/MachineLearningProjects/ww-trainer/experiments/hey_mycroft/dataset/negatives/processed/000604.wav,0
/home/miro/Workspace/MachineLearningProjects/ww-trainer/experiments/hey_mycroft/dataset/negatives/processed/001959.wav,0
/home/miro/Workspace/MachineLearningProjects/ww-trainer/experiments/hey_mycroft/dataset/negatives/processed/000735.wav,0
/home/miro/Workspace/MachineLearningProjects/ww-trainer/experiments/hey_mycroft/dataset/positives/processed/000417.wav,1
/home/miro/Workspace/MachineLearningProjects/ww-trainer/experiments/hey_mycroft/dataset/negatives/processed/000494.wav,0
/home/miro/Workspace/MachineLearningProjects/ww-trainer/experiments/hey_mycroft/dataset/negatives/processed/001925.wav,0
/home/miro/Workspace/MachineLearningProjects/ww-trainer/experiments/hey_mycroft/dataset/positives/processed/000311.wav,1
/home/miro/Workspace/MachineLearningProjects/ww-trainer/experiments/hey_mycroft/dataset/negatives/processed/000312.wav,0
/home/miro/Workspace/MachineLearningProjects/ww-trainer/experiments/hey_mycroft/dataset/negatives/processed/001124.wav,0
/home/miro/Workspace/MachineLearningProjects/ww-trainer/experiments/hey_mycroft/dataset/negatives/processed/001037.wav,0
/home/miro/Workspace/MachineLearningProjects/ww-trainer/experiments/hey_mycroft/dataset/negatives/processed/000758.wav,0
/home/miro/Workspace/MachineLearningProjects/ww-trainer/experiments/hey_mycroft/dataset/negatives/processed/000777.wav,0
/home/miro/Workspace/MachineLearningProjects/ww-trainer/experiments/hey_mycroft/dataset/positives/processed/000105.wav,1
/home/miro/Workspace/MachineLearningProjects/ww-trainer/experiments/hey_mycroft/dataset/negatives/processed/001870.wav,0
/home/miro/Workspace/MachineLearningProjects/ww-trainer/experiments/hey_mycroft/dataset/negatives/processed/000347.wav,0
/home/miro/Workspace/MachineLearningProjects/ww-trainer/experiments/hey_mycroft/dataset/negatives/processed/000774.wav,0
/home/miro/Workspace/MachineLearningProjects/ww-trainer/experiments/hey_mycroft/dataset/negatives/processed/000170.wav,0
/home/miro/Workspace/MachineLearningProjects/ww-trainer/experiments/hey_mycroft/dataset/negatives/processed/000682.wav,0
/home/miro/Workspace/MachineLearningProjects/ww-trainer/experiments/hey_mycroft/dataset/negatives/processed/001987.wav,0
/home/miro/Workspace/MachineLearningProjects/ww-trainer/experiments/hey_mycroft/dataset/negatives/processed/001981.wav,0
/home/miro/Workspace/MachineLearningProjects/ww-trainer/experiments/hey_mycroft/dataset/negatives/processed/000187.wav,0
/home/miro/Workspace/MachineLearningProjects/ww-trainer/experiments/hey_mycroft/dataset/negatives/processed/001010.wav,0
/home/miro/Workspace/MachineLearningProjects/ww-trainer/experiments/hey_mycroft/dataset/negatives/processed/000549.wav,0
/home/miro/Workspace/MachineLearningProjects/ww-trainer/experiments/hey_mycroft/dataset/negatives/processed/000256.wav,0
/home/miro/Workspace/MachineLearningProjects/ww-trainer/experiments/hey_mycroft/dataset/negatives/processed/000392.wav,0
/home/miro/Workspace/MachineLearningProjects/ww-trainer/experiments/hey_mycroft/dataset/negatives/processed/001810.wav,0
/home/miro/Workspace/MachineLearningProjects/ww-trainer/experiments/hey_mycroft/dataset/positives/processed/000468.wav,1
/home/miro/Workspace/MachineLearningProjects/ww-trainer/experiments/hey_mycroft/dataset/negatives/processed/001439.wav,0
/home/miro/Workspace/MachineLearningProjects/ww-trainer/experiments/hey_mycroft/dataset/negatives/processed/000017.wav,0
/home/miro/Workspace/MachineLearningProjects/ww-trainer/experiments/hey_mycroft/dataset/negatives/processed/000461.wav,0
/home/miro/Workspace/MachineLearningProjects/ww-trainer/experiments/hey_mycroft/dataset/negatives/processed/000124.wav,0
/home/miro/Workspace/MachineLearningProjects/ww-trainer/experiments/hey_mycroft/dataset/negatives/processed/000449.wav,0
/home/miro/Workspace/MachineLearningProjects/ww-trainer/experiments/hey_mycroft/dataset/positives/processed/000083.wav,1
/home/miro/Workspace/MachineLearningProjects/ww-trainer/experiments/hey_mycroft/dataset/negatives/processed/000316.wav,0
/home/miro/Workspace/MachineLearningProjects/ww-trainer/experiments/hey_mycroft/dataset/negatives/processed/000190.wav,0
/home/miro/Workspace/MachineLearningProjects/ww-trainer/experiments/hey_mycroft/dataset/positives/processed/000127.wav,1
/home/miro/Workspace/MachineLearningProjects/ww-trainer/experiments/hey_mycroft/dataset/positives/processed/000164.wav,1
/home/miro/Workspace/MachineLearningProjects/ww-trainer/experiments/hey_mycroft/dataset/negatives/processed/000439.wav,0
/home/miro/Workspace/MachineLearningProjects/ww-trainer/experiments/hey_mycroft/dataset/negatives/processed/000418.wav,0
/home/miro/Workspace/MachineLearningProjects/ww-trainer/experiments/hey_mycroft/dataset/negatives/processed/000933.wav,0
/home/miro/Workspace/MachineLearningProjects/ww-trainer/experiments/hey_mycroft/dataset/positives/processed/000213.wav,1
/home/miro/Workspace/MachineLearningProjects/ww-trainer/experiments/hey_mycroft/dataset/negatives/processed/000650.wav,0
/home/miro/Workspace/MachineLearningProjects/ww-trainer/experiments/hey_mycroft/dataset/negatives/processed/000644.wav,0
/home/miro/Workspace/MachineLearningProjects/ww-trainer/experiments/hey_mycroft/dataset/negatives/processed/001426.wav,0
/home/miro/Workspace/MachineLearningProjects/ww-trainer/experiments/hey_mycroft/dataset/negatives/processed/000473.wav,0
/home/miro/Workspace/MachineLearningProjects/ww-trainer/experiments/hey_mycroft/dataset/negatives/processed/000533.wav,0
/home/miro/Workspace/MachineLearningProjects/ww-trainer/experiments/hey_mycroft/dataset/negatives/processed/001226.wav,0
/home/miro/Workspace/MachineLearningProjects/ww-trainer/experiments/hey_mycroft/dataset/negatives/processed/000817.wav,0
/home/miro/Workspace/MachineLearningProjects/ww-trainer/experiments/hey_mycroft/dataset/negatives/processed/000116.wav,0
/home/miro/Workspace/MachineLearningProjects/ww-trainer/experiments/hey_mycroft/dataset/negatives/processed/000882.wav,0
/home/miro/Workspace/MachineLearningProjects/ww-trainer/experiments/hey_mycroft/dataset/negatives/processed/000838.wav,0
/home/miro/Workspace/MachineLearningProjects/ww-trainer/experiments/hey_mycroft/dataset/negatives/processed/001362.wav,0
/home/miro/Workspace/MachineLearningProjects/ww-trainer/experiments/hey_mycroft/dataset/negatives/processed/000366.wav,0
/home/miro/Workspace/MachineLearningProjects/ww-trainer/experiments/hey_mycroft/dataset/negatives/processed/000840.wav,0
/home/miro/Workspace/MachineLearningProjects/ww-trainer/experiments/hey_mycroft/dataset/negatives/processed/000272.wav,0
/home/miro/Workspace/MachineLearningProjects/ww-trainer/experiments/hey_mycroft/dataset/negatives/processed/000565.wav,0
/home/miro/Workspace/MachineLearningProjects/ww-trainer/experiments/hey_mycroft/dataset/negatives/processed/000509.wav,0
/home/miro/Workspace/MachineLearningProjects/ww-trainer/experiments/hey_mycroft/dataset/negatives/processed/000244.wav,0
/home/miro/Workspace/MachineLearningProjects/ww-trainer/experiments/hey_mycroft/dataset/negatives/processed/001391.wav,0
/home/miro/Workspace/MachineLearningProjects/ww-trainer/experiments/hey_mycroft/dataset/negatives/processed/000055.wav,0
/home/miro/Workspace/MachineLearningProjects/ww-trainer/experiments/hey_mycroft/dataset/negatives/processed/001255.wav,0
/home/miro/Workspace/MachineLearningProjects/ww-trainer/experiments/hey_mycroft/dataset/positives/processed/000343.wav,1
/home/miro/Workspace/MachineLearningProjects/ww-trainer/experiments/hey_mycroft/dataset/positives/processed/000111.wav,1
/home/miro/Workspace/MachineLearningProjects/ww-trainer/experiments/hey_mycroft/dataset/negatives/processed/001811.wav,0
/home/miro/Workspace/MachineLearningProjects/ww-trainer/experiments/hey_mycroft/dataset/negatives/processed/001924.wav,0
/home/miro/Workspace/MachineLearningProjects/ww-trainer/experiments/hey_mycroft/dataset/negatives/processed/001113.wav,0
/home/miro/Workspace/MachineLearningProjects/ww-trainer/experiments/hey_mycroft/dataset/positives/processed/000110.wav,1
/home/miro/Workspace/MachineLearningProjects/ww-trainer/experiments/hey_mycroft/dataset/negatives/processed/000753.wav,0
/home/miro/Workspace/MachineLearningProjects/ww-trainer/experiments/hey_mycroft/dataset/negatives/processed/000048.wav,0
/home/miro/Workspace/MachineLearningProjects/ww-trainer/experiments/hey_mycroft/dataset/negatives/processed/000375.wav,0
/home/miro/Workspace/MachineLearningProjects/ww-trainer/experiments/hey_mycroft/dataset/negatives/processed/001414.wav,0
/home/miro/Workspace/MachineLearningProjects/ww-trainer/experiments/hey_mycroft/dataset/negatives/processed/000624.wav,0
/home/miro/Workspace/MachineLearningProjects/ww-trainer/experiments/hey_mycroft/dataset/negatives/processed/001156.wav,0
/home/miro/Workspace/MachineLearningProjects/ww-trainer/experiments/hey_mycroft/dataset/negatives/processed/000876.wav,0
/home/miro/Workspace/MachineLearningProjects/ww-trainer/experiments/hey_mycroft/dataset/negatives/processed/001092.wav,0
/home/miro/Workspace/MachineLearningProjects/ww-trainer/experiments/hey_mycroft/dataset/positives/processed/000118.wav,1
/home/miro/Workspace/MachineLearningProjects/ww-trainer/experiments/hey_mycroft/dataset/negatives/processed/000525.wav,0
/home/miro/Workspace/MachineLearningProjects/ww-trainer/experiments/hey_mycroft/dataset/negatives/processed/001285.wav,0
/home/miro/Workspace/MachineLearningProjects/ww-trainer/experiments/hey_mycroft/dataset/negatives/processed/000617.wav,0
/home/miro/Workspace/MachineLearningProjects/ww-trainer/experiments/hey_mycroft/dataset/negatives/processed/000707.wav,0
/home/miro/Workspace/MachineLearningProjects/ww-trainer/experiments/hey_mycroft/dataset/negatives/processed/001499.wav,0
/home/miro/Workspace/MachineLearningProjects/ww-trainer/experiments/hey_mycroft/dataset/negatives/processed/000403.wav,0
/home/miro/Workspace/MachineLearningProjects/ww-trainer/experiments/hey_mycroft/dataset/negatives/processed/001970.wav,0
/home/miro/Workspace/MachineLearningProjects/ww-trainer/experiments/hey_mycroft/dataset/negatives/processed/001736.wav,0
/home/miro/Workspace/MachineLearningProjects/ww-trainer/experiments/hey_mycroft/dataset/negatives/processed/001704.wav,0
/home/miro/Workspace/MachineLearningProjects/ww-trainer/experiments/hey_mycroft/dataset/negatives/processed/001216.wav,0
/home/miro/Workspace/MachineLearningProjects/ww-trainer/experiments/hey_mycroft/dataset/negatives/processed/001097.wav,0
/home/miro/Workspace/MachineLearningProjects/ww-trainer/experiments/hey_mycroft/dataset/negatives/processed/000723.wav,0
/home/miro/Workspace/MachineLearningProjects/ww-trainer/experiments/hey_mycroft/dataset/negatives/processed/000940.wav,0
/home/miro/Workspace/MachineLearningProjects/ww-trainer/experiments/hey_mycroft/dataset/positives/processed/000024.wav,1
/home/miro/Workspace/MachineLearningProjects/ww-trainer/experiments/hey_mycroft/dataset/negatives/processed/001453.wav,0
/home/miro/Workspace/MachineLearningProjects/ww-trainer/experiments/hey_mycroft/dataset/negatives/processed/001058.wav,0
/home/miro/Workspace/MachineLearningProjects/ww-trainer/experiments/hey_mycroft/dataset/negatives/processed/001858.wav,0
/home/miro/Workspace/MachineLearningProjects/ww-trainer/experiments/hey_mycroft/dataset/positives/processed/000080.wav,1
/home/miro/Workspace/MachineLearningProjects/ww-trainer/experiments/hey_mycroft/dataset/negatives/processed/000495.wav,0
/home/miro/Workspace/MachineLearningProjects/ww-trainer/experiments/hey_mycroft/dataset/negatives/processed/001095.wav,0
/home/miro/Workspace/MachineLearningProjects/ww-trainer/experiments/hey_mycroft/dataset/negatives/processed/001220.wav,0
/home/miro/Workspace/MachineLearningProjects/ww-trainer/experiments/hey_mycroft/dataset/negatives/processed/000347.wav,0
/home/miro/Workspace/MachineLearningProjects/ww-trainer/experiments/hey_mycroft/dataset/positives/processed/000255.wav,1
/home/miro/Workspace/MachineLearningProjects/ww-trainer/experiments/hey_mycroft/dataset/negatives/processed/001203.wav,0
/home/miro/Workspace/MachineLearningProjects/ww-trainer/experiments/hey_mycroft/dataset/negatives/processed/001408.wav,0
/home/miro/Workspace/MachineLearningProjects/ww-trainer/experiments/hey_mycroft/dataset/negatives/processed/001722.wav,0
/home/miro/Workspace/MachineLearningProjects/ww-trainer/experiments/hey_mycroft/dataset/negatives/processed/000855.wav,0
/home/miro/Workspace/MachineLearningProjects/ww-trainer/experiments/hey_mycroft/dataset/negatives/processed/001169.wav,0
/home/miro/Workspace/MachineLearningProjects/ww-trainer/experiments/hey_mycroft/dataset/negatives/processed/001199.wav,0
/home/miro/Workspace/MachineLearningProjects/ww-trainer/experiments/hey_mycroft/dataset/positives/processed/000263.wav,1
/home/miro/Workspace/MachineLearningProjects/ww-trainer/experiments/hey_mycroft/dataset/negatives/processed/000376.wav,0
/home/miro/Workspace/MachineLearningProjects/ww-trainer/experiments/hey_mycroft/dataset/negatives/processed/000125.wav,0
/home/miro/Workspace/MachineLearningProjects/ww-trainer/experiments/hey_mycroft/dataset/negatives/processed/001068.wav,0
/home/miro/Workspace/MachineLearningProjects/ww-trainer/experiments/hey_mycroft/dataset/negatives/processed/000447.wav,0
/home/miro/Workspace/MachineLearningProjects/ww-trainer/experiments/hey_mycroft/dataset/negatives/processed/000117.wav,0
/home/miro/Workspace/MachineLearningProjects/ww-trainer/experiments/hey_mycroft/dataset/negatives/processed/000706.wav,0
/home/miro/Workspace/MachineLearningProjects/ww-trainer/experiments/hey_mycroft/dataset/positives/processed/000330.wav,1
/home/miro/Workspace/MachineLearningProjects/ww-trainer/experiments/hey_mycroft/dataset/negatives/processed/001712.wav,0
/home/miro/Workspace/MachineLearningProjects/ww-trainer/experiments/hey_mycroft/dataset/negatives/processed/000809.wav,0
/home/miro/Workspace/MachineLearningProjects/ww-trainer/experiments/hey_mycroft/dataset/negatives/processed/000875.wav,0
/home/miro/Workspace/MachineLearningProjects/ww-trainer/experiments/hey_mycroft/dataset/negatives/processed/000612.wav,0
/home/miro/Workspace/MachineLearningProjects/ww-trainer/experiments/hey_mycroft/dataset/negatives/processed/000460.wav,0
/home/miro/Workspace/MachineLearningProjects/ww-trainer/experiments/hey_mycroft/dataset/negatives/processed/000670.wav,0
/home/miro/Workspace/MachineLearningProjects/ww-trainer/experiments/hey_mycroft/dataset/positives/processed/000317.wav,1
/home/miro/Workspace/MachineLearningProjects/ww-trainer/experiments/hey_mycroft/dataset/negatives/processed/001301.wav,0
/home/miro/Workspace/MachineLearningProjects/ww-trainer/experiments/hey_mycroft/dataset/negatives/processed/000624.wav,0
/home/miro/Workspace/MachineLearningProjects/ww-trainer/experiments/hey_mycroft/dataset/negatives/processed/000479.wav,0
/home/miro/Workspace/MachineLearningProjects/ww-trainer/experiments/hey_mycroft/dataset/negatives/processed/000067.wav,0
/home/miro/Workspace/MachineLearningProjects/ww-trainer/experiments/hey_mycroft/dataset/negatives/processed/001484.wav,0
/home/miro/Workspace/MachineLearningProjects/ww-trainer/experiments/hey_mycroft/dataset/negatives/processed/001635.wav,0
/home/miro/Workspace/MachineLearningProjects/ww-trainer/experiments/hey_mycroft/dataset/negatives/processed/000635.wav,0
/home/miro/Workspace/MachineLearningProjects/ww-trainer/experiments/hey_mycroft/dataset/negatives/processed/000111.wav,0
/home/miro/Workspace/MachineLearningProjects/ww-trainer/experiments/hey_mycroft/dataset/negatives/processed/000512.wav,0
/home/miro/Workspace/MachineLearningProjects/ww-trainer/experiments/hey_mycroft/dataset/negatives/processed/000561.wav,0
/home/miro/Workspace/MachineLearningProjects/ww-trainer/experiments/hey_mycroft/dataset/negatives/processed/001343.wav,0
/home/miro/Workspace/MachineLearningProjects/ww-trainer/experiments/hey_mycroft/dataset/negatives/processed/001444.wav,0
/home/miro/Workspace/MachineLearningProjects/ww-trainer/experiments/hey_mycroft/dataset/negatives/processed/000151.wav,0
/home/miro/Workspace/MachineLearningProjects/ww-trainer/experiments/hey_mycroft/dataset/negatives/processed/001326.wav,0
/home/miro/Workspace/MachineLearningProjects/ww-trainer/experiments/hey_mycroft/dataset/negatives/processed/000266.wav,0
/home/miro/Workspace/MachineLearningProjects/ww-trainer/experiments/hey_mycroft/dataset/negatives/processed/001247.wav,0
/home/miro/Workspace/MachineLearningProjects/ww-trainer/experiments/hey_mycroft/dataset/negatives/processed/001567.wav,0
/home/miro/Workspace/MachineLearningProjects/ww-trainer/experiments/hey_mycroft/dataset/negatives/processed/000009.wav,0
/home/miro/Workspace/MachineLearningProjects/ww-trainer/experiments/hey_mycroft/dataset/negatives/processed/001312.wav,0
/home/miro/Workspace/MachineLearningProjects/ww-trainer/experiments/hey_mycroft/dataset/negatives/processed/000799.wav,0
/home/miro/Workspace/MachineLearningProjects/ww-trainer/experiments/hey_mycroft/dataset/negatives/processed/001938.wav,0
/home/miro/Workspace/MachineLearningProjects/ww-trainer/experiments/hey_mycroft/dataset/negatives/processed/001789.wav,0
/home/miro/Workspace/MachineLearningProjects/ww-trainer/experiments/hey_mycroft/dataset/negatives/processed/000511.wav,0
/home/miro/Workspace/MachineLearningProjects/ww-trainer/experiments/hey_mycroft/dataset/negatives/processed/001403.wav,0
/home/miro/Workspace/MachineLearningProjects/ww-trainer/experiments/hey_mycroft/dataset/negatives/processed/000046.wav,0
/home/miro/Workspace/MachineLearningProjects/ww-trainer/experiments/hey_mycroft/dataset/negatives/processed/001369.wav,0
/home/miro/Workspace/MachineLearningProjects/ww-trainer/experiments/hey_mycroft/dataset/positives/processed/000497.wav,1
/home/miro/Workspace/MachineLearningProjects/ww-trainer/experiments/hey_mycroft/dataset/negatives/processed/000520.wav,0
/home/miro/Workspace/MachineLearningProjects/ww-trainer/experiments/hey_mycroft/dataset/negatives/processed/001783.wav,0
/home/miro/Workspace/MachineLearningProjects/ww-trainer/experiments/hey_mycroft/dataset/negatives/processed/000496.wav,0
/home/miro/Workspace/MachineLearningProjects/ww-trainer/experiments/hey_mycroft/dataset/negatives/processed/001402.wav,0
/home/miro/Workspace/MachineLearningProjects/ww-trainer/experiments/hey_mycroft/dataset/negatives/processed/001621.wav,0
/home/miro/Workspace/MachineLearningProjects/ww-trainer/experiments/hey_mycroft/dataset/negatives/processed/000220.wav,0
/home/miro/Workspace/MachineLearningProjects/ww-trainer/experiments/hey_mycroft/dataset/negatives/processed/000396.wav,0
/home/miro/Workspace/MachineLearningProjects/ww-trainer/experiments/hey_mycroft/dataset/negatives/processed/001241.wav,0
/home/miro/Workspace/MachineLearningProjects/ww-trainer/experiments/hey_mycroft/dataset/positives/processed/000436.wav,1
/home/miro/Workspace/MachineLearningProjects/ww-trainer/experiments/hey_mycroft/dataset/positives/processed/000022.wav,1
/home/miro/Workspace/MachineLearningProjects/ww-trainer/experiments/hey_mycroft/dataset/negatives/processed/000187.wav,0
/home/miro/Workspace/MachineLearningProjects/ww-trainer/experiments/hey_mycroft/dataset/negatives/processed/000104.wav,0
/home/miro/Workspace/MachineLearningProjects/ww-trainer/experiments/hey_mycroft/dataset/negatives/processed/000499.wav,0
/home/miro/Workspace/MachineLearningProjects/ww-trainer/experiments/hey_mycroft/dataset/negatives/processed/001136.wav,0
/home/miro/Workspace/MachineLearningProjects/ww-trainer/experiments/hey_mycroft/dataset/negatives/processed/001524.wav,0
/home/miro/Workspace/MachineLearningProjects/ww-trainer/experiments/hey_mycroft/dataset/negatives/processed/001072.wav,0
/home/miro/Workspace/MachineLearningProjects/ww-trainer/experiments/hey_mycroft/dataset/negatives/processed/000296.wav,0
/home/miro/Workspace/MachineLearningProjects/ww-trainer/experiments/hey_mycroft/dataset/negatives/processed/001857.wav,0
/home/miro/Workspace/MachineLearningProjects/ww-trainer/experiments/hey_mycroft/dataset/negatives/processed/000079.wav,0
/home/miro/Workspace/MachineLearningProjects/ww-trainer/experiments/hey_mycroft/dataset/negatives/processed/001197.wav,0
/home/miro/Workspace/MachineLearningProjects/ww-trainer/experiments/hey_mycroft/dataset/negatives/processed/001365.wav,0
/home/miro/Workspace/MachineLearningProjects/ww-trainer/experiments/hey_mycroft/dataset/positives/processed/000298.wav,1
/home/miro/Workspace/MachineLearningProjects/ww-trainer/experiments/hey_mycroft/dataset/negatives/processed/000003.wav,0
/home/miro/Workspace/MachineLearningProjects/ww-trainer/experiments/hey_mycroft/dataset/negatives/processed/000626.wav,0
/home/miro/Workspace/MachineLearningProjects/ww-trainer/experiments/hey_mycroft/dataset/negatives/processed/000751.wav,0
/home/miro/Workspace/MachineLearningProjects/ww-trainer/experiments/hey_mycroft/dataset/positives/processed/000189.wav,1
/home/miro/Workspace/MachineLearningProjects/ww-trainer/experiments/hey_mycroft/dataset/positives/processed/000100.wav,1
/home/miro/Workspace/MachineLearningProjects/ww-trainer/experiments/hey_mycroft/dataset/negatives/processed/000103.wav,0
/home/miro/Workspace/MachineLearningProjects/ww-trainer/experiments/hey_mycroft/dataset/negatives/processed/000315.wav,0
/home/miro/Workspace/MachineLearningProjects/ww-trainer/experiments/hey_mycroft/dataset/negatives/processed/000602.wav,0
/home/miro/Workspace/MachineLearningProjects/ww-trainer/experiments/hey_mycroft/dataset/negatives/processed/000771.wav,0
/home/miro/Workspace/MachineLearningProjects/ww-trainer/experiments/hey_mycroft/dataset/negatives/processed/000462.wav,0
/home/miro/Workspace/MachineLearningProjects/ww-trainer/experiments/hey_mycroft/dataset/negatives/processed/000529.wav,0
/home/miro/Workspace/MachineLearningProjects/ww-trainer/experiments/hey_mycroft/dataset/negatives/processed/000872.wav,0
/home/miro/Workspace/MachineLearningProjects/ww-trainer/experiments/hey_mycroft/dataset/negatives/processed/000474.wav,0
/home/miro/Workspace/MachineLearningProjects/ww-trainer/experiments/hey_mycroft/dataset/negatives/processed/000092.wav,0
/home/miro/Workspace/MachineLearningProjects/ww-trainer/experiments/hey_mycroft/dataset/negatives/processed/000219.wav,0
/home/miro/Workspace/MachineLearningProjects/ww-trainer/experiments/hey_mycroft/dataset/negatives/processed/001611.wav,0
/home/miro/Workspace/MachineLearningProjects/ww-trainer/experiments/hey_mycroft/dataset/negatives/processed/000662.wav,0
/home/miro/Workspace/MachineLearningProjects/ww-trainer/experiments/hey_mycroft/dataset/positives/processed/000347.wav,1
/home/miro/Workspace/MachineLearningProjects/ww-trainer/experiments/hey_mycroft/dataset/negatives/processed/000198.wav,0
/home/miro/Workspace/MachineLearningProjects/ww-trainer/experiments/hey_mycroft/dataset/negatives/processed/000195.wav,0
/home/miro/Workspace/MachineLearningProjects/ww-trainer/experiments/hey_mycroft/dataset/negatives/processed/001438.wav,0
/home/miro/Workspace/MachineLearningProjects/ww-trainer/experiments/hey_mycroft/dataset/negatives/processed/001593.wav,0
/home/miro/Workspace/MachineLearningProjects/ww-trainer/experiments/hey_mycroft/dataset/negatives/processed/000523.wav,0
/home/miro/Workspace/MachineLearningProjects/ww-trainer/experiments/hey_mycroft/dataset/negatives/processed/001311.wav,0
/home/miro/Workspace/MachineLearningProjects/ww-trainer/experiments/hey_mycroft/dataset/negatives/processed/000391.wav,0
/home/miro/Workspace/MachineLearningProjects/ww-trainer/experiments/hey_mycroft/dataset/negatives/processed/001404.wav,0
/home/miro/Workspace/MachineLearningProjects/ww-trainer/experiments/hey_mycroft/dataset/negatives/processed/000819.wav,0
/home/miro/Workspace/MachineLearningProjects/ww-trainer/experiments/hey_mycroft/dataset/negatives/processed/000181.wav,0
/home/miro/Workspace/MachineLearningProjects/ww-trainer/experiments/hey_mycroft/dataset/negatives/processed/000621.wav,0
/home/miro/Workspace/MachineLearningProjects/ww-trainer/experiments/hey_mycroft/dataset/negatives/processed/001875.wav,0
/home/miro/Workspace/MachineLearningProjects/ww-trainer/experiments/hey_mycroft/dataset/negatives/processed/000376.wav,0
/home/miro/Workspace/MachineLearningProjects/ww-trainer/experiments/hey_mycroft/dataset/negatives/processed/000369.wav,0
/home/miro/Workspace/MachineLearningProjects/ww-trainer/experiments/hey_mycroft/dataset/negatives/processed/000675.wav,0
/home/miro/Workspace/MachineLearningProjects/ww-trainer/experiments/hey_mycroft/dataset/negatives/processed/000744.wav,0
/home/miro/Workspace/MachineLearningProjects/ww-trainer/experiments/hey_mycroft/dataset/positives/processed/000001.wav,1
/home/miro/Workspace/MachineLearningProjects/ww-trainer/experiments/hey_mycroft/dataset/negatives/processed/001744.wav,0
/home/miro/Workspace/MachineLearningProjects/ww-trainer/experiments/hey_mycroft/dataset/negatives/processed/001163.wav,0
/home/miro/Workspace/MachineLearningProjects/ww-trainer/experiments/hey_mycroft/dataset/negatives/processed/000732.wav,0
/home/miro/Workspace/MachineLearningProjects/ww-trainer/experiments/hey_mycroft/dataset/negatives/processed/001831.wav,0
/home/miro/Workspace/MachineLearningProjects/ww-trainer/experiments/hey_mycroft/dataset/negatives/processed/000021.wav,0
/home/miro/Workspace/MachineLearningProjects/ww-trainer/experiments/hey_mycroft/dataset/negatives/processed/000212.wav,0
/home/miro/Workspace/MachineLearningProjects/ww-trainer/experiments/hey_mycroft/dataset/negatives/processed/000519.wav,0
/home/miro/Workspace/MachineLearningProjects/ww-trainer/experiments/hey_mycroft/dataset/negatives/processed/000223.wav,0
/home/miro/Workspace/MachineLearningProjects/ww-trainer/experiments/hey_mycroft/dataset/negatives/processed/001222.wav,0
/home/miro/Workspace/MachineLearningProjects/ww-trainer/experiments/hey_mycroft/dataset/negatives/processed/000285.wav,0
/home/miro/Workspace/MachineLearningProjects/ww-trainer/experiments/hey_mycroft/dataset/negatives/processed/000021.wav,0
/home/miro/Workspace/MachineLearningProjects/ww-trainer/experiments/hey_mycroft/dataset/negatives/processed/001770.wav,0
/home/miro/Workspace/MachineLearningProjects/ww-trainer/experiments/hey_mycroft/dataset/negatives/processed/000711.wav,0
/home/miro/Workspace/MachineLearningProjects/ww-trainer/experiments/hey_mycroft/dataset/negatives/processed/001148.wav,0
/home/miro/Workspace/MachineLearningProjects/ww-trainer/experiments/hey_mycroft/dataset/negatives/processed/000836.wav,0
/home/miro/Workspace/MachineLearningProjects/ww-trainer/experiments/hey_mycroft/dataset/negatives/processed/001172.wav,0
/home/miro/Workspace/MachineLearningProjects/ww-trainer/experiments/hey_mycroft/dataset/negatives/processed/000366.wav,0
/home/miro/Workspace/MachineLearningProjects/ww-trainer/experiments/hey_mycroft/dataset/negatives/processed/000766.wav,0
/home/miro/Workspace/MachineLearningProjects/ww-trainer/experiments/hey_mycroft/dataset/negatives/processed/001577.wav,0
/home/miro/Workspace/MachineLearningProjects/ww-trainer/experiments/hey_mycroft/dataset/negatives/processed/000730.wav,0
/home/miro/Workspace/MachineLearningProjects/ww-trainer/experiments/hey_mycroft/dataset/negatives/processed/000010.wav,0
/home/miro/Workspace/MachineLearningProjects/ww-trainer/experiments/hey_mycroft/dataset/negatives/processed/000423.wav,0
/home/miro/Workspace/MachineLearningProjects/ww-trainer/experiments/hey_mycroft/dataset/negatives/processed/000785.wav,0
/home/miro/Workspace/MachineLearningProjects/ww-trainer/experiments/hey_mycroft/dataset/negatives/processed/000052.wav,0
/home/miro/Workspace/MachineLearningProjects/ww-trainer/experiments/hey_mycroft/dataset/negatives/processed/000852.wav,0
/home/miro/Workspace/MachineLearningProjects/ww-trainer/experiments/hey_mycroft/dataset/negatives/processed/000220.wav,0
/home/miro/Workspace/MachineLearningProjects/ww-trainer/experiments/hey_mycroft/dataset/positives/processed/000286.wav,1
/home/miro/Workspace/MachineLearningProjects/ww-trainer/experiments/hey_mycroft/dataset/negatives/processed/001266.wav,0
/home/miro/Workspace/MachineLearningProjects/ww-trainer/experiments/hey_mycroft/dataset/negatives/processed/000991.wav,0
/home/miro/Workspace/MachineLearningProjects/ww-trainer/experiments/hey_mycroft/dataset/negatives/processed/000307.wav,0
/home/miro/Workspace/MachineLearningProjects/ww-trainer/experiments/hey_mycroft/dataset/negatives/processed/000246.wav,0
/home/miro/Workspace/MachineLearningProjects/ww-trainer/experiments/hey_mycroft/dataset/negatives/processed/001705.wav,0
/home/miro/Workspace/MachineLearningProjects/ww-trainer/experiments/hey_mycroft/dataset/negatives/processed/001629.wav,0
/home/miro/Workspace/MachineLearningProjects/ww-trainer/experiments/hey_mycroft/dataset/positives/processed/000006.wav,1
/home/miro/Workspace/MachineLearningProjects/ww-trainer/experiments/hey_mycroft/dataset/negatives/processed/001286.wav,0
/home/miro/Workspace/MachineLearningProjects/ww-trainer/experiments/hey_mycroft/dataset/positives/processed/000181.wav,1
/home/miro/Workspace/MachineLearningProjects/ww-trainer/experiments/hey_mycroft/dataset/negatives/processed/000543.wav,0
/home/miro/Workspace/MachineLearningProjects/ww-trainer/experiments/hey_mycroft/dataset/negatives/processed/000278.wav,0
/home/miro/Workspace/MachineLearningProjects/ww-trainer/experiments/hey_mycroft/dataset/negatives/processed/001861.wav,0
/home/miro/Workspace/MachineLearningProjects/ww-trainer/experiments/hey_mycroft/dataset/negatives/processed/001077.wav,0
/home/miro/Workspace/MachineLearningProjects/ww-trainer/experiments/hey_mycroft/dataset/positives/processed/000473.wav,1
/home/miro/Workspace/MachineLearningProjects/ww-trainer/experiments/hey_mycroft/dataset/negatives/processed/001594.wav,0
/home/miro/Workspace/MachineLearningProjects/ww-trainer/experiments/hey_mycroft/dataset/negatives/processed/001983.wav,0
/home/miro/Workspace/MachineLearningProjects/ww-trainer/experiments/hey_mycroft/dataset/negatives/processed/001287.wav,0
/home/miro/Workspace/MachineLearningProjects/ww-trainer/experiments/hey_mycroft/dataset/negatives/processed/000498.wav,0
/home/miro/Workspace/MachineLearningProjects/ww-trainer/experiments/hey_mycroft/dataset/negatives/processed/000915.wav,0
/home/miro/Workspace/MachineLearningProjects/ww-trainer/experiments/hey_mycroft/dataset/negatives/processed/001279.wav,0
/home/miro/Workspace/MachineLearningProjects/ww-trainer/experiments/hey_mycroft/dataset/negatives/processed/001943.wav,0
/home/miro/Workspace/MachineLearningProjects/ww-trainer/experiments/hey_mycroft/dataset/positives/processed/000444.wav,1
/home/miro/Workspace/MachineLearningProjects/ww-trainer/experiments/hey_mycroft/dataset/positives/processed/000156.wav,1
/home/miro/Workspace/MachineLearningProjects/ww-trainer/experiments/hey_mycroft/dataset/negatives/processed/000460.wav,0
/home/miro/Workspace/MachineLearningProjects/ww-trainer/experiments/hey_mycroft/dataset/negatives/processed/001878.wav,0
/home/miro/Workspace/MachineLearningProjects/ww-trainer/experiments/hey_mycroft/dataset/negatives/processed/000663.wav,0
/home/miro/Workspace/MachineLearningProjects/ww-trainer/experiments/hey_mycroft/dataset/negatives/processed/000569.wav,0
/home/miro/Workspace/MachineLearningProjects/ww-trainer/experiments/hey_mycroft/dataset/negatives/processed/000419.wav,0
/home/miro/Workspace/MachineLearningProjects/ww-trainer/experiments/hey_mycroft/dataset/positives/processed/000113.wav,1
/home/miro/Workspace/MachineLearningProjects/ww-trainer/experiments/hey_mycroft/dataset/negatives/processed/000856.wav,0
/home/miro/Workspace/MachineLearningProjects/ww-trainer/experiments/hey_mycroft/dataset/negatives/processed/000545.wav,0
/home/miro/Workspace/MachineLearningProjects/ww-trainer/experiments/hey_mycroft/dataset/negatives/processed/000283.wav,0
/home/miro/Workspace/MachineLearningProjects/ww-trainer/experiments/hey_mycroft/dataset/negatives/processed/001137.wav,0
/home/miro/Workspace/MachineLearningProjects/ww-trainer/experiments/hey_mycroft/dataset/negatives/processed/001586.wav,0
/home/miro/Workspace/MachineLearningProjects/ww-trainer/experiments/hey_mycroft/dataset/negatives/processed/000127.wav,0
/home/miro/Workspace/MachineLearningProjects/ww-trainer/experiments/hey_mycroft/dataset/negatives/processed/000938.wav,0
/home/miro/Workspace/MachineLearningProjects/ww-trainer/experiments/hey_mycroft/dataset/negatives/processed/000643.wav,0
/home/miro/Workspace/MachineLearningProjects/ww-trainer/experiments/hey_mycroft/dataset/negatives/processed/000780.wav,0
/home/miro/Workspace/MachineLearningProjects/ww-trainer/experiments/hey_mycroft/dataset/negatives/processed/000641.wav,0
/home/miro/Workspace/MachineLearningProjects/ww-trainer/experiments/hey_mycroft/dataset/negatives/processed/000844.wav,0
/home/miro/Workspace/MachineLearningProjects/ww-trainer/experiments/hey_mycroft/dataset/negatives/processed/001132.wav,0
/home/miro/Workspace/MachineLearningProjects/ww-trainer/experiments/hey_mycroft/dataset/negatives/processed/000291.wav,0
/home/miro/Workspace/MachineLearningProjects/ww-trainer/experiments/hey_mycroft/dataset/negatives/processed/000203.wav,0
/home/miro/Workspace/MachineLearningProjects/ww-trainer/experiments/hey_mycroft/dataset/positives/processed/000096.wav,1
/home/miro/Workspace/MachineLearningProjects/ww-trainer/experiments/hey_mycroft/dataset/negatives/processed/000413.wav,0
/home/miro/Workspace/MachineLearningProjects/ww-trainer/experiments/hey_mycroft/dataset/negatives/processed/000432.wav,0
/home/miro/Workspace/MachineLearningProjects/ww-trainer/experiments/hey_mycroft/dataset/negatives/processed/000750.wav,0
/home/miro/Workspace/MachineLearningProjects/ww-trainer/experiments/hey_mycroft/dataset/negatives/processed/000932.wav,0
/home/miro/Workspace/MachineLearningProjects/ww-trainer/experiments/hey_mycroft/dataset/negatives/processed/001385.wav,0
/home/miro/Workspace/MachineLearningProjects/ww-trainer/experiments/hey_mycroft/dataset/negatives/processed/000317.wav,0
/home/miro/Workspace/MachineLearningProjects/ww-trainer/experiments/hey_mycroft/dataset/negatives/processed/000411.wav,0
/home/miro/Workspace/MachineLearningProjects/ww-trainer/experiments/hey_mycroft/dataset/negatives/processed/001427.wav,0
/home/miro/Workspace/MachineLearningProjects/ww-trainer/experiments/hey_mycroft/dataset/positives/processed/000158.wav,1
/home/miro/Workspace/MachineLearningProjects/ww-trainer/experiments/hey_mycroft/dataset/negatives/processed/001066.wav,0
/home/miro/Workspace/MachineLearningProjects/ww-trainer/experiments/hey_mycroft/dataset/positives/processed/000442.wav,1
/home/miro/Workspace/MachineLearningProjects/ww-trainer/experiments/hey_mycroft/dataset/negatives/processed/000152.wav,0
/home/miro/Workspace/MachineLearningProjects/ww-trainer/experiments/hey_mycroft/dataset/negatives/processed/000739.wav,0
/home/miro/Workspace/MachineLearningProjects/ww-trainer/experiments/hey_mycroft/dataset/negatives/processed/000516.wav,0
/home/miro/Workspace/MachineLearningProjects/ww-trainer/experiments/hey_mycroft/dataset/negatives/processed/000464.wav,0
/home/miro/Workspace/MachineLearningProjects/ww-trainer/experiments/hey_mycroft/dataset/negatives/processed/001186.wav,0
/home/miro/Workspace/MachineLearningProjects/ww-trainer/experiments/hey_mycroft/dataset/negatives/processed/000860.wav,0
/home/miro/Workspace/MachineLearningProjects/ww-trainer/experiments/hey_mycroft/dataset/negatives/processed/000234.wav,0
/home/miro/Workspace/MachineLearningProjects/ww-trainer/experiments/hey_mycroft/dataset/positives/processed/000101.wav,1
/home/miro/Workspace/MachineLearningProjects/ww-trainer/experiments/hey_mycroft/dataset/negatives/processed/001188.wav,0
/home/miro/Workspace/MachineLearningProjects/ww-trainer/experiments/hey_mycroft/dataset/negatives/processed/000225.wav,0
/home/miro/Workspace/MachineLearningProjects/ww-trainer/experiments/hey_mycroft/dataset/negatives/processed/000165.wav,0
/home/miro/Workspace/MachineLearningProjects/ww-trainer/experiments/hey_mycroft/dataset/negatives/processed/000469.wav,0
/home/miro/Workspace/MachineLearningProjects/ww-trainer/experiments/hey_mycroft/dataset/negatives/processed/000133.wav,0
/home/miro/Workspace/MachineLearningProjects/ww-trainer/experiments/hey_mycroft/dataset/negatives/processed/000042.wav,0
/home/miro/Workspace/MachineLearningProjects/ww-trainer/experiments/hey_mycroft/dataset/negatives/processed/000526.wav,0
/home/miro/Workspace/MachineLearningProjects/ww-trainer/experiments/hey_mycroft/dataset/negatives/processed/001793.wav,0
/home/miro/Workspace/MachineLearningProjects/ww-trainer/experiments/hey_mycroft/dataset/negatives/processed/000948.wav,0
/home/miro/Workspace/MachineLearningProjects/ww-trainer/experiments/hey_mycroft/dataset/positives/processed/000421.wav,1
/home/miro/Workspace/MachineLearningProjects/ww-trainer/experiments/hey_mycroft/dataset/negatives/processed/000231.wav,0
/home/miro/Workspace/MachineLearningProjects/ww-trainer/experiments/hey_mycroft/dataset/negatives/processed/000522.wav,0
/home/miro/Workspace/MachineLearningProjects/ww-trainer/experiments/hey_mycroft/dataset/negatives/processed/000293.wav,0
/home/miro/Workspace/MachineLearningProjects/ww-trainer/experiments/hey_mycroft/dataset/negatives/processed/000360.wav,0
/home/miro/Workspace/MachineLearningProjects/ww-trainer/experiments/hey_mycroft/dataset/negatives/processed/000965.wav,0
/home/miro/Workspace/MachineLearningProjects/ww-trainer/experiments/hey_mycroft/dataset/positives/processed/000163.wav,1
/home/miro/Workspace/MachineLearningProjects/ww-trainer/experiments/hey_mycroft/dataset/negatives/processed/000993.wav,0
/home/miro/Workspace/MachineLearningProjects/ww-trainer/experiments/hey_mycroft/dataset/negatives/processed/000762.wav,0
/home/miro/Workspace/MachineLearningProjects/ww-trainer/experiments/hey_mycroft/dataset/positives/processed/000171.wav,1
/home/miro/Workspace/MachineLearningProjects/ww-trainer/experiments/hey_mycroft/dataset/negatives/processed/000022.wav,0
/home/miro/Workspace/MachineLearningProjects/ww-trainer/experiments/hey_mycroft/dataset/negatives/processed/001260.wav,0
/home/miro/Workspace/MachineLearningProjects/ww-trainer/experiments/hey_mycroft/dataset/negatives/processed/000106.wav,0
/home/miro/Workspace/MachineLearningProjects/ww-trainer/experiments/hey_mycroft/dataset/negatives/processed/001763.wav,0
/home/miro/Workspace/MachineLearningProjects/ww-trainer/experiments/hey_mycroft/dataset/negatives/processed/001885.wav,0
/home/miro/Workspace/MachineLearningProjects/ww-trainer/experiments/hey_mycroft/dataset/negatives/processed/001012.wav,0
/home/miro/Workspace/MachineLearningProjects/ww-trainer/experiments/hey_mycroft/dataset/positives/processed/000147.wav,1
/home/miro/Workspace/MachineLearningProjects/ww-trainer/experiments/hey_mycroft/dataset/negatives/processed/001734.wav,0
/home/miro/Workspace/MachineLearningProjects/ww-trainer/experiments/hey_mycroft/dataset/negatives/processed/000110.wav,0
/home/miro/Workspace/MachineLearningProjects/ww-trainer/experiments/hey_mycroft/dataset/negatives/processed/000330.wav,0
/home/miro/Workspace/MachineLearningProjects/ww-trainer/experiments/hey_mycroft/dataset/negatives/processed/000848.wav,0
/home/miro/Workspace/MachineLearningProjects/ww-trainer/experiments/hey_mycroft/dataset/negatives/processed/000643.wav,0
/home/miro/Workspace/MachineLearningProjects/ww-trainer/experiments/hey_mycroft/dataset/positives/processed/000039.wav,1
/home/miro/Workspace/MachineLearningProjects/ww-trainer/experiments/hey_mycroft/dataset/negatives/processed/001797.wav,0
/home/miro/Workspace/MachineLearningProjects/ww-trainer/experiments/hey_mycroft/dataset/negatives/processed/001251.wav,0
/home/miro/Workspace/MachineLearningProjects/ww-trainer/experiments/hey_mycroft/dataset/negatives/processed/001759.wav,0
/home/miro/Workspace/MachineLearningProjects/ww-trainer/experiments/hey_mycroft/dataset/negatives/processed/001309.wav,0
/home/miro/Workspace/MachineLearningProjects/ww-trainer/experiments/hey_mycroft/dataset/negatives/processed/000651.wav,0
/home/miro/Workspace/MachineLearningProjects/ww-trainer/experiments/hey_mycroft/dataset/negatives/processed/000572.wav,0
/home/miro/Workspace/MachineLearningProjects/ww-trainer/experiments/hey_mycroft/dataset/negatives/processed/000109.wav,0
/home/miro/Workspace/MachineLearningProjects/ww-trainer/experiments/hey_mycroft/dataset/negatives/processed/000035.wav,0
/home/miro/Workspace/MachineLearningProjects/ww-trainer/experiments/hey_mycroft/dataset/negatives/processed/000866.wav,0
/home/miro/Workspace/MachineLearningProjects/ww-trainer/experiments/hey_mycroft/dataset/positives/processed/000014.wav,1
/home/miro/Workspace/MachineLearningProjects/ww-trainer/experiments/hey_mycroft/dataset/positives/processed/000180.wav,1
/home/miro/Workspace/MachineLearningProjects/ww-trainer/experiments/hey_mycroft/dataset/negatives/processed/000633.wav,0
/home/miro/Workspace/MachineLearningProjects/ww-trainer/experiments/hey_mycroft/dataset/negatives/processed/000562.wav,0
/home/miro/Workspace/MachineLearningProjects/ww-trainer/experiments/hey_mycroft/dataset/negatives/processed/000098.wav,0
/home/miro/Workspace/MachineLearningProjects/ww-trainer/experiments/hey_mycroft/dataset/positives/processed/000378.wav,1
/home/miro/Workspace/MachineLearningProjects/ww-trainer/experiments/hey_mycroft/dataset/positives/processed/000208.wav,1
/home/miro/Workspace/MachineLearningProjects/ww-trainer/experiments/hey_mycroft/dataset/negatives/processed/000528.wav,0
/home/miro/Workspace/MachineLearningProjects/ww-trainer/experiments/hey_mycroft/dataset/negatives/processed/000645.wav,0
/home/miro/Workspace/MachineLearningProjects/ww-trainer/experiments/hey_mycroft/dataset/negatives/processed/001570.wav,0
/home/miro/Workspace/MachineLearningProjects/ww-trainer/experiments/hey_mycroft/dataset/negatives/processed/000581.wav,0
/home/miro/Workspace/MachineLearningProjects/ww-trainer/experiments/hey_mycroft/dataset/negatives/processed/000097.wav,0
/home/miro/Workspace/MachineLearningProjects/ww-trainer/experiments/hey_mycroft/dataset/negatives/processed/000315.wav,0
/home/miro/Workspace/MachineLearningProjects/ww-trainer/experiments/hey_mycroft/dataset/negatives/processed/000333.wav,0
/home/miro/Workspace/MachineLearningProjects/ww-trainer/experiments/hey_mycroft/dataset/negatives/processed/000904.wav,0
/home/miro/Workspace/MachineLearningProjects/ww-trainer/experiments/hey_mycroft/dataset/negatives/processed/000362.wav,0
/home/miro/Workspace/MachineLearningProjects/ww-trainer/experiments/hey_mycroft/dataset/negatives/processed/001977.wav,0
/home/miro/Workspace/MachineLearningProjects/ww-trainer/experiments/hey_mycroft/dataset/negatives/processed/000654.wav,0
/home/miro/Workspace/MachineLearningProjects/ww-trainer/experiments/hey_mycroft/dataset/negatives/processed/000615.wav,0
/home/miro/Workspace/MachineLearningProjects/ww-trainer/experiments/hey_mycroft/dataset/negatives/processed/000807.wav,0
/home/miro/Workspace/MachineLearningProjects/ww-trainer/experiments/hey_mycroft/dataset/negatives/processed/000686.wav,0
/home/miro/Workspace/MachineLearningProjects/ww-trainer/experiments/hey_mycroft/dataset/positives/processed/000438.wav,1
/home/miro/Workspace/MachineLearningProjects/ww-trainer/experiments/hey_mycroft/dataset/positives/processed/000472.wav,1
/home/miro/Workspace/MachineLearningProjects/ww-trainer/experiments/hey_mycroft/dataset/negatives/processed/000796.wav,0
/home/miro/Workspace/MachineLearningProjects/ww-trainer/experiments/hey_mycroft/dataset/negatives/processed/000050.wav,0
/home/miro/Workspace/MachineLearningProjects/ww-trainer/experiments/hey_mycroft/dataset/positives/processed/000424.wav,1
/home/miro/Workspace/MachineLearningProjects/ww-trainer/experiments/hey_mycroft/dataset/negatives/processed/000217.wav,0
/home/miro/Workspace/MachineLearningProjects/ww-trainer/experiments/hey_mycroft/dataset/negatives/processed/000726.wav,0
/home/miro/Workspace/MachineLearningProjects/ww-trainer/experiments/hey_mycroft/dataset/negatives/processed/001771.wav,0
/home/miro/Workspace/MachineLearningProjects/ww-trainer/experiments/hey_mycroft/dataset/negatives/processed/000235.wav,0
/home/miro/Workspace/MachineLearningProjects/ww-trainer/experiments/hey_mycroft/dataset/positives/processed/000032.wav,1
/home/miro/Workspace/MachineLearningProjects/ww-trainer/experiments/hey_mycroft/dataset/negatives/processed/001666.wav,0
/home/miro/Workspace/MachineLearningProjects/ww-trainer/experiments/hey_mycroft/dataset/negatives/processed/000178.wav,0
/home/miro/Workspace/MachineLearningProjects/ww-trainer/experiments/hey_mycroft/dataset/negatives/processed/000005.wav,0
/home/miro/Workspace/MachineLearningProjects/ww-trainer/experiments/hey_mycroft/dataset/negatives/processed/000739.wav,0
/home/miro/Workspace/MachineLearningProjects/ww-trainer/experiments/hey_mycroft/dataset/negatives/processed/000381.wav,0
/home/miro/Workspace/MachineLearningProjects/ww-trainer/experiments/hey_mycroft/dataset/negatives/processed/001725.wav,0
/home/miro/Workspace/MachineLearningProjects/ww-trainer/experiments/hey_mycroft/dataset/negatives/processed/000607.wav,0
/home/miro/Workspace/MachineLearningProjects/ww-trainer/experiments/hey_mycroft/dataset/negatives/processed/000146.wav,0
/home/miro/Workspace/MachineLearningProjects/ww-trainer/experiments/hey_mycroft/dataset/negatives/processed/000667.wav,0
/home/miro/Workspace/MachineLearningProjects/ww-trainer/experiments/hey_mycroft/dataset/negatives/processed/001013.wav,0
/home/miro/Workspace/MachineLearningProjects/ww-trainer/experiments/hey_mycroft/dataset/negatives/processed/000500.wav,0
/home/miro/Workspace/MachineLearningProjects/ww-trainer/experiments/hey_mycroft/dataset/positives/processed/000281.wav,1
/home/miro/Workspace/MachineLearningProjects/ww-trainer/experiments/hey_mycroft/dataset/negatives/processed/000929.wav,0
/home/miro/Workspace/MachineLearningProjects/ww-trainer/experiments/hey_mycroft/dataset/negatives/processed/000042.wav,0
/home/miro/Workspace/MachineLearningProjects/ww-trainer/experiments/hey_mycroft/dataset/negatives/processed/000843.wav,0
/home/miro/Workspace/MachineLearningProjects/ww-trainer/experiments/hey_mycroft/dataset/negatives/processed/001572.wav,0
/home/miro/Workspace/MachineLearningProjects/ww-trainer/experiments/hey_mycroft/dataset/negatives/processed/000373.wav,0
/home/miro/Workspace/MachineLearningProjects/ww-trainer/experiments/hey_mycroft/dataset/negatives/processed/001702.wav,0
/home/miro/Workspace/MachineLearningProjects/ww-trainer/experiments/hey_mycroft/dataset/positives/processed/000300.wav,1
/home/miro/Workspace/MachineLearningProjects/ww-trainer/experiments/hey_mycroft/dataset/positives/processed/000409.wav,1
/home/miro/Workspace/MachineLearningProjects/ww-trainer/experiments/hey_mycroft/dataset/negatives/processed/001806.wav,0
/home/miro/Workspace/MachineLearningProjects/ww-trainer/experiments/hey_mycroft/dataset/negatives/processed/000044.wav,0
/home/miro/Workspace/MachineLearningProjects/ww-trainer/experiments/hey_mycroft/dataset/negatives/processed/001377.wav,0
/home/miro/Workspace/MachineLearningProjects/ww-trainer/experiments/hey_mycroft/dataset/positives/processed/000038.wav,1
/home/miro/Workspace/MachineLearningProjects/ww-trainer/experiments/hey_mycroft/dataset/positives/processed/000297.wav,1
/home/miro/Workspace/MachineLearningProjects/ww-trainer/experiments/hey_mycroft/dataset/negatives/processed/000467.wav,0
/home/miro/Workspace/MachineLearningProjects/ww-trainer/experiments/hey_mycroft/dataset/negatives/processed/001372.wav,0
/home/miro/Workspace/MachineLearningProjects/ww-trainer/experiments/hey_mycroft/dataset/negatives/processed/000728.wav,0
/home/miro/Workspace/MachineLearningProjects/ww-trainer/experiments/hey_mycroft/dataset/negatives/processed/000143.wav,0
/home/miro/Workspace/MachineLearningProjects/ww-trainer/experiments/hey_mycroft/dataset/negatives/processed/000610.wav,0
/home/miro/Workspace/MachineLearningProjects/ww-trainer/experiments/hey_mycroft/dataset/negatives/processed/000036.wav,0
/home/miro/Workspace/MachineLearningProjects/ww-trainer/experiments/hey_mycroft/dataset/negatives/processed/001121.wav,0
/home/miro/Workspace/MachineLearningProjects/ww-trainer/experiments/hey_mycroft/dataset/negatives/processed/000587.wav,0
/home/miro/Workspace/MachineLearningProjects/ww-trainer/experiments/hey_mycroft/dataset/negatives/processed/000477.wav,0
/home/miro/Workspace/MachineLearningProjects/ww-trainer/experiments/hey_mycroft/dataset/negatives/processed/000786.wav,0
/home/miro/Workspace/MachineLearningProjects/ww-trainer/experiments/hey_mycroft/dataset/negatives/processed/000433.wav,0
/home/miro/Workspace/MachineLearningProjects/ww-trainer/experiments/hey_mycroft/dataset/negatives/processed/000243.wav,0
/home/miro/Workspace/MachineLearningProjects/ww-trainer/experiments/hey_mycroft/dataset/negatives/processed/000336.wav,0
/home/miro/Workspace/MachineLearningProjects/ww-trainer/experiments/hey_mycroft/dataset/negatives/processed/000568.wav,0
/home/miro/Workspace/MachineLearningProjects/ww-trainer/experiments/hey_mycroft/dataset/negatives/processed/000795.wav,0
/home/miro/Workspace/MachineLearningProjects/ww-trainer/experiments/hey_mycroft/dataset/negatives/processed/001641.wav,0
/home/miro/Workspace/MachineLearningProjects/ww-trainer/experiments/hey_mycroft/dataset/negatives/processed/001815.wav,0
/home/miro/Workspace/MachineLearningProjects/ww-trainer/experiments/hey_mycroft/dataset/negatives/processed/000710.wav,0
/home/miro/Workspace/MachineLearningProjects/ww-trainer/experiments/hey_mycroft/dataset/negatives/processed/000192.wav,0
/home/miro/Workspace/MachineLearningProjects/ww-trainer/experiments/hey_mycroft/dataset/negatives/processed/001217.wav,0
/home/miro/Workspace/MachineLearningProjects/ww-trainer/experiments/hey_mycroft/dataset/positives/processed/000335.wav,1
/home/miro/Workspace/MachineLearningProjects/ww-trainer/experiments/hey_mycroft/dataset/negatives/processed/000036.wav,0
/home/miro/Workspace/MachineLearningProjects/ww-trainer/experiments/hey_mycroft/dataset/positives/processed/000162.wav,1
/home/miro/Workspace/MachineLearningProjects/ww-trainer/experiments/hey_mycroft/dataset/negatives/processed/001935.wav,0
/home/miro/Workspace/MachineLearningProjects/ww-trainer/experiments/hey_mycroft/dataset/negatives/processed/001871.wav,0
/home/miro/Workspace/MachineLearningProjects/ww-trainer/experiments/hey_mycroft/dataset/negatives/processed/000508.wav,0
/home/miro/Workspace/MachineLearningProjects/ww-trainer/experiments/hey_mycroft/dataset/negatives/processed/001833.wav,0
/home/miro/Workspace/MachineLearningProjects/ww-trainer/experiments/hey_mycroft/dataset/positives/processed/000491.wav,1
/home/miro/Workspace/MachineLearningProjects/ww-trainer/experiments/hey_mycroft/dataset/negatives/processed/001153.wav,0
/home/miro/Workspace/MachineLearningProjects/ww-trainer/experiments/hey_mycroft/dataset/negatives/processed/000463.wav,0
/home/miro/Workspace/MachineLearningProjects/ww-trainer/experiments/hey_mycroft/dataset/negatives/processed/000265.wav,0
/home/miro/Workspace/MachineLearningProjects/ww-trainer/experiments/hey_mycroft/dataset/positives/processed/000278.wav,1
/home/miro/Workspace/MachineLearningProjects/ww-trainer/experiments/hey_mycroft/dataset/negatives/processed/001937.wav,0
/home/miro/Workspace/MachineLearningProjects/ww-trainer/experiments/hey_mycroft/dataset/positives/processed/000280.wav,1
/home/miro/Workspace/MachineLearningProjects/ww-trainer/experiments/hey_mycroft/dataset/negatives/processed/000261.wav,0
/home/miro/Workspace/MachineLearningProjects/ww-trainer/experiments/hey_mycroft/dataset/positives/processed/000328.wav,1
/home/miro/Workspace/MachineLearningProjects/ww-trainer/experiments/hey_mycroft/dataset/negatives/processed/001580.wav,0
/home/miro/Workspace/MachineLearningProjects/ww-trainer/experiments/hey_mycroft/dataset/positives/processed/000232.wav,1
/home/miro/Workspace/MachineLearningProjects/ww-trainer/experiments/hey_mycroft/dataset/negatives/processed/000144.wav,0
/home/miro/Workspace/MachineLearningProjects/ww-trainer/experiments/hey_mycroft/dataset/negatives/processed/001675.wav,0
/home/miro/Workspace/MachineLearningProjects/ww-trainer/experiments/hey_mycroft/dataset/negatives/processed/001559.wav,0
/home/miro/Workspace/MachineLearningProjects/ww-trainer/experiments/hey_mycroft/dataset/negatives/processed/001452.wav,0
/home/miro/Workspace/MachineLearningProjects/ww-trainer/experiments/hey_mycroft/dataset/negatives/processed/001892.wav,0
/home/miro/Workspace/MachineLearningProjects/ww-trainer/experiments/hey_mycroft/dataset/positives/processed/000205.wav,1
/home/miro/Workspace/MachineLearningProjects/ww-trainer/experiments/hey_mycroft/dataset/positives/processed/000234.wav,1
/home/miro/Workspace/MachineLearningProjects/ww-trainer/experiments/hey_mycroft/dataset/negatives/processed/000784.wav,0
/home/miro/Workspace/MachineLearningProjects/ww-trainer/experiments/hey_mycroft/dataset/positives/processed/000249.wav,1
/home/miro/Workspace/MachineLearningProjects/ww-trainer/experiments/hey_mycroft/dataset/negatives/processed/001720.wav,0
/home/miro/Workspace/MachineLearningProjects/ww-trainer/experiments/hey_mycroft/dataset/negatives/processed/001872.wav,0
/home/miro/Workspace/MachineLearningProjects/ww-trainer/experiments/hey_mycroft/dataset/positives/processed/000239.wav,1
/home/miro/Workspace/MachineLearningProjects/ww-trainer/experiments/hey_mycroft/dataset/negatives/processed/000391.wav,0
/home/miro/Workspace/MachineLearningProjects/ww-trainer/experiments/hey_mycroft/dataset/negatives/processed/000715.wav,0
/home/miro/Workspace/MachineLearningProjects/ww-trainer/experiments/hey_mycroft/dataset/negatives/processed/000277.wav,0
/home/miro/Workspace/MachineLearningProjects/ww-trainer/experiments/hey_mycroft/dataset/negatives/processed/000134.wav,0
/home/miro/Workspace/MachineLearningProjects/ww-trainer/experiments/hey_mycroft/dataset/negatives/processed/001493.wav,0
/home/miro/Workspace/MachineLearningProjects/ww-trainer/experiments/hey_mycroft/dataset/negatives/processed/000442.wav,0
/home/miro/Workspace/MachineLearningProjects/ww-trainer/experiments/hey_mycroft/dataset/negatives/processed/000211.wav,0
/home/miro/Workspace/MachineLearningProjects/ww-trainer/experiments/hey_mycroft/dataset/negatives/processed/001776.wav,0
/home/miro/Workspace/MachineLearningProjects/ww-trainer/experiments/hey_mycroft/dataset/negatives/processed/000492.wav,0
/home/miro/Workspace/MachineLearningProjects/ww-trainer/experiments/hey_mycroft/dataset/negatives/processed/000353.wav,0
/home/miro/Workspace/MachineLearningProjects/ww-trainer/experiments/hey_mycroft/dataset/negatives/processed/001232.wav,0
/home/miro/Workspace/MachineLearningProjects/ww-trainer/experiments/hey_mycroft/dataset/negatives/processed/000668.wav,0
/home/miro/Workspace/MachineLearningProjects/ww-trainer/experiments/hey_mycroft/dataset/negatives/processed/001363.wav,0
/home/miro/Workspace/MachineLearningProjects/ww-trainer/experiments/hey_mycroft/dataset/negatives/processed/000586.wav,0
/home/miro/Workspace/MachineLearningProjects/ww-trainer/experiments/hey_mycroft/dataset/negatives/processed/001099.wav,0
/home/miro/Workspace/MachineLearningProjects/ww-trainer/experiments/hey_mycroft/dataset/positives/processed/000008.wav,1
/home/miro/Workspace/MachineLearningProjects/ww-trainer/experiments/hey_mycroft/dataset/negatives/processed/001052.wav,0
/home/miro/Workspace/MachineLearningProjects/ww-trainer/experiments/hey_mycroft/dataset/negatives/processed/000174.wav,0
/home/miro/Workspace/MachineLearningProjects/ww-trainer/experiments/hey_mycroft/dataset/positives/processed/000240.wav,1
/home/miro/Workspace/MachineLearningProjects/ww-trainer/experiments/hey_mycroft/dataset/negatives/processed/001142.wav,0
/home/miro/Workspace/MachineLearningProjects/ww-trainer/experiments/hey_mycroft/dataset/negatives/processed/000375.wav,0
/home/miro/Workspace/MachineLearningProjects/ww-trainer/experiments/hey_mycroft/dataset/negatives/processed/001471.wav,0
/home/miro/Workspace/MachineLearningProjects/ww-trainer/experiments/hey_mycroft/dataset/negatives/processed/001489.wav,0
/home/miro/Workspace/MachineLearningProjects/ww-trainer/experiments/hey_mycroft/dataset/negatives/processed/001164.wav,0
/home/miro/Workspace/MachineLearningProjects/ww-trainer/experiments/hey_mycroft/dataset/negatives/processed/000181.wav,0
/home/miro/Workspace/MachineLearningProjects/ww-trainer/experiments/hey_mycroft/dataset/negatives/processed/000468.wav,0
/home/miro/Workspace/MachineLearningProjects/ww-trainer/experiments/hey_mycroft/dataset/positives/processed/000382.wav,1
/home/miro/Workspace/MachineLearningProjects/ww-trainer/experiments/hey_mycroft/dataset/positives/processed/000060.wav,1
/home/miro/Workspace/MachineLearningProjects/ww-trainer/experiments/hey_mycroft/dataset/negatives/processed/001714.wav,0
/home/miro/Workspace/MachineLearningProjects/ww-trainer/experiments/hey_mycroft/dataset/negatives/processed/000171.wav,0
/home/miro/Workspace/MachineLearningProjects/ww-trainer/experiments/hey_mycroft/dataset/positives/processed/000207.wav,1
/home/miro/Workspace/MachineLearningProjects/ww-trainer/experiments/hey_mycroft/dataset/positives/processed/000401.wav,1
/home/miro/Workspace/MachineLearningProjects/ww-trainer/experiments/hey_mycroft/dataset/negatives/processed/001754.wav,0
/home/miro/Workspace/MachineLearningProjects/ww-trainer/experiments/hey_mycroft/dataset/negatives/processed/001315.wav,0
/home/miro/Workspace/MachineLearningProjects/ww-trainer/experiments/hey_mycroft/dataset/positives/processed/000308.wav,1
/home/miro/Workspace/MachineLearningProjects/ww-trainer/experiments/hey_mycroft/dataset/negatives/processed/000523.wav,0
/home/miro/Workspace/MachineLearningProjects/ww-trainer/experiments/hey_mycroft/dataset/negatives/processed/001394.wav,0
/home/miro/Workspace/MachineLearningProjects/ww-trainer/experiments/hey_mycroft/dataset/negatives/processed/000581.wav,0
/home/miro/Workspace/MachineLearningProjects/ww-trainer/experiments/hey_mycroft/dataset/negatives/processed/000251.wav,0
/home/miro/Workspace/MachineLearningProjects/ww-trainer/experiments/hey_mycroft/dataset/negatives/processed/000836.wav,0
/home/miro/Workspace/MachineLearningProjects/ww-trainer/experiments/hey_mycroft/dataset/negatives/processed/000074.wav,0
/home/miro/Workspace/MachineLearningProjects/ww-trainer/experiments/hey_mycroft/dataset/negatives/processed/001337.wav,0
/home/miro/Workspace/MachineLearningProjects/ww-trainer/experiments/hey_mycroft/dataset/negatives/processed/000792.wav,0
/home/miro/Workspace/MachineLearningProjects/ww-trainer/experiments/hey_mycroft/dataset/negatives/processed/000568.wav,0
/home/miro/Workspace/MachineLearningProjects/ww-trainer/experiments/hey_mycroft/dataset/negatives/processed/000284.wav,0
/home/miro/Workspace/MachineLearningProjects/ww-trainer/experiments/hey_mycroft/dataset/negatives/processed/000518.wav,0
/home/miro/Workspace/MachineLearningProjects/ww-trainer/experiments/hey_mycroft/dataset/positives/processed/000447.wav,1
/home/miro/Workspace/MachineLearningProjects/ww-trainer/experiments/hey_mycroft/dataset/negatives/processed/000889.wav,0
/home/miro/Workspace/MachineLearningProjects/ww-trainer/experiments/hey_mycroft/dataset/negatives/processed/000482.wav,0
/home/miro/Workspace/MachineLearningProjects/ww-trainer/experiments/hey_mycroft/dataset/negatives/processed/001149.wav,0
/home/miro/Workspace/MachineLearningProjects/ww-trainer/experiments/hey_mycroft/dataset/positives/processed/000248.wav,1
/home/miro/Workspace/MachineLearningProjects/ww-trainer/experiments/hey_mycroft/dataset/positives/processed/000403.wav,1
/home/miro/Workspace/MachineLearningProjects/ww-trainer/experiments/hey_mycroft/dataset/negatives/processed/000146.wav,0
/home/miro/Workspace/MachineLearningProjects/ww-trainer/experiments/hey_mycroft/dataset/negatives/processed/000176.wav,0
/home/miro/Workspace/MachineLearningProjects/ww-trainer/experiments/hey_mycroft/dataset/negatives/processed/000258.wav,0
/home/miro/Workspace/MachineLearningProjects/ww-trainer/experiments/hey_mycroft/dataset/positives/processed/000221.wav,1
/home/miro/Workspace/MachineLearningProjects/ww-trainer/experiments/hey_mycroft/dataset/negatives/processed/000752.wav,0
/home/miro/Workspace/MachineLearningProjects/ww-trainer/experiments/hey_mycroft/dataset/negatives/processed/001412.wav,0
/home/miro/Workspace/MachineLearningProjects/ww-trainer/experiments/hey_mycroft/dataset/negatives/processed/001183.wav,0
/home/miro/Workspace/MachineLearningProjects/ww-trainer/experiments/hey_mycroft/dataset/negatives/processed/001234.wav,0
/home/miro/Workspace/MachineLearningProjects/ww-trainer/experiments/hey_mycroft/dataset/negatives/processed/000951.wav,0
/home/miro/Workspace/MachineLearningProjects/ww-trainer/experiments/hey_mycroft/dataset/negatives/processed/001265.wav,0
/home/miro/Workspace/MachineLearningProjects/ww-trainer/experiments/hey_mycroft/dataset/negatives/processed/000199.wav,0
/home/miro/Workspace/MachineLearningProjects/ww-trainer/experiments/hey_mycroft/dataset/positives/processed/000397.wav,1
/home/miro/Workspace/MachineLearningProjects/ww-trainer/experiments/hey_mycroft/dataset/positives/processed/000386.wav,1
/home/miro/Workspace/MachineLearningProjects/ww-trainer/experiments/hey_mycroft/dataset/negatives/processed/000279.wav,0
/home/miro/Workspace/MachineLearningProjects/ww-trainer/experiments/hey_mycroft/dataset/negatives/processed/001167.wav,0
/home/miro/Workspace/MachineLearningProjects/ww-trainer/experiments/hey_mycroft/dataset/negatives/processed/001437.wav,0
/home/miro/Workspace/MachineLearningProjects/ww-trainer/experiments/hey_mycroft/dataset/negatives/processed/000495.wav,0
/home/miro/Workspace/MachineLearningProjects/ww-trainer/experiments/hey_mycroft/dataset/negatives/processed/001436.wav,0
/home/miro/Workspace/MachineLearningProjects/ww-trainer/experiments/hey_mycroft/dataset/negatives/processed/001860.wav,0
/home/miro/Workspace/MachineLearningProjects/ww-trainer/experiments/hey_mycroft/dataset/negatives/processed/001838.wav,0
/home/miro/Workspace/MachineLearningProjects/ww-trainer/experiments/hey_mycroft/dataset/negatives/processed/000462.wav,0
/home/miro/Workspace/MachineLearningProjects/ww-trainer/experiments/hey_mycroft/dataset/negatives/processed/000041.wav,0
/home/miro/Workspace/MachineLearningProjects/ww-trainer/experiments/hey_mycroft/dataset/negatives/processed/000618.wav,0
/home/miro/Workspace/MachineLearningProjects/ww-trainer/experiments/hey_mycroft/dataset/negatives/processed/000377.wav,0
/home/miro/Workspace/MachineLearningProjects/ww-trainer/experiments/hey_mycroft/dataset/negatives/processed/001488.wav,0
/home/miro/Workspace/MachineLearningProjects/ww-trainer/experiments/hey_mycroft/dataset/negatives/processed/000240.wav,0
/home/miro/Workspace/MachineLearningProjects/ww-trainer/experiments/hey_mycroft/dataset/negatives/processed/000640.wav,0
/home/miro/Workspace/MachineLearningProjects/ww-trainer/experiments/hey_mycroft/dataset/negatives/processed/000474.wav,0
/home/miro/Workspace/MachineLearningProjects/ww-trainer/experiments/hey_mycroft/dataset/negatives/processed/001605.wav,0
/home/miro/Workspace/MachineLearningProjects/ww-trainer/experiments/hey_mycroft/dataset/negatives/processed/000592.wav,0
/home/miro/Workspace/MachineLearningProjects/ww-trainer/experiments/hey_mycroft/dataset/negatives/processed/000853.wav,0
/home/miro/Workspace/MachineLearningProjects/ww-trainer/experiments/hey_mycroft/dataset/positives/processed/000128.wav,1
/home/miro/Workspace/MachineLearningProjects/ww-trainer/experiments/hey_mycroft/dataset/positives/processed/000276.wav,1
/home/miro/Workspace/MachineLearningProjects/ww-trainer/experiments/hey_mycroft/dataset/negatives/processed/000437.wav,0
/home/miro/Workspace/MachineLearningProjects/ww-trainer/experiments/hey_mycroft/dataset/positives/processed/000241.wav,1
/home/miro/Workspace/MachineLearningProjects/ww-trainer/experiments/hey_mycroft/dataset/negatives/processed/000084.wav,0
/home/miro/Workspace/MachineLearningProjects/ww-trainer/experiments/hey_mycroft/dataset/negatives/processed/000399.wav,0
/home/miro/Workspace/MachineLearningProjects/ww-trainer/experiments/hey_mycroft/dataset/positives/processed/000290.wav,1
/home/miro/Workspace/MachineLearningProjects/ww-trainer/experiments/hey_mycroft/dataset/positives/processed/000029.wav,1
/home/miro/Workspace/MachineLearningProjects/ww-trainer/experiments/hey_mycroft/dataset/negatives/processed/000820.wav,0
/home/miro/Workspace/MachineLearningProjects/ww-trainer/experiments/hey_mycroft/dataset/negatives/processed/001910.wav,0
/home/miro/Workspace/MachineLearningProjects/ww-trainer/experiments/hey_mycroft/dataset/negatives/processed/000442.wav,0
/home/miro/Workspace/MachineLearningProjects/ww-trainer/experiments/hey_mycroft/dataset/negatives/processed/001768.wav,0
/home/miro/Workspace/MachineLearningProjects/ww-trainer/experiments/hey_mycroft/dataset/negatives/processed/001909.wav,0
/home/miro/Workspace/MachineLearningProjects/ww-trainer/experiments/hey_mycroft/dataset/positives/processed/000086.wav,1
/home/miro/Workspace/MachineLearningProjects/ww-trainer/experiments/hey_mycroft/dataset/negatives/processed/000884.wav,0
/home/miro/Workspace/MachineLearningProjects/ww-trainer/experiments/hey_mycroft/dataset/positives/processed/000262.wav,1
/home/miro/Workspace/MachineLearningProjects/ww-trainer/experiments/hey_mycroft/dataset/negatives/processed/000420.wav,0
/home/miro/Workspace/MachineLearningProjects/ww-trainer/experiments/hey_mycroft/dataset/negatives/processed/000515.wav,0
/home/miro/Workspace/MachineLearningProjects/ww-trainer/experiments/hey_mycroft/dataset/positives/processed/000495.wav,1
/home/miro/Workspace/MachineLearningProjects/ww-trainer/experiments/hey_mycroft/dataset/negatives/processed/001349.wav,0
/home/miro/Workspace/MachineLearningProjects/ww-trainer/experiments/hey_mycroft/dataset/negatives/processed/001619.wav,0
/home/miro/Workspace/MachineLearningProjects/ww-trainer/experiments/hey_mycroft/dataset/negatives/processed/001294.wav,0
/home/miro/Workspace/MachineLearningProjects/ww-trainer/experiments/hey_mycroft/dataset/negatives/processed/001029.wav,0
/home/miro/Workspace/MachineLearningProjects/ww-trainer/experiments/hey_mycroft/dataset/negatives/processed/000824.wav,0
/home/miro/Workspace/MachineLearningProjects/ww-trainer/experiments/hey_mycroft/dataset/negatives/processed/000251.wav,0
/home/miro/Workspace/MachineLearningProjects/ww-trainer/experiments/hey_mycroft/dataset/negatives/processed/001134.wav,0
/home/miro/Workspace/MachineLearningProjects/ww-trainer/experiments/hey_mycroft/dataset/negatives/processed/000776.wav,0
/home/miro/Workspace/MachineLearningProjects/ww-trainer/experiments/hey_mycroft/dataset/negatives/processed/000420.wav,0
/home/miro/Workspace/MachineLearningProjects/ww-trainer/experiments/hey_mycroft/dataset/negatives/processed/000323.wav,0
/home/miro/Workspace/MachineLearningProjects/ww-trainer/experiments/hey_mycroft/dataset/negatives/processed/000325.wav,0
/home/miro/Workspace/MachineLearningProjects/ww-trainer/experiments/hey_mycroft/dataset/negatives/processed/000489.wav,0
/home/miro/Workspace/MachineLearningProjects/ww-trainer/experiments/hey_mycroft/dataset/negatives/processed/000593.wav,0
/home/miro/Workspace/MachineLearningProjects/ww-trainer/experiments/hey_mycroft/dataset/negatives/processed/001708.wav,0
/home/miro/Workspace/MachineLearningProjects/ww-trainer/experiments/hey_mycroft/dataset/negatives/processed/000367.wav,0
/home/miro/Workspace/MachineLearningProjects/ww-trainer/experiments/hey_mycroft/dataset/negatives/processed/001233.wav,0
/home/miro/Workspace/MachineLearningProjects/ww-trainer/experiments/hey_mycroft/dataset/negatives/processed/001984.wav,0
/home/miro/Workspace/MachineLearningProjects/ww-trainer/experiments/hey_mycroft/dataset/negatives/processed/001661.wav,0
/home/miro/Workspace/MachineLearningProjects/ww-trainer/experiments/hey_mycroft/dataset/negatives/processed/000585.wav,0
/home/miro/Workspace/MachineLearningProjects/ww-trainer/experiments/hey_mycroft/dataset/negatives/processed/000176.wav,0
/home/miro/Workspace/MachineLearningProjects/ww-trainer/experiments/hey_mycroft/dataset/negatives/processed/001751.wav,0
/home/miro/Workspace/MachineLearningProjects/ww-trainer/experiments/hey_mycroft/dataset/negatives/processed/001446.wav,0
/home/miro/Workspace/MachineLearningProjects/ww-trainer/experiments/hey_mycroft/dataset/negatives/processed/000202.wav,0
/home/miro/Workspace/MachineLearningProjects/ww-trainer/experiments/hey_mycroft/dataset/negatives/processed/000025.wav,0
/home/miro/Workspace/MachineLearningProjects/ww-trainer/experiments/hey_mycroft/dataset/negatives/processed/000015.wav,0
/home/miro/Workspace/MachineLearningProjects/ww-trainer/experiments/hey_mycroft/dataset/negatives/processed/001681.wav,0
/home/miro/Workspace/MachineLearningProjects/ww-trainer/experiments/hey_mycroft/dataset/negatives/processed/000615.wav,0
/home/miro/Workspace/MachineLearningProjects/ww-trainer/experiments/hey_mycroft/dataset/positives/processed/000283.wav,1
/home/miro/Workspace/MachineLearningProjects/ww-trainer/experiments/hey_mycroft/dataset/negatives/processed/001490.wav,0
/home/miro/Workspace/MachineLearningProjects/ww-trainer/experiments/hey_mycroft/dataset/negatives/processed/000497.wav,0
/home/miro/Workspace/MachineLearningProjects/ww-trainer/experiments/hey_mycroft/dataset/positives/processed/000350.wav,1
/home/miro/Workspace/MachineLearningProjects/ww-trainer/experiments/hey_mycroft/dataset/negatives/processed/000789.wav,0
/home/miro/Workspace/MachineLearningProjects/ww-trainer/experiments/hey_mycroft/dataset/negatives/processed/000730.wav,0
/home/miro/Workspace/MachineLearningProjects/ww-trainer/experiments/hey_mycroft/dataset/negatives/processed/000486.wav,0
/home/miro/Workspace/MachineLearningProjects/ww-trainer/experiments/hey_mycroft/dataset/positives/processed/000237.wav,1
/home/miro/Workspace/MachineLearningProjects/ww-trainer/experiments/hey_mycroft/dataset/negatives/processed/000480.wav,0
/home/miro/Workspace/MachineLearningProjects/ww-trainer/experiments/hey_mycroft/dataset/negatives/processed/000759.wav,0
/home/miro/Workspace/MachineLearningProjects/ww-trainer/experiments/hey_mycroft/dataset/negatives/processed/000986.wav,0
/home/miro/Workspace/MachineLearningProjects/ww-trainer/experiments/hey_mycroft/dataset/positives/processed/000458.wav,1
/home/miro/Workspace/MachineLearningProjects/ww-trainer/experiments/hey_mycroft/dataset/positives/processed/000079.wav,1
/home/miro/Workspace/MachineLearningProjects/ww-trainer/experiments/hey_mycroft/dataset/negatives/processed/001501.wav,0
/home/miro/Workspace/MachineLearningProjects/ww-trainer/experiments/hey_mycroft/dataset/negatives/processed/000827.wav,0
/home/miro/Workspace/MachineLearningProjects/ww-trainer/experiments/hey_mycroft/dataset/negatives/processed/001953.wav,0
/home/miro/Workspace/MachineLearningProjects/ww-trainer/experiments/hey_mycroft/dataset/positives/processed/000002.wav,1
/home/miro/Workspace/MachineLearningProjects/ww-trainer/experiments/hey_mycroft/dataset/negatives/processed/001672.wav,0
/home/miro/Workspace/MachineLearningProjects/ww-trainer/experiments/hey_mycroft/dataset/negatives/processed/001709.wav,0
/home/miro/Workspace/MachineLearningProjects/ww-trainer/experiments/hey_mycroft/dataset/negatives/processed/000161.wav,0
/home/miro/Workspace/MachineLearningProjects/ww-trainer/experiments/hey_mycroft/dataset/negatives/processed/000623.wav,0
/home/miro/Workspace/MachineLearningProjects/ww-trainer/experiments/hey_mycroft/dataset/negatives/processed/001031.wav,0
/home/miro/Workspace/MachineLearningProjects/ww-trainer/experiments/hey_mycroft/dataset/negatives/processed/000699.wav,0
/home/miro/Workspace/MachineLearningProjects/ww-trainer/experiments/hey_mycroft/dataset/negatives/processed/000826.wav,0
/home/miro/Workspace/MachineLearningProjects/ww-trainer/experiments/hey_mycroft/dataset/negatives/processed/001994.wav,0
/home/miro/Workspace/MachineLearningProjects/ww-trainer/experiments/hey_mycroft/dataset/negatives/processed/000662.wav,0
/home/miro/Workspace/MachineLearningProjects/ww-trainer/experiments/hey_mycroft/dataset/negatives/processed/000117.wav,0
/home/miro/Workspace/MachineLearningProjects/ww-trainer/experiments/hey_mycroft/dataset/negatives/processed/000722.wav,0
/home/miro/Workspace/MachineLearningProjects/ww-trainer/experiments/hey_mycroft/dataset/negatives/processed/000061.wav,0
/home/miro/Workspace/MachineLearningProjects/ww-trainer/experiments/hey_mycroft/dataset/positives/processed/000435.wav,1
/home/miro/Workspace/MachineLearningProjects/ww-trainer/experiments/hey_mycroft/dataset/negatives/processed/001579.wav,0
/home/miro/Workspace/MachineLearningProjects/ww-trainer/experiments/hey_mycroft/dataset/negatives/processed/000231.wav,0
/home/miro/Workspace/MachineLearningProjects/ww-trainer/experiments/hey_mycroft/dataset/negatives/processed/000620.wav,0
/home/miro/Workspace/MachineLearningProjects/ww-trainer/experiments/hey_mycroft/dataset/negatives/processed/001550.wav,0
/home/miro/Workspace/MachineLearningProjects/ww-trainer/experiments/hey_mycroft/dataset/negatives/processed/000578.wav,0
/home/miro/Workspace/MachineLearningProjects/ww-trainer/experiments/hey_mycroft/dataset/negatives/processed/000447.wav,0
/home/miro/Workspace/MachineLearningProjects/ww-trainer/experiments/hey_mycroft/dataset/negatives/processed/000457.wav,0
/home/miro/Workspace/MachineLearningProjects/ww-trainer/experiments/hey_mycroft/dataset/positives/processed/000013.wav,1
/home/miro/Workspace/MachineLearningProjects/ww-trainer/experiments/hey_mycroft/dataset/negatives/processed/001358.wav,0
/home/miro/Workspace/MachineLearningProjects/ww-trainer/experiments/hey_mycroft/dataset/negatives/processed/000147.wav,0
/home/miro/Workspace/MachineLearningProjects/ww-trainer/experiments/hey_mycroft/dataset/negatives/processed/001280.wav,0
/home/miro/Workspace/MachineLearningProjects/ww-trainer/experiments/hey_mycroft/dataset/negatives/processed/000702.wav,0
/home/miro/Workspace/MachineLearningProjects/ww-trainer/experiments/hey_mycroft/dataset/negatives/processed/000850.wav,0
/home/miro/Workspace/MachineLearningProjects/ww-trainer/experiments/hey_mycroft/dataset/negatives/processed/000809.wav,0
/home/miro/Workspace/MachineLearningProjects/ww-trainer/experiments/hey_mycroft/dataset/negatives/processed/000125.wav,0
/home/miro/Workspace/MachineLearningProjects/ww-trainer/experiments/hey_mycroft/dataset/negatives/processed/000648.wav,0
/home/miro/Workspace/MachineLearningProjects/ww-trainer/experiments/hey_mycroft/dataset/negatives/processed/000592.wav,0
/home/miro/Workspace/MachineLearningProjects/ww-trainer/experiments/hey_mycroft/dataset/negatives/processed/000575.wav,0
/home/miro/Workspace/MachineLearningProjects/ww-trainer/experiments/hey_mycroft/dataset/negatives/processed/001699.wav,0
/home/miro/Workspace/MachineLearningProjects/ww-trainer/experiments/hey_mycroft/dataset/negatives/processed/000292.wav,0
/home/miro/Workspace/MachineLearningProjects/ww-trainer/experiments/hey_mycroft/dataset/positives/processed/000469.wav,1
/home/miro/Workspace/MachineLearningProjects/ww-trainer/experiments/hey_mycroft/dataset/negatives/processed/000452.wav,0
/home/miro/Workspace/MachineLearningProjects/ww-trainer/experiments/hey_mycroft/dataset/negatives/processed/000286.wav,0
/home/miro/Workspace/MachineLearningProjects/ww-trainer/experiments/hey_mycroft/dataset/positives/processed/000047.wav,1
/home/miro/Workspace/MachineLearningProjects/ww-trainer/experiments/hey_mycroft/dataset/negatives/processed/001766.wav,0
/home/miro/Workspace/MachineLearningProjects/ww-trainer/experiments/hey_mycroft/dataset/negatives/processed/000529.wav,0
/home/miro/Workspace/MachineLearningProjects/ww-trainer/experiments/hey_mycroft/dataset/negatives/processed/001667.wav,0
/home/miro/Workspace/MachineLearningProjects/ww-trainer/experiments/hey_mycroft/dataset/negatives/processed/001417.wav,0
/home/miro/Workspace/MachineLearningProjects/ww-trainer/experiments/hey_mycroft/dataset/negatives/processed/001940.wav,0
/home/miro/Workspace/MachineLearningProjects/ww-trainer/experiments/hey_mycroft/dataset/negatives/processed/001063.wav,0
/home/miro/Workspace/MachineLearningProjects/ww-trainer/experiments/hey_mycroft/dataset/negatives/processed/001076.wav,0
/home/miro/Workspace/MachineLearningProjects/ww-trainer/experiments/hey_mycroft/dataset/positives/processed/000260.wav,1
/home/miro/Workspace/MachineLearningProjects/ww-trainer/experiments/hey_mycroft/dataset/negatives/processed/001942.wav,0
/home/miro/Workspace/MachineLearningProjects/ww-trainer/experiments/hey_mycroft/dataset/negatives/processed/001229.wav,0
/home/miro/Workspace/MachineLearningProjects/ww-trainer/experiments/hey_mycroft/dataset/negatives/processed/000287.wav,0
/home/miro/Workspace/MachineLearningProjects/ww-trainer/experiments/hey_mycroft/dataset/negatives/processed/000155.wav,0
/home/miro/Workspace/MachineLearningProjects/ww-trainer/experiments/hey_mycroft/dataset/negatives/processed/000070.wav,0
/home/miro/Workspace/MachineLearningProjects/ww-trainer/experiments/hey_mycroft/dataset/negatives/processed/000126.wav,0
/home/miro/Workspace/MachineLearningProjects/ww-trainer/experiments/hey_mycroft/dataset/positives/processed/000449.wav,1
/home/miro/Workspace/MachineLearningProjects/ww-trainer/experiments/hey_mycroft/dataset/positives/processed/000192.wav,1
/home/miro/Workspace/MachineLearningProjects/ww-trainer/experiments/hey_mycroft/dataset/negatives/processed/000595.wav,0
/home/miro/Workspace/MachineLearningProjects/ww-trainer/experiments/hey_mycroft/dataset/positives/processed/000372.wav,1
/home/miro/Workspace/MachineLearningProjects/ww-trainer/experiments/hey_mycroft/dataset/negatives/processed/001521.wav,0
/home/miro/Workspace/MachineLearningProjects/ww-trainer/experiments/hey_mycroft/dataset/negatives/processed/001587.wav,0
/home/miro/Workspace/MachineLearningProjects/ww-trainer/experiments/hey_mycroft/dataset/negatives/processed/000066.wav,0
/home/miro/Workspace/MachineLearningProjects/ww-trainer/experiments/hey_mycroft/dataset/negatives/processed/000398.wav,0
/home/miro/Workspace/MachineLearningProjects/ww-trainer/experiments/hey_mycroft/dataset/negatives/processed/000982.wav,0
/home/miro/Workspace/MachineLearningProjects/ww-trainer/experiments/hey_mycroft/dataset/negatives/processed/001135.wav,0
/home/miro/Workspace/MachineLearningProjects/ww-trainer/experiments/hey_mycroft/dataset/negatives/processed/001890.wav,0
/home/miro/Workspace/MachineLearningProjects/ww-trainer/experiments/hey_mycroft/dataset/negatives/processed/001254.wav,0
/home/miro/Workspace/MachineLearningProjects/ww-trainer/experiments/hey_mycroft/dataset/negatives/processed/001894.wav,0
/home/miro/Workspace/MachineLearningProjects/ww-trainer/experiments/hey_mycroft/dataset/negatives/processed/000559.wav,0
/home/miro/Workspace/MachineLearningProjects/ww-trainer/experiments/hey_mycroft/dataset/negatives/processed/000576.wav,0
/home/miro/Workspace/MachineLearningProjects/ww-trainer/experiments/hey_mycroft/dataset/negatives/processed/001707.wav,0
/home/miro/Workspace/MachineLearningProjects/ww-trainer/experiments/hey_mycroft/dataset/negatives/processed/001799.wav,0
/home/miro/Workspace/MachineLearningProjects/ww-trainer/experiments/hey_mycroft/dataset/negatives/processed/000551.wav,0
/home/miro/Workspace/MachineLearningProjects/ww-trainer/experiments/hey_mycroft/dataset/negatives/processed/000510.wav,0
/home/miro/Workspace/MachineLearningProjects/ww-trainer/experiments/hey_mycroft/dataset/negatives/processed/000844.wav,0
/home/miro/Workspace/MachineLearningProjects/ww-trainer/experiments/hey_mycroft/dataset/negatives/processed/000584.wav,0
/home/miro/Workspace/MachineLearningProjects/ww-trainer/experiments/hey_mycroft/dataset/negatives/processed/000085.wav,0
/home/miro/Workspace/MachineLearningProjects/ww-trainer/experiments/hey_mycroft/dataset/negatives/processed/001379.wav,0
/home/miro/Workspace/MachineLearningProjects/ww-trainer/experiments/hey_mycroft/dataset/negatives/processed/000133.wav,0
/home/miro/Workspace/MachineLearningProjects/ww-trainer/experiments/hey_mycroft/dataset/negatives/processed/001120.wav,0
/home/miro/Workspace/MachineLearningProjects/ww-trainer/experiments/hey_mycroft/dataset/negatives/processed/001544.wav,0
/home/miro/Workspace/MachineLearningProjects/ww-trainer/experiments/hey_mycroft/dataset/negatives/processed/000184.wav,0
/home/miro/Workspace/MachineLearningProjects/ww-trainer/experiments/hey_mycroft/dataset/negatives/processed/000370.wav,0
/home/miro/Workspace/MachineLearningProjects/ww-trainer/experiments/hey_mycroft/dataset/negatives/processed/000788.wav,0
/home/miro/Workspace/MachineLearningProjects/ww-trainer/experiments/hey_mycroft/dataset/negatives/processed/000440.wav,0
/home/miro/Workspace/MachineLearningProjects/ww-trainer/experiments/hey_mycroft/dataset/negatives/processed/001823.wav,0
/home/miro/Workspace/MachineLearningProjects/ww-trainer/experiments/hey_mycroft/dataset/negatives/processed/000364.wav,0
/home/miro/Workspace/MachineLearningProjects/ww-trainer/experiments/hey_mycroft/dataset/positives/processed/000271.wav,1
/home/miro/Workspace/MachineLearningProjects/ww-trainer/experiments/hey_mycroft/dataset/negatives/processed/000596.wav,0
/home/miro/Workspace/MachineLearningProjects/ww-trainer/experiments/hey_mycroft/dataset/negatives/processed/001143.wav,0
/home/miro/Workspace/MachineLearningProjects/ww-trainer/experiments/hey_mycroft/dataset/negatives/processed/000792.wav,0
/home/miro/Workspace/MachineLearningProjects/ww-trainer/experiments/hey_mycroft/dataset/positives/processed/000131.wav,1
/home/miro/Workspace/MachineLearningProjects/ww-trainer/experiments/hey_mycroft/dataset/negatives/processed/000438.wav,0
/home/miro/Workspace/MachineLearningProjects/ww-trainer/experiments/hey_mycroft/dataset/positives/processed/000229.wav,1
/home/miro/Workspace/MachineLearningProjects/ww-trainer/experiments/hey_mycroft/dataset/negatives/processed/000678.wav,0
/home/miro/Workspace/MachineLearningProjects/ww-trainer/experiments/hey_mycroft/dataset/negatives/processed/000647.wav,0
/home/miro/Workspace/MachineLearningProjects/ww-trainer/experiments/hey_mycroft/dataset/negatives/processed/000828.wav,0
/home/miro/Workspace/MachineLearningProjects/ww-trainer/experiments/hey_mycroft/dataset/negatives/processed/000304.wav,0
/home/miro/Workspace/MachineLearningProjects/ww-trainer/experiments/hey_mycroft/dataset/negatives/processed/000399.wav,0
/home/miro/Workspace/MachineLearningProjects/ww-trainer/experiments/hey_mycroft/dataset/negatives/processed/001781.wav,0
/home/miro/Workspace/MachineLearningProjects/ww-trainer/experiments/hey_mycroft/dataset/negatives/processed/000318.wav,0
/home/miro/Workspace/MachineLearningProjects/ww-trainer/experiments/hey_mycroft/dataset/negatives/processed/000121.wav,0
/home/miro/Workspace/MachineLearningProjects/ww-trainer/experiments/hey_mycroft/dataset/negatives/processed/000605.wav,0
/home/miro/Workspace/MachineLearningProjects/ww-trainer/experiments/hey_mycroft/dataset/negatives/processed/001054.wav,0
/home/miro/Workspace/MachineLearningProjects/ww-trainer/experiments/hey_mycroft/dataset/negatives/processed/001393.wav,0
/home/miro/Workspace/MachineLearningProjects/ww-trainer/experiments/hey_mycroft/dataset/negatives/processed/000169.wav,0
/home/miro/Workspace/MachineLearningProjects/ww-trainer/experiments/hey_mycroft/dataset/negatives/processed/000502.wav,0
/home/miro/Workspace/MachineLearningProjects/ww-trainer/experiments/hey_mycroft/dataset/negatives/processed/000486.wav,0
/home/miro/Workspace/MachineLearningProjects/ww-trainer/experiments/hey_mycroft/dataset/negatives/processed/001687.wav,0
/home/miro/Workspace/MachineLearningProjects/ww-trainer/experiments/hey_mycroft/dataset/negatives/processed/000200.wav,0
/home/miro/Workspace/MachineLearningProjects/ww-trainer/experiments/hey_mycroft/dataset/negatives/processed/000100.wav,0
/home/miro/Workspace/MachineLearningProjects/ww-trainer/experiments/hey_mycroft/dataset/negatives/processed/001995.wav,0
/home/miro/Workspace/MachineLearningProjects/ww-trainer/experiments/hey_mycroft/dataset/positives/processed/000292.wav,1
/home/miro/Workspace/MachineLearningProjects/ww-trainer/experiments/hey_mycroft/dataset/negatives/processed/000154.wav,0
/home/miro/Workspace/MachineLearningProjects/ww-trainer/experiments/hey_mycroft/dataset/negatives/processed/000299.wav,0
/home/miro/Workspace/MachineLearningProjects/ww-trainer/experiments/hey_mycroft/dataset/negatives/processed/000374.wav,0
/home/miro/Workspace/MachineLearningProjects/ww-trainer/experiments/hey_mycroft/dataset/negatives/processed/000593.wav,0
/home/miro/Workspace/MachineLearningProjects/ww-trainer/experiments/hey_mycroft/dataset/negatives/processed/000245.wav,0
/home/miro/Workspace/MachineLearningProjects/ww-trainer/experiments/hey_mycroft/dataset/negatives/processed/000358.wav,0
/home/miro/Workspace/MachineLearningProjects/ww-trainer/experiments/hey_mycroft/dataset/negatives/processed/000955.wav,0
/home/miro/Workspace/MachineLearningProjects/ww-trainer/experiments/hey_mycroft/dataset/negatives/processed/001016.wav,0
/home/miro/Workspace/MachineLearningProjects/ww-trainer/experiments/hey_mycroft/dataset/negatives/processed/000166.wav,0
/home/miro/Workspace/MachineLearningProjects/ww-trainer/experiments/hey_mycroft/dataset/negatives/processed/000994.wav,0
/home/miro/Workspace/MachineLearningProjects/ww-trainer/experiments/hey_mycroft/dataset/negatives/processed/000103.wav,0
/home/miro/Workspace/MachineLearningProjects/ww-trainer/experiments/hey_mycroft/dataset/negatives/processed/001357.wav,0
/home/miro/Workspace/MachineLearningProjects/ww-trainer/experiments/hey_mycroft/dataset/negatives/processed/000808.wav,0
/home/miro/Workspace/MachineLearningProjects/ww-trainer/experiments/hey_mycroft/dataset/negatives/processed/000801.wav,0
/home/miro/Workspace/MachineLearningProjects/ww-trainer/experiments/hey_mycroft/dataset/positives/processed/000413.wav,1
/home/miro/Workspace/MachineLearningProjects/ww-trainer/experiments/hey_mycroft/dataset/negatives/processed/000453.wav,0
/home/miro/Workspace/MachineLearningProjects/ww-trainer/experiments/hey_mycroft/dataset/positives/processed/000326.wav,1
/home/miro/Workspace/MachineLearningProjects/ww-trainer/experiments/hey_mycroft/dataset/negatives/processed/000685.wav,0
/home/miro/Workspace/MachineLearningProjects/ww-trainer/experiments/hey_mycroft/dataset/negatives/processed/000666.wav,0
/home/miro/Workspace/MachineLearningProjects/ww-trainer/experiments/hey_mycroft/dataset/negatives/processed/000433.wav,0
/home/miro/Workspace/MachineLearningProjects/ww-trainer/experiments/hey_mycroft/dataset/negatives/processed/000208.wav,0
/home/miro/Workspace/MachineLearningProjects/ww-trainer/experiments/hey_mycroft/dataset/positives/processed/000187.wav,1
/home/miro/Workspace/MachineLearningProjects/ww-trainer/experiments/hey_mycroft/dataset/positives/processed/000284.wav,1
/home/miro/Workspace/MachineLearningProjects/ww-trainer/experiments/hey_mycroft/dataset/negatives/processed/000385.wav,0
/home/miro/Workspace/MachineLearningProjects/ww-trainer/experiments/hey_mycroft/dataset/negatives/processed/000287.wav,0
/home/miro/Workspace/MachineLearningProjects/ww-trainer/experiments/hey_mycroft/dataset/negatives/processed/001864.wav,0
/home/miro/Workspace/MachineLearningProjects/ww-trainer/experiments/hey_mycroft/dataset/negatives/processed/000981.wav,0
/home/miro/Workspace/MachineLearningProjects/ww-trainer/experiments/hey_mycroft/dataset/negatives/processed/000033.wav,0
/home/miro/Workspace/MachineLearningProjects/ww-trainer/experiments/hey_mycroft/dataset/negatives/processed/000074.wav,0
/home/miro/Workspace/MachineLearningProjects/ww-trainer/experiments/hey_mycroft/dataset/negatives/processed/000700.wav,0
/home/miro/Workspace/MachineLearningProjects/ww-trainer/experiments/hey_mycroft/dataset/negatives/processed/001761.wav,0
/home/miro/Workspace/MachineLearningProjects/ww-trainer/experiments/hey_mycroft/dataset/positives/processed/000322.wav,1
/home/miro/Workspace/MachineLearningProjects/ww-trainer/experiments/hey_mycroft/dataset/negatives/processed/001050.wav,0
/home/miro/Workspace/MachineLearningProjects/ww-trainer/experiments/hey_mycroft/dataset/negatives/processed/000011.wav,0
/home/miro/Workspace/MachineLearningProjects/ww-trainer/experiments/hey_mycroft/dataset/negatives/processed/001696.wav,0
/home/miro/Workspace/MachineLearningProjects/ww-trainer/experiments/hey_mycroft/dataset/negatives/processed/001381.wav,0
/home/miro/Workspace/MachineLearningProjects/ww-trainer/experiments/hey_mycroft/dataset/negatives/processed/000488.wav,0
/home/miro/Workspace/MachineLearningProjects/ww-trainer/experiments/hey_mycroft/dataset/positives/processed/000177.wav,1
/home/miro/Workspace/MachineLearningProjects/ww-trainer/experiments/hey_mycroft/dataset/negatives/processed/000583.wav,0
/home/miro/Workspace/MachineLearningProjects/ww-trainer/experiments/hey_mycroft/dataset/negatives/processed/001972.wav,0
/home/miro/Workspace/MachineLearningProjects/ww-trainer/experiments/hey_mycroft/dataset/negatives/processed/000908.wav,0
/home/miro/Workspace/MachineLearningProjects/ww-trainer/experiments/hey_mycroft/dataset/negatives/processed/000970.wav,0
/home/miro/Workspace/MachineLearningProjects/ww-trainer/experiments/hey_mycroft/dataset/positives/processed/000396.wav,1
/home/miro/Workspace/MachineLearningProjects/ww-trainer/experiments/hey_mycroft/dataset/negatives/processed/001056.wav,0
/home/miro/Workspace/MachineLearningProjects/ww-trainer/experiments/hey_mycroft/dataset/positives/processed/000379.wav,1
/home/miro/Workspace/MachineLearningProjects/ww-trainer/experiments/hey_mycroft/dataset/positives/processed/000418.wav,1
/home/miro/Workspace/MachineLearningProjects/ww-trainer/experiments/hey_mycroft/dataset/negatives/processed/000878.wav,0
/home/miro/Workspace/MachineLearningProjects/ww-trainer/experiments/hey_mycroft/dataset/negatives/processed/000627.wav,0
/home/miro/Workspace/MachineLearningProjects/ww-trainer/experiments/hey_mycroft/dataset/negatives/processed/000381.wav,0
/home/miro/Workspace/MachineLearningProjects/ww-trainer/experiments/hey_mycroft/dataset/negatives/processed/000136.wav,0
/home/miro/Workspace/MachineLearningProjects/ww-trainer/experiments/hey_mycroft/dataset/negatives/processed/000638.wav,0
/home/miro/Workspace/MachineLearningProjects/ww-trainer/experiments/hey_mycroft/dataset/negatives/processed/000893.wav,0
/home/miro/Workspace/MachineLearningProjects/ww-trainer/experiments/hey_mycroft/dataset/negatives/processed/001231.wav,0
/home/miro/Workspace/MachineLearningProjects/ww-trainer/experiments/hey_mycroft/dataset/negatives/processed/000359.wav,0
/home/miro/Workspace/MachineLearningProjects/ww-trainer/experiments/hey_mycroft/dataset/negatives/processed/000153.wav,0
/home/miro/Workspace/MachineLearningProjects/ww-trainer/experiments/hey_mycroft/dataset/negatives/processed/000800.wav,0
/home/miro/Workspace/MachineLearningProjects/ww-trainer/experiments/hey_mycroft/dataset/negatives/processed/000608.wav,0
/home/miro/Workspace/MachineLearningProjects/ww-trainer/experiments/hey_mycroft/dataset/positives/processed/000026.wav,1
/home/miro/Workspace/MachineLearningProjects/ww-trainer/experiments/hey_mycroft/dataset/negatives/processed/000815.wav,0
/home/miro/Workspace/MachineLearningProjects/ww-trainer/experiments/hey_mycroft/dataset/negatives/processed/000639.wav,0
/home/miro/Workspace/MachineLearningProjects/ww-trainer/experiments/hey_mycroft/dataset/negatives/processed/001913.wav,0
/home/miro/Workspace/MachineLearningProjects/ww-trainer/experiments/hey_mycroft/dataset/negatives/processed/001339.wav,0
/home/miro/Workspace/MachineLearningProjects/ww-trainer/experiments/hey_mycroft/dataset/negatives/processed/000402.wav,0
/home/miro/Workspace/MachineLearningProjects/ww-trainer/experiments/hey_mycroft/dataset/negatives/processed/001218.wav,0
/home/miro/Workspace/MachineLearningProjects/ww-trainer/experiments/hey_mycroft/dataset/negatives/processed/001732.wav,0
/home/miro/Workspace/MachineLearningProjects/ww-trainer/experiments/hey_mycroft/dataset/negatives/processed/000372.wav,0
/home/miro/Workspace/MachineLearningProjects/ww-trainer/experiments/hey_mycroft/dataset/negatives/processed/000161.wav,0
/home/miro/Workspace/MachineLearningProjects/ww-trainer/experiments/hey_mycroft/dataset/negatives/processed/000432.wav,0
/home/miro/Workspace/MachineLearningProjects/ww-trainer/experiments/hey_mycroft/dataset/negatives/processed/000314.wav,0
/home/miro/Workspace/MachineLearningProjects/ww-trainer/experiments/hey_mycroft/dataset/negatives/processed/001798.wav,0
/home/miro/Workspace/MachineLearningProjects/ww-trainer/experiments/hey_mycroft/dataset/positives/processed/000108.wav,1
/home/miro/Workspace/MachineLearningProjects/ww-trainer/experiments/hey_mycroft/dataset/negatives/processed/001965.wav,0
/home/miro/Workspace/MachineLearningProjects/ww-trainer/experiments/hey_mycroft/dataset/negatives/processed/001569.wav,0
/home/miro/Workspace/MachineLearningProjects/ww-trainer/experiments/hey_mycroft/dataset/negatives/processed/000452.wav,0
/home/miro/Workspace/MachineLearningProjects/ww-trainer/experiments/hey_mycroft/dataset/negatives/processed/000395.wav,0
/home/miro/Workspace/MachineLearningProjects/ww-trainer/experiments/hey_mycroft/dataset/positives/processed/000383.wav,1
/home/miro/Workspace/MachineLearningProjects/ww-trainer/experiments/hey_mycroft/dataset/positives/processed/000122.wav,1
/home/miro/Workspace/MachineLearningProjects/ww-trainer/experiments/hey_mycroft/dataset/positives/processed/000130.wav,1
/home/miro/Workspace/MachineLearningProjects/ww-trainer/experiments/hey_mycroft/dataset/negatives/processed/001228.wav,0
/home/miro/Workspace/MachineLearningProjects/ww-trainer/experiments/hey_mycroft/dataset/negatives/processed/001918.wav,0
/home/miro/Workspace/MachineLearningProjects/ww-trainer/experiments/hey_mycroft/dataset/positives/processed/000356.wav,1
/home/miro/Workspace/MachineLearningProjects/ww-trainer/experiments/hey_mycroft/dataset/negatives/processed/001733.wav,0
/home/miro/Workspace/MachineLearningProjects/ww-trainer/experiments/hey_mycroft/dataset/negatives/processed/000533.wav,0
/home/miro/Workspace/MachineLearningProjects/ww-trainer/experiments/hey_mycroft/dataset/negatives/processed/000271.wav,0
/home/miro/Workspace/MachineLearningProjects/ww-trainer/experiments/hey_mycroft/dataset/positives/processed/000419.wav,1
/home/miro/Workspace/MachineLearningProjects/ww-trainer/experiments/hey_mycroft/dataset/negatives/processed/000516.wav,0
/home/miro/Workspace/MachineLearningProjects/ww-trainer/experiments/hey_mycroft/dataset/negatives/processed/000071.wav,0
/home/miro/Workspace/MachineLearningProjects/ww-trainer/experiments/hey_mycroft/dataset/negatives/processed/000414.wav,0
/home/miro/Workspace/MachineLearningProjects/ww-trainer/experiments/hey_mycroft/dataset/negatives/processed/000503.wav,0
/home/miro/Workspace/MachineLearningProjects/ww-trainer/experiments/hey_mycroft/dataset/negatives/processed/000626.wav,0
/home/miro/Workspace/MachineLearningProjects/ww-trainer/experiments/hey_mycroft/dataset/negatives/processed/000537.wav,0
/home/miro/Workspace/MachineLearningProjects/ww-trainer/experiments/hey_mycroft/dataset/positives/processed/000102.wav,1
/home/miro/Workspace/MachineLearningProjects/ww-trainer/experiments/hey_mycroft/dataset/positives/processed/000456.wav,1
/home/miro/Workspace/MachineLearningProjects/ww-trainer/experiments/hey_mycroft/dataset/negatives/processed/000119.wav,0
experiments/hey_mycroft/dataset/positives/vc_output/616-4ff9-ac80-402ed53eba03.wav,1
experiments/hey_mycroft/dataset/positives/synth_output/1a0-4193-86f6-ec3917ac48e9.wav,1
experiments/hey_mycroft/dataset/positives/vc_output/116-4de2-8151-4c74896cedf8.wav,1
experiments/hey_mycroft/dataset/positives/vc_output/392-46b0-b06e-e1f148a28fc3.wav,1
experiments/hey_mycroft/dataset/positives/vc_output/807-4656-b1eb-e6672179c0cc.wav,1
experiments/hey_mycroft/dataset/positives/vc_output/d42-4a67-a802-dd51f0b51424.wav,1
experiments/hey_mycroft/dataset/positives/synth_output/105-49b3-8a28-13209acf919b.wav,1
experiments/hey_mycroft/dataset/positives/synth_output/330-4814-b395-fe5760c41430.wav,1
experiments/hey_mycroft/dataset/positives/vc_output/24a-4329-85b0-ca1ff4256323.wav,1
experiments/hey_mycroft/dataset/positives/vc_output/4ad-4bc7-8d97-cd8e829fef26.wav,1
experiments/hey_mycroft/dataset/positives/vc_output/1d0-4746-b5bc-09de58d02d8f.wav,1
experiments/hey_mycroft/dataset/positives/synth_output/0dd-4ff1-8408-e258ce2ceaa2.wav,1
experiments/hey_mycroft/dataset/positives/synth_output/0cd-4f3e-8ee2-771897d30f13.wav,1
experiments/hey_mycroft/dataset/positives/synth_output/309-44ce-a7a5-887915b99679.wav,1
experiments/hey_mycroft/dataset/positives/synth_output/076-492d-9ad0-8eab03ca2cb2.wav,1
experiments/hey_mycroft/dataset/positives/synth_output/23e-4de2-9b8e-70d35893ce04.wav,1
experiments/hey_mycroft/dataset/positives/synth_output/031-448f-a278-c8faaea8e542.wav,1
experiments/hey_mycroft/dataset/positives/synth_output/0fd-4852-b730-66b2df30770f.wav,1
experiments/hey_mycroft/dataset/positives/synth_output/226-49cd-83a1-c1608248c282.wav,1
experiments/hey_mycroft/dataset/positives/synth_output/1e3-4469-948d-c09c11ef03d4.wav,1
experiments/hey_mycroft/dataset/positives/synth_output/025-4ac3-8967-f0f830c8dcc4.wav,1
experiments/hey_mycroft/dataset/positives/synth_output/0cd-41da-ab9e-b0b994049eeb.wav,1
experiments/hey_mycroft/dataset/positives/vc_output/f8b-46ff-9472-beec12beaa85.wav,1
experiments/hey_mycroft/dataset/positives/vc_output/352-4a0e-8081-d8a5d1235016.wav,1
experiments/hey_mycroft/dataset/positives/synth_output/072-42f7-ade8-9b97dcb392b9.wav,1
experiments/hey_mycroft/dataset/positives/vc_output/bfa-4a5f-80cc-e9e60d5e091e.wav,1
experiments/hey_mycroft/dataset/positives/vc_output/343-4237-897e-cd913e1dd543.wav,1
experiments/hey_mycroft/dataset/positives/synth_output/004-44d8-985b-951e3f222398.wav,1
experiments/hey_mycroft/dataset/positives/synth_output/1f8-41d2-849b-d8a7e9fa6a1c.wav,1
experiments/hey_mycroft/dataset/positives/synth_output/1e1-4c33-aae2-9ec9733a92a3.wav,1
experiments/hey_mycroft/dataset/positives/synth_output/1ba-49c2-ac89-7403047bad38.wav,1
experiments/hey_mycroft/dataset/positives/synth_output/16f-46e0-add9-e1aaf404b0c0.wav,1
experiments/hey_mycroft/dataset/positives/vc_output/f4a-48b7-93b4-a86dd7523c80.wav,1
experiments/hey_mycroft/dataset/positives/synth_output/0eb-47b0-a6ca-901919341566.wav,1
experiments/hey_mycroft/dataset/positives/vc_output/a98-48cc-a6b8-60115b7e3cdf.wav,1
experiments/hey_mycroft/dataset/positives/vc_output/51f-40c2-923f-dfef713411a6.wav,1
experiments/hey_mycroft/dataset/positives/synth_output/305-4b80-876c-e0025fd572e6.wav,1
experiments/hey_mycroft/dataset/positives/vc_output/874-4930-b49e-0ce76971f155.wav,1
experiments/hey_mycroft/dataset/positives/vc_output/ca0-4fbf-88aa-74c1ac7a5c86.wav,1
experiments/hey_mycroft/dataset/positives/synth_output/2a9-4195-923d-23d3c24e64dc.wav,1
experiments/hey_mycroft/dataset/positives/synth_output/295-4e63-8544-3c9a0a99219d.wav,1
experiments/hey_mycroft/dataset/positives/synth_output/029-4a66-b937-caff986e0620.wav,1
experiments/hey_mycroft/dataset/positives/vc_output/a0a-4c4e-bea1-418887f45565.wav,1
experiments/hey_mycroft/dataset/positives/synth_output/387-4eb0-bec7-c7afcd719316.wav,1
experiments/hey_mycroft/dataset/positives/synth_output/0bb-412b-b9cf-61ae6c156c76.wav,1
experiments/hey_mycroft/dataset/positives/vc_output/d02-4f4c-8bc1-bec8e9700618.wav,1
experiments/hey_mycroft/dataset/positives/synth_output/2a4-48a2-8e64-23d74bd00d66.wav,1
experiments/hey_mycroft/dataset/positives/synth_output/067-4ea3-9ed4-dd2043cd5e0a.wav,1
experiments/hey_mycroft/dataset/positives/vc_output/ab7-436e-a65e-5702b548b830.wav,1
experiments/hey_mycroft/dataset/positives/synth_output/0e3-4c27-8f0b-3ef9ef721a7a.wav,1
experiments/hey_mycroft/dataset/positives/vc_output/bba-4bdd-94d7-cb62e7c65df8.wav,1
experiments/hey_mycroft/dataset/positives/synth_output/0b9-4896-9113-d0587888e719.wav,1
experiments/hey_mycroft/dataset/positives/synth_output/133-4cdd-8ff0-fe2deec75fc4.wav,1
experiments/hey_mycroft/dataset/positives/synth_output/0c9-4a16-ae8d-389ef2d78cae.wav,1
experiments/hey_mycroft/dataset/positives/vc_output/303-4ef9-8fdd-7311e0ea7ab2.wav,1
experiments/hey_mycroft/dataset/positives/synth_output/1c3-40b8-9a91-6380b6b92839.wav,1
experiments/hey_mycroft/dataset/positives/vc_output/240-4ae7-955c-73f4070b9850.wav,1
experiments/hey_mycroft/dataset/positives/vc_output/436-4ff2-a49b-e03c174dcba6.wav,1
experiments/hey_mycroft/dataset/positives/synth_output/363-45f9-8281-dcfd7cc0264d.wav,1
experiments/hey_mycroft/dataset/positives/synth_output/0a7-4f44-9298-395b8690fcd7.wav,1
experiments/hey_mycroft/dataset/positives/synth_output/302-44b1-a659-b8664e7a49df.wav,1
experiments/hey_mycroft/dataset/positives/vc_output/f98-4a19-a9a9-091ec056b955.wav,1
experiments/hey_mycroft/dataset/positives/synth_output/1ea-41a0-bb76-75595db7fbc3.wav,1
experiments/hey_mycroft/dataset/positives/synth_output/2a5-44a4-9793-954d878e83b2.wav,1
experiments/hey_mycroft/dataset/positives/synth_output/39b-4802-a212-fe7e89366020.wav,1
experiments/hey_mycroft/dataset/positives/synth_output/28a-4683-9160-1a253000313e.wav,1
experiments/hey_mycroft/dataset/positives/synth_output/1a4-488d-8d51-95abfc057267.wav,1
experiments/hey_mycroft/dataset/positives/synth_output/376-4cce-9b69-b8cebbee1800.wav,1
experiments/hey_mycroft/dataset/positives/vc_output/869-4f29-a86c-14606b92324c.wav,1
experiments/hey_mycroft/dataset/positives/synth_output/16a-410a-8c01-1d245a7cf151.wav,1
experiments/hey_mycroft/dataset/positives/vc_output/48a-417a-9b62-6f633bd215dd.wav,1
experiments/hey_mycroft/dataset/positives/synth_output/06d-4965-8014-d5587a2af92a.wav,1
experiments/hey_mycroft/dataset/positives/synth_output/13a-4d01-b7de-d137d5961f47.wav,1
experiments/hey_mycroft/dataset/positives/synth_output/05e-45b0-9b07-f3c9d567629b.wav,1
experiments/hey_mycroft/dataset/positives/synth_output/218-4e7a-88ba-21379a6929f3.wav,1
experiments/hey_mycroft/dataset/positives/synth_output/279-408b-a42b-97041f97738a.wav,1
experiments/hey_mycroft/dataset/positives/vc_output/77b-4f79-9f41-f3e13da1d6e7.wav,1
experiments/hey_mycroft/dataset/positives/synth_output/001-4cbc-b631-78268c933e87.wav,1
experiments/hey_mycroft/dataset/positives/synth_output/2a6-42a4-9c89-708739521d27.wav,1
experiments/hey_mycroft/dataset/positives/vc_output/7b1-4421-b5c6-501d5bd01161.wav,1
experiments/hey_mycroft/dataset/positives/synth_output/082-4ff9-bd34-5c49e3ef2088.wav,1
experiments/hey_mycroft/dataset/positives/synth_output/24f-4f0b-84fa-a224612bdd28.wav,1
experiments/hey_mycroft/dataset/positives/synth_output/0ac-494c-9006-e4f396403e62.wav,1
experiments/hey_mycroft/dataset/positives/vc_output/f61-4c37-92a4-14d616106035.wav,1
experiments/hey_mycroft/dataset/positives/synth_output/16a-4de7-8e7a-8409603747a4.wav,1
experiments/hey_mycroft/dataset/positives/synth_output/1ff-4236-a705-0a26fd42eec0.wav,1
experiments/hey_mycroft/dataset/positives/vc_output/125-4042-8a1b-26a85577c414.wav,1
experiments/hey_mycroft/dataset/positives/synth_output/122-4257-8f2d-95ae764888f6.wav,1
experiments/hey_mycroft/dataset/positives/synth_output/293-4e27-abe5-7536156a8b00.wav,1
experiments/hey_mycroft/dataset/positives/synth_output/2d5-42ba-8ac9-bbdbc0ac7aca.wav,1
experiments/hey_mycroft/dataset/positives/synth_output/142-4586-931b-625082b6e8f8.wav,1
experiments/hey_mycroft/dataset/positives/synth_output/337-4bf0-bf45-4b97b8cbba21.wav,1
experiments/hey_mycroft/dataset/positives/synth_output/0df-47d3-b1d1-71b5f9f2870d.wav,1
experiments/hey_mycroft/dataset/positives/synth_output/082-4588-ae6f-8d2d8555e8fe.wav,1
experiments/hey_mycroft/dataset/positives/vc_output/67a-4393-80b4-65a9dda89024.wav,1
experiments/hey_mycroft/dataset/positives/synth_output/010-4674-a48c-1bb556c6bbd5.wav,1
experiments/hey_mycroft/dataset/positives/synth_output/188-4ddd-8f44-8251ca16677a.wav,1
experiments/hey_mycroft/dataset/positives/synth_output/369-487f-836a-171e182dd7a9.wav,1
experiments/hey_mycroft/dataset/positives/vc_output/e98-480a-8120-a321813c8817.wav,1
experiments/hey_mycroft/dataset/positives/synth_output/177-4afa-b5a9-214495962007.wav,1
experiments/hey_mycroft/dataset/positives/vc_output/bd2-42d7-bc86-21850477740c.wav,1
experiments/hey_mycroft/dataset/positives/vc_output/336-4c05-9a8d-fe36843215a1.wav,1
experiments/hey_mycroft/dataset/positives/vc_output/572-435f-8189-0ae69ecf5f98.wav,1
experiments/hey_mycroft/dataset/positives/synth_output/154-44ad-a79f-12d60fdf28df.wav,1
experiments/hey_mycroft/dataset/positives/vc_output/372-45f3-a579-ace1b02f7d9a.wav,1
experiments/hey_mycroft/dataset/positives/synth_output/09a-4508-b524-e47f78bd5a52.wav,1
experiments/hey_mycroft/dataset/positives/synth_output/227-432b-970c-ff836204cd65.wav,1
experiments/hey_mycroft/dataset/positives/synth_output/108-47f5-aa0d-780927788017.wav,1
experiments/hey_mycroft/dataset/positives/synth_output/22f-46b8-b562-20d8ca4f4f01.wav,1
experiments/hey_mycroft/dataset/positives/synth_output/239-46a7-a9b8-b7fccb0f15fe.wav,1
experiments/hey_mycroft/dataset/positives/vc_output/ddd-4b02-8d70-070aa77c6f35.wav,1
experiments/hey_mycroft/dataset/positives/synth_output/1dd-450f-ac46-64921aa8bfcc.wav,1
experiments/hey_mycroft/dataset/positives/synth_output/114-487a-8b4a-a16d2247d811.wav,1
experiments/hey_mycroft/dataset/positives/vc_output/226-496c-9e76-4e5eb87d2a89.wav,1
experiments/hey_mycroft/dataset/positives/synth_output/203-4a34-bef5-aaf1e42b3837.wav,1
experiments/hey_mycroft/dataset/positives/synth_output/2ff-4cf6-b5b0-452833dd61a8.wav,1
experiments/hey_mycroft/dataset/positives/synth_output/2e2-46f2-a112-4aa254542ce8.wav,1
experiments/hey_mycroft/dataset/positives/synth_output/1ed-4224-a02d-c11532deb644.wav,1
experiments/hey_mycroft/dataset/positives/synth_output/356-4b8a-b4b7-556ca924ed41.wav,1
experiments/hey_mycroft/dataset/positives/vc_output/18c-4f07-bf4d-2b1d3066b9b7.wav,1
experiments/hey_mycroft/dataset/positives/synth_output/38b-4ac8-878c-28aac328ceea.wav,1
experiments/hey_mycroft/dataset/positives/vc_output/496-42c1-82c4-da9921da7b5a.wav,1
experiments/hey_mycroft/dataset/positives/synth_output/238-49a6-9e46-7223774e89b8.wav,1
experiments/hey_mycroft/dataset/positives/synth_output/2f9-4996-9cd0-73e0fffb03fb.wav,1
experiments/hey_mycroft/dataset/positives/synth_output/1e3-458f-b3d5-b81f7d7f69c7.wav,1
experiments/hey_mycroft/dataset/positives/vc_output/d40-4c93-86f7-355de4973bcc.wav,1
experiments/hey_mycroft/dataset/positives/vc_output/6c7-4625-ac73-ef81a2fc112e.wav,1
experiments/hey_mycroft/dataset/positives/synth_output/2e7-4962-85ad-9481c8f4bee3.wav,1
experiments/hey_mycroft/dataset/positives/synth_output/113-49c3-a9b4-8356bb37b526.wav,1
experiments/hey_mycroft/dataset/positives/synth_output/0ad-4744-866e-686dfb8dfd38.wav,1
experiments/hey_mycroft/dataset/positives/synth_output/075-4b66-8ab9-b078fb82ed3a.wav,1
experiments/hey_mycroft/dataset/positives/synth_output/0ae-425d-aa29-17f6b419a665.wav,1
experiments/hey_mycroft/dataset/positives/synth_output/2b1-4153-b9e9-081548510657.wav,1
experiments/hey_mycroft/dataset/positives/synth_output/08f-4815-b841-858840628b34.wav,1
experiments/hey_mycroft/dataset/positives/synth_output/09e-4548-8ef3-9f8ab714989c.wav,1
experiments/hey_mycroft/dataset/positives/vc_output/d90-42de-8092-92d19034a226.wav,1
experiments/hey_mycroft/dataset/positives/synth_output/300-4259-87a9-557ba0b1c418.wav,1
experiments/hey_mycroft/dataset/positives/synth_output/292-4521-9811-271f0e8ef1ad.wav,1
experiments/hey_mycroft/dataset/positives/synth_output/20c-448e-92b3-fa504766b332.wav,1
experiments/hey_mycroft/dataset/positives/synth_output/103-45e6-96ad-544ec9419930.wav,1
experiments/hey_mycroft/dataset/positives/synth_output/317-493b-9774-af38874a71c1.wav,1
experiments/hey_mycroft/dataset/positives/synth_output/230-45d4-b074-e396349d9af5.wav,1
experiments/hey_mycroft/dataset/positives/vc_output/c0d-4b81-b72c-4dcd64ea26cf.wav,1
experiments/hey_mycroft/dataset/positives/synth_output/157-46c0-847e-545f870ca841.wav,1
experiments/hey_mycroft/dataset/positives/vc_output/123-4748-a0ac-61a20292dfad.wav,1
experiments/hey_mycroft/dataset/positives/synth_output/25a-499d-8687-759e8b02d92d.wav,1
experiments/hey_mycroft/dataset/positives/synth_output/1af-499a-9aa5-ffeda61c2b77.wav,1
experiments/hey_mycroft/dataset/positives/vc_output/82f-4eee-ac6a-69374f32c830.wav,1
experiments/hey_mycroft/dataset/positives/synth_output/0d0-497a-8849-ca951086ac23.wav,1
experiments/hey_mycroft/dataset/positives/synth_output/33c-4a94-84a9-f015e034e80b.wav,1
experiments/hey_mycroft/dataset/positives/vc_output/ebb-400c-a017-4b9dd5cfdd34.wav,1
experiments/hey_mycroft/dataset/positives/synth_output/117-4eab-982b-57fcad5253c4.wav,1
experiments/hey_mycroft/dataset/positives/synth_output/353-42ca-9f29-8ad6372e7532.wav,1
experiments/hey_mycroft/dataset/positives/synth_output/095-4803-9708-45ee6ffcd6fc.wav,1
experiments/hey_mycroft/dataset/positives/synth_output/1c2-444b-9fe1-da6a3ad64c28.wav,1
experiments/hey_mycroft/dataset/positives/vc_output/051-4868-aed5-bfac53567d75.wav,1
experiments/hey_mycroft/dataset/positives/synth_output/293-4ea1-823b-79233d0ebea6.wav,1
experiments/hey_mycroft/dataset/positives/vc_output/41e-4416-b593-f8ba60bf2e21.wav,1
experiments/hey_mycroft/dataset/positives/vc_output/c4a-4a92-9938-49d3c222a99b.wav,1
experiments/hey_mycroft/dataset/positives/synth_output/1a9-46b5-8914-1364b01d64c6.wav,1
experiments/hey_mycroft/dataset/positives/vc_output/353-41b7-83ce-68f19512d1b2.wav,1
experiments/hey_mycroft/dataset/positives/synth_output/229-4ba1-b8fa-60bdfd502a11.wav,1
experiments/hey_mycroft/dataset/positives/synth_output/1c8-4fa4-ba70-ba881f26edce.wav,1
experiments/hey_mycroft/dataset/positives/synth_output/20c-4f73-96b3-fc8608bc2ef0.wav,1
experiments/hey_mycroft/dataset/positives/vc_output/6a6-4e69-a0f8-f181adcaf594.wav,1
experiments/hey_mycroft/dataset/positives/synth_output/05a-4a2f-adfa-42e5ccf01f4f.wav,1
experiments/hey_mycroft/dataset/positives/synth_output/163-4752-9905-b6a789139d91.wav,1
experiments/hey_mycroft/dataset/positives/vc_output/357-46cb-818b-f94296aff0e0.wav,1
experiments/hey_mycroft/dataset/positives/synth_output/15c-406c-b79c-835e987e157d.wav,1
experiments/hey_mycroft/dataset/positives/synth_output/107-464a-8213-37c521874153.wav,1
experiments/hey_mycroft/dataset/positives/synth_output/02c-44e8-bcab-e1baeb1c4a1a.wav,1
experiments/hey_mycroft/dataset/positives/vc_output/701-4f2c-8544-62cccb223e8a.wav,1
experiments/hey_mycroft/dataset/positives/synth_output/09b-4839-a11d-71569e931f85.wav,1
experiments/hey_mycroft/dataset/positives/synth_output/0d4-4014-856e-e509018599d9.wav,1
experiments/hey_mycroft/dataset/positives/vc_output/583-490a-8e73-00e1dec0ce37.wav,1
experiments/hey_mycroft/dataset/positives/synth_output/0d5-4837-b5bb-2610402a0191.wav,1
experiments/hey_mycroft/dataset/positives/synth_output/2bd-47d4-8b79-142e0756a7a1.wav,1
experiments/hey_mycroft/dataset/positives/synth_output/0a3-4e9e-b4a0-1d36df6cf6ff.wav,1
experiments/hey_mycroft/dataset/positives/vc_output/7d6-41c9-99f7-169783fa4986.wav,1
experiments/hey_mycroft/dataset/positives/synth_output/308-45b0-baa6-25f3d9bcef9f.wav,1
experiments/hey_mycroft/dataset/positives/vc_output/fb1-4d00-9a9c-e590862331d2.wav,1
experiments/hey_mycroft/dataset/positives/vc_output/999-4d53-a5f5-bc3eae137ef1.wav,1
experiments/hey_mycroft/dataset/positives/synth_output/1dd-4b0b-bfd6-32cf52545190.wav,1
experiments/hey_mycroft/dataset/positives/synth_output/1ed-474e-ab11-39b3ec38d452.wav,1
experiments/hey_mycroft/dataset/positives/synth_output/333-45ec-bcfc-b33d5aaee263.wav,1
experiments/hey_mycroft/dataset/positives/synth_output/2fe-4d24-b460-7b63ad4a5c13.wav,1
experiments/hey_mycroft/dataset/positives/synth_output/0f2-4d2c-aa95-a237e542b910.wav,1
experiments/hey_mycroft/dataset/positives/synth_output/047-4345-b9c2-d5a6ed439192.wav,1
experiments/hey_mycroft/dataset/positives/synth_output/072-40e8-b946-966c4d4e8a95.wav,1
experiments/hey_mycroft/dataset/positives/synth_output/2c9-4adb-a9a1-363bd0de5c31.wav,1
experiments/hey_mycroft/dataset/positives/synth_output/0ab-4b89-b968-693d3bff5535.wav,1
experiments/hey_mycroft/dataset/positives/synth_output/02c-4982-bc98-762541c29726.wav,1
experiments/hey_mycroft/dataset/positives/vc_output/133-4ff8-a841-0f6dc508cc6a.wav,1
experiments/hey_mycroft/dataset/positives/synth_output/343-4b25-875e-260a8ab342fb.wav,1
experiments/hey_mycroft/dataset/positives/synth_output/273-4757-a8b9-2bd893cebd5a.wav,1
experiments/hey_mycroft/dataset/positives/vc_output/d02-420b-ad44-ed7f4324ac48.wav,1
experiments/hey_mycroft/dataset/positives/synth_output/017-48a9-8e0d-123f0804e740.wav,1
experiments/hey_mycroft/dataset/positives/vc_output/171-416c-b3a9-7ec4627aa49e.wav,1
experiments/hey_mycroft/dataset/positives/vc_output/cd3-4952-8108-44f71b22196a.wav,1
experiments/hey_mycroft/dataset/positives/synth_output/0a5-49f6-954b-58f14c05104e.wav,1
experiments/hey_mycroft/dataset/positives/synth_output/249-4454-a351-19a7b0cdf61d.wav,1
experiments/hey_mycroft/dataset/positives/synth_output/2b9-4b24-97f6-2944b14157b6.wav,1
experiments/hey_mycroft/dataset/positives/vc_output/dd9-49f1-8e20-908dce2474a0.wav,1
experiments/hey_mycroft/dataset/positives/vc_output/6ba-4225-9c59-58aa13be3a70.wav,1
experiments/hey_mycroft/dataset/positives/synth_output/079-49b2-9f2f-9204c813afd6.wav,1
experiments/hey_mycroft/dataset/positives/synth_output/23c-4ce9-b4bf-7526bafac0a9.wav,1
experiments/hey_mycroft/dataset/positives/synth_output/17f-4808-8b5f-3f196629963a.wav,1
experiments/hey_mycroft/dataset/positives/vc_output/d9b-4764-bea0-de8e443656d1.wav,1
experiments/hey_mycroft/dataset/positives/vc_output/ac1-4d6f-8a92-f7bb668ce530.wav,1
experiments/hey_mycroft/dataset/positives/synth_output/202-49a5-acd1-eed9391c1992.wav,1
experiments/hey_mycroft/dataset/positives/synth_output/0ec-455d-9dab-bcf5be036744.wav,1
experiments/hey_mycroft/dataset/positives/synth_output/34e-4178-aba4-64c7f384fa47.wav,1
experiments/hey_mycroft/dataset/positives/vc_output/090-4f39-a589-9eb2a118103d.wav,1
experiments/hey_mycroft/dataset/positives/synth_output/10a-4334-a45f-3e870b743b2e.wav,1
experiments/hey_mycroft/dataset/positives/synth_output/1f5-437e-83c6-678281f4fe9a.wav,1
experiments/hey_mycroft/dataset/positives/synth_output/113-4403-88fe-3602d4f171ff.wav,1
experiments/hey_mycroft/dataset/positives/synth_output/240-4d29-91db-21a35344532b.wav,1
experiments/hey_mycroft/dataset/positives/vc_output/fb8-4ea6-87f6-f2cf79863236.wav,1
experiments/hey_mycroft/dataset/positives/vc_output/239-4889-a2dc-ad8c111e2e23.wav,1
experiments/hey_mycroft/dataset/positives/vc_output/d13-4430-8121-c12765ebb678.wav,1
experiments/hey_mycroft/dataset/positives/synth_output/172-4b2e-90f5-f4c42a440ccb.wav,1
experiments/hey_mycroft/dataset/positives/synth_output/0b6-4c6b-aa71-d86972340fd2.wav,1
experiments/hey_mycroft/dataset/positives/synth_output/1a7-4c73-be51-af5284bc908e.wav,1
experiments/hey_mycroft/dataset/positives/synth_output/287-4c33-8884-568a2ff59a09.wav,1
experiments/hey_mycroft/dataset/positives/synth_output/05a-4bb5-97f1-659e457edc6f.wav,1
experiments/hey_mycroft/dataset/positives/vc_output/ba0-46be-af75-37b09d2e1a7e.wav,1
experiments/hey_mycroft/dataset/positives/synth_output/00c-4254-9899-ff1803b7b525.wav,1
experiments/hey_mycroft/dataset/positives/vc_output/a8a-49e7-a65d-23f9fc783af6.wav,1
experiments/hey_mycroft/dataset/positives/synth_output/008-4c55-b07e-55bcf9852e21.wav,1
experiments/hey_mycroft/dataset/positives/synth_output/000-426f-af5f-050956147bc1.wav,1
experiments/hey_mycroft/dataset/positives/synth_output/1a4-4413-865d-8ef968f9e8af.wav,1
experiments/hey_mycroft/dataset/positives/synth_output/252-4406-8faa-9b3d39905ee7.wav,1
experiments/hey_mycroft/dataset/positives/synth_output/0a6-4478-a051-cfdacec7a44f.wav,1
experiments/hey_mycroft/dataset/positives/synth_output/1f6-44c8-a071-1fb530d0ace9.wav,1
experiments/hey_mycroft/dataset/positives/synth_output/244-4e18-a97b-737ab1a78793.wav,1
experiments/hey_mycroft/dataset/positives/vc_output/496-44d8-8416-ba40a4b156aa.wav,1
experiments/hey_mycroft/dataset/positives/vc_output/c1a-491f-9dcd-633962e2cca9.wav,1
experiments/hey_mycroft/dataset/positives/synth_output/22a-4027-a10d-9ea29f45ea61.wav,1
experiments/hey_mycroft/dataset/positives/vc_output/b18-4f39-99b7-9a5cfe36e957.wav,1
experiments/hey_mycroft/dataset/positives/vc_output/c9c-4374-8da0-1e0888941494.wav,1
experiments/hey_mycroft/dataset/positives/vc_output/12b-4140-94a7-37dd4be74a9a.wav,1
experiments/hey_mycroft/dataset/positives/synth_output/208-4e16-8f72-486bbcad79c8.wav,1
experiments/hey_mycroft/dataset/positives/synth_output/22e-4be0-9b5e-3bf2e9ba8b34.wav,1
experiments/hey_mycroft/dataset/positives/vc_output/33d-4c88-b886-c57a4f97fe29.wav,1
experiments/hey_mycroft/dataset/positives/synth_output/226-45c7-9fe7-12f106248fd2.wav,1
experiments/hey_mycroft/dataset/positives/synth_output/283-4b13-b784-31639fde1c9f.wav,1
experiments/hey_mycroft/dataset/positives/synth_output/080-4943-a80e-be8d0722586d.wav,1
