true_label,predicted_label,probability,file_path
0,1,0.2934,/home/miro/Workspace/MachineLearningProjects/ww-trainer/experiments/hey_mycroft/dataset/negatives/processed/000458.wav
0,1,0.2288,experiments/hey_mycroft/dataset/negatives/not_wake_word_subset/not_wake_word_03227.wav
0,1,0.2226,/home/miro/Workspace/MachineLearningProjects/ww-trainer/experiments/hey_mycroft/dataset/negatives/processed/000150.wav
0,1,0.2347,/home/miro/Workspace/MachineLearningProjects/ww-trainer/experiments/hey_mycroft/dataset/negatives/processed/001032.wav
0,1,0.2404,/home/miro/Workspace/MachineLearningProjects/ww-trainer/experiments/hey_mycroft/dataset/negatives/processed/000520.wav
0,1,0.2769,experiments/hey_mycroft/dataset/negatives/not_wake_word_subset/not_wake_word_05846.wav
0,1,0.2466,experiments/hey_mycroft/dataset/negatives/not_wake_word_subset/not_wake_word_09145.wav
0,1,0.2574,experiments/hey_mycroft/dataset/negatives/not_wake_word_subset/not_wake_word_07686.wav
0,1,0.2697,experiments/hey_mycroft/dataset/negatives/not_wake_word_subset/not_wake_word_04316.wav
0,1,0.2454,experiments/hey_mycroft/dataset/negatives/not_wake_word_subset/not_wake_word_07754.wav
0,1,0.2522,/home/miro/Workspace/MachineLearningProjects/ww-trainer/experiments/hey_mycroft/dataset/negatives/processed/000772.wav
0,1,0.2875,/home/miro/Workspace/MachineLearningProjects/ww-trainer/experiments/hey_mycroft/dataset/negatives/processed/000230.wav
0,1,0.2919,experiments/hey_mycroft/dataset/negatives/not_wake_word_subset/not_wake_word_07614.wav
0,1,0.2258,/home/miro/Workspace/MachineLearningProjects/ww-trainer/experiments/hey_mycroft/dataset/negatives/processed/000388.wav
0,1,0.3319,experiments/hey_mycroft/dataset/negatives/not_wake_word_subset/not_wake_word_04103.wav
0,1,0.2251,experiments/hey_mycroft/dataset/negatives/not_wake_word_subset/not_wake_word_03486.wav
0,1,0.2293,experiments/hey_mycroft/dataset/negatives/not_wake_word_subset/not_wake_word_01881.wav
0,1,0.2517,experiments/hey_mycroft/dataset/negatives/not_wake_word_subset/not_wake_word_04670.wav
0,1,0.2304,experiments/hey_mycroft/dataset/negatives/not_wake_word_subset/not_wake_word_01791.wav
0,1,0.2373,/home/miro/Workspace/MachineLearningProjects/ww-trainer/experiments/hey_mycroft/dataset/negatives/processed/000340.wav
0,1,0.2657,/home/miro/Workspace/MachineLearningProjects/ww-trainer/experiments/hey_mycroft/dataset/negatives/processed/000466.wav
0,1,0.4874,/home/miro/Workspace/MachineLearningProjects/ww-trainer/experiments/hey_mycroft/dataset/negatives/processed/001657.wav
0,1,0.2267,experiments/hey_mycroft/dataset/negatives/not_wake_word_subset/not_wake_word_07461.wav
0,1,0.2306,experiments/hey_mycroft/dataset/negatives/not_wake_word_subset/not_wake_word_03614.wav
0,1,0.2415,/home/miro/Workspace/MachineLearningProjects/ww-trainer/experiments/hey_mycroft/dataset/negatives/processed/000770.wav
0,1,0.2464,experiments/hey_mycroft/dataset/negatives/not_wake_word_subset/not_wake_word_08095.wav
0,1,0.2662,experiments/hey_mycroft/dataset/negatives/not_wake_word_subset/not_wake_word_08665.wav
0,1,0.2395,experiments/hey_mycroft/dataset/negatives/not_wake_word_subset/not_wake_word_09599.wav
0,1,0.2290,experiments/hey_mycroft/dataset/negatives/not_wake_word_subset/not_wake_word_03728.wav
0,1,0.2308,experiments/hey_mycroft/dataset/negatives/not_wake_word_subset/not_wake_word_01182.wav
0,1,0.2407,experiments/hey_mycroft/dataset/negatives/not_wake_word_subset/not_wake_word_04500.wav
0,1,0.2354,/home/miro/Workspace/MachineLearningProjects/ww-trainer/experiments/hey_mycroft/dataset/negatives/processed/000812.wav
0,1,0.3551,/home/miro/Workspace/MachineLearningProjects/ww-trainer/experiments/hey_mycroft/dataset/negatives/processed/001399.wav
0,1,0.2549,experiments/hey_mycroft/dataset/negatives/not_wake_word_subset/not_wake_word_04743.wav
0,1,0.2375,experiments/hey_mycroft/dataset/negatives/not_wake_word_subset/not_wake_word_06866.wav
0,1,0.4447,/home/miro/Workspace/MachineLearningProjects/ww-trainer/experiments/hey_mycroft/dataset/negatives/processed/001911.wav
0,1,0.2600,experiments/hey_mycroft/dataset/negatives/not_wake_word_subset/not_wake_word_05814.wav
0,1,0.2380,/home/miro/Workspace/MachineLearningProjects/ww-trainer/experiments/hey_mycroft/dataset/negatives/processed/000754.wav
0,1,0.2230,/home/miro/Workspace/MachineLearningProjects/ww-trainer/experiments/hey_mycroft/dataset/negatives/processed/000845.wav
0,1,0.5137,/home/miro/Workspace/MachineLearningProjects/ww-trainer/experiments/hey_mycroft/dataset/negatives/processed/001921.wav
0,1,0.2616,experiments/hey_mycroft/dataset/negatives/not_wake_word_subset/not_wake_word_04334.wav
0,1,0.2474,experiments/hey_mycroft/dataset/negatives/not_wake_word_subset/not_wake_word_04931.wav
0,1,0.2268,experiments/hey_mycroft/dataset/negatives/not_wake_word_subset/not_wake_word_02054.wav
0,1,0.5425,/home/miro/Workspace/MachineLearningProjects/ww-trainer/experiments/hey_mycroft/dataset/negatives/processed/000928.wav
0,1,0.3684,/home/miro/Workspace/MachineLearningProjects/ww-trainer/experiments/hey_mycroft/dataset/negatives/processed/001543.wav
0,1,0.2364,experiments/hey_mycroft/dataset/negatives/not_wake_word_subset/not_wake_word_06844.wav
0,1,0.4950,/home/miro/Workspace/MachineLearningProjects/ww-trainer/experiments/hey_mycroft/dataset/negatives/processed/001096.wav
0,1,0.2473,experiments/hey_mycroft/dataset/negatives/not_wake_word_subset/not_wake_word_04921.wav
0,1,0.2271,experiments/hey_mycroft/dataset/negatives/not_wake_word_subset/not_wake_word_06791.wav
0,1,0.2241,/home/miro/Workspace/MachineLearningProjects/ww-trainer/experiments/hey_mycroft/dataset/negatives/processed/000470.wav
0,1,0.2260,experiments/hey_mycroft/dataset/negatives/not_wake_word_subset/not_wake_word_02069.wav
0,1,0.4545,/home/miro/Workspace/MachineLearningProjects/ww-trainer/experiments/hey_mycroft/dataset/negatives/processed/001939.wav
0,1,0.2257,experiments/hey_mycroft/dataset/negatives/not_wake_word_subset/not_wake_word_05544.wav
0,1,0.2796,experiments/hey_mycroft/dataset/negatives/not_wake_word_subset/not_wake_word_08999.wav
0,1,0.2468,experiments/hey_mycroft/dataset/negatives/not_wake_word_subset/not_wake_word_05670.wav
0,1,0.2266,/home/miro/Workspace/MachineLearningProjects/ww-trainer/experiments/hey_mycroft/dataset/negatives/processed/000012.wav
0,1,0.2695,/home/miro/Workspace/MachineLearningProjects/ww-trainer/experiments/hey_mycroft/dataset/negatives/processed/000448.wav
0,1,0.2406,experiments/hey_mycroft/dataset/negatives/not_wake_word_subset/not_wake_word_00435.wav
0,1,0.2640,experiments/hey_mycroft/dataset/negatives/not_wake_word_subset/not_wake_word_00993.wav
0,1,0.2230,experiments/hey_mycroft/dataset/negatives/not_wake_word_subset/not_wake_word_01167.wav
0,1,0.2369,experiments/hey_mycroft/dataset/negatives/not_wake_word_subset/not_wake_word_04082.wav
0,1,0.2673,/home/miro/Workspace/MachineLearningProjects/ww-trainer/experiments/hey_mycroft/dataset/negatives/processed/000141.wav
0,1,0.2366,/home/miro/Workspace/MachineLearningProjects/ww-trainer/experiments/hey_mycroft/dataset/negatives/processed/000004.wav
0,1,0.2341,experiments/hey_mycroft/dataset/negatives/not_wake_word_subset/not_wake_word_05591.wav
0,1,0.3830,/home/miro/Workspace/MachineLearningProjects/ww-trainer/experiments/hey_mycroft/dataset/negatives/processed/001574.wav
0,1,0.2258,experiments/hey_mycroft/dataset/negatives/not_wake_word_subset/not_wake_word_01593.wav
0,1,0.2685,/home/miro/Workspace/MachineLearningProjects/ww-trainer/experiments/hey_mycroft/dataset/negatives/processed/000128.wav
0,1,0.2252,experiments/hey_mycroft/dataset/negatives/not_wake_word_subset/not_wake_word_03964.wav
0,1,0.4035,/home/miro/Workspace/MachineLearningProjects/ww-trainer/experiments/hey_mycroft/dataset/negatives/processed/001240.wav
0,1,0.4569,/home/miro/Workspace/MachineLearningProjects/ww-trainer/experiments/hey_mycroft/dataset/negatives/processed/000988.wav
0,1,0.2555,experiments/hey_mycroft/dataset/negatives/not_wake_word_subset/not_wake_word_01513.wav
0,1,0.2250,experiments/hey_mycroft/dataset/negatives/not_wake_word_subset/not_wake_word_01134.wav
0,1,0.2230,/home/miro/Workspace/MachineLearningProjects/ww-trainer/experiments/hey_mycroft/dataset/negatives/processed/000107.wav
0,1,0.5116,/home/miro/Workspace/MachineLearningProjects/ww-trainer/experiments/hey_mycroft/dataset/negatives/processed/001030.wav
0,1,0.2407,experiments/hey_mycroft/dataset/negatives/not_wake_word_subset/not_wake_word_02627.wav
0,1,0.2308,experiments/hey_mycroft/dataset/negatives/not_wake_word_subset/not_wake_word_02514.wav
0,1,0.3228,experiments/hey_mycroft/dataset/negatives/not_wake_word_subset/not_wake_word_05121.wav
0,1,0.2309,experiments/hey_mycroft/dataset/negatives/not_wake_word_subset/not_wake_word_09498.wav
0,1,0.2495,/home/miro/Workspace/MachineLearningProjects/ww-trainer/experiments/hey_mycroft/dataset/negatives/processed/000342.wav
0,1,0.3001,experiments/hey_mycroft/dataset/negatives/not_wake_word_subset/not_wake_word_03303.wav
0,1,0.2539,experiments/hey_mycroft/dataset/negatives/not_wake_word_subset/not_wake_word_07490.wav
0,1,0.2295,experiments/hey_mycroft/dataset/negatives/not_wake_word_subset/not_wake_word_04987.wav
0,1,0.2311,experiments/hey_mycroft/dataset/negatives/not_wake_word_subset/not_wake_word_03863.wav
0,1,0.4628,/home/miro/Workspace/MachineLearningProjects/ww-trainer/experiments/hey_mycroft/dataset/negatives/processed/001645.wav
0,1,0.2374,/home/miro/Workspace/MachineLearningProjects/ww-trainer/experiments/hey_mycroft/dataset/negatives/processed/000162.wav
0,1,0.2276,/home/miro/Workspace/MachineLearningProjects/ww-trainer/experiments/hey_mycroft/dataset/negatives/processed/000145.wav
0,1,0.5264,/home/miro/Workspace/MachineLearningProjects/ww-trainer/experiments/hey_mycroft/dataset/negatives/processed/001291.wav
0,1,0.5380,/home/miro/Workspace/MachineLearningProjects/ww-trainer/experiments/hey_mycroft/dataset/negatives/processed/000942.wav
0,1,0.4530,/home/miro/Workspace/MachineLearningProjects/ww-trainer/experiments/hey_mycroft/dataset/negatives/processed/000253.wav
0,1,0.2833,/home/miro/Workspace/MachineLearningProjects/ww-trainer/experiments/hey_mycroft/dataset/negatives/processed/000024.wav
0,1,0.2279,experiments/hey_mycroft/dataset/negatives/not_wake_word_subset/not_wake_word_02978.wav
0,1,0.2255,experiments/hey_mycroft/dataset/negatives/not_wake_word_subset/not_wake_word_06119.wav
0,1,0.2421,experiments/hey_mycroft/dataset/negatives/not_wake_word_subset/not_wake_word_02879.wav
0,1,0.2364,experiments/hey_mycroft/dataset/negatives/not_wake_word_subset/not_wake_word_01875.wav
0,1,0.2326,experiments/hey_mycroft/dataset/negatives/not_wake_word_subset/not_wake_word_06210.wav
0,1,0.4964,/home/miro/Workspace/MachineLearningProjects/ww-trainer/experiments/hey_mycroft/dataset/negatives/processed/001039.wav
0,1,0.2391,experiments/hey_mycroft/dataset/negatives/not_wake_word_subset/not_wake_word_06746.wav
0,1,0.2579,experiments/hey_mycroft/dataset/negatives/not_wake_word_subset/not_wake_word_01439.wav
0,1,0.4051,/home/miro/Workspace/MachineLearningProjects/ww-trainer/experiments/hey_mycroft/dataset/negatives/processed/001874.wav
0,1,0.2242,experiments/hey_mycroft/dataset/negatives/not_wake_word_subset/not_wake_word_09065.wav
0,1,0.2417,experiments/hey_mycroft/dataset/negatives/not_wake_word_subset/not_wake_word_09106.wav
0,1,0.2299,experiments/hey_mycroft/dataset/negatives/not_wake_word_subset/not_wake_word_08356.wav
0,1,0.5578,/home/miro/Workspace/MachineLearningProjects/ww-trainer/experiments/hey_mycroft/dataset/negatives/processed/000952.wav
0,1,0.2340,experiments/hey_mycroft/dataset/negatives/not_wake_word_subset/not_wake_word_04296.wav
0,1,0.2547,experiments/hey_mycroft/dataset/negatives/not_wake_word_subset/not_wake_word_09254.wav
0,1,0.2888,/home/miro/Workspace/MachineLearningProjects/ww-trainer/experiments/hey_mycroft/dataset/negatives/processed/000034.wav
0,1,0.2626,/home/miro/Workspace/MachineLearningProjects/ww-trainer/experiments/hey_mycroft/dataset/negatives/processed/000466.wav
0,1,0.3190,/home/miro/Workspace/MachineLearningProjects/ww-trainer/experiments/hey_mycroft/dataset/negatives/processed/000992.wav
0,1,0.2439,experiments/hey_mycroft/dataset/negatives/not_wake_word_subset/not_wake_word_03936.wav
0,1,0.2664,/home/miro/Workspace/MachineLearningProjects/ww-trainer/experiments/hey_mycroft/dataset/negatives/processed/000426.wav
0,1,0.2584,experiments/hey_mycroft/dataset/negatives/not_wake_word_subset/not_wake_word_01246.wav
0,1,0.4560,/home/miro/Workspace/MachineLearningProjects/ww-trainer/experiments/hey_mycroft/dataset/negatives/processed/001660.wav
0,1,0.2398,/home/miro/Workspace/MachineLearningProjects/ww-trainer/experiments/hey_mycroft/dataset/negatives/processed/000758.wav
0,1,0.5818,/home/miro/Workspace/MachineLearningProjects/ww-trainer/experiments/hey_mycroft/dataset/negatives/processed/001259.wav
0,1,0.2239,/home/miro/Workspace/MachineLearningProjects/ww-trainer/experiments/hey_mycroft/dataset/negatives/processed/000548.wav
0,1,0.2386,experiments/hey_mycroft/dataset/negatives/not_wake_word_subset/not_wake_word_03110.wav
0,1,0.2315,/home/miro/Workspace/MachineLearningProjects/ww-trainer/experiments/hey_mycroft/dataset/negatives/processed/000789.wav
0,1,0.2238,experiments/hey_mycroft/dataset/negatives/not_wake_word_subset/not_wake_word_05753.wav
0,1,0.4106,/home/miro/Workspace/MachineLearningProjects/ww-trainer/experiments/hey_mycroft/dataset/negatives/processed/001659.wav
0,1,0.3999,/home/miro/Workspace/MachineLearningProjects/ww-trainer/experiments/hey_mycroft/dataset/negatives/processed/001211.wav
0,1,0.4461,/home/miro/Workspace/MachineLearningProjects/ww-trainer/experiments/hey_mycroft/dataset/negatives/processed/000262.wav
0,1,0.2297,/home/miro/Workspace/MachineLearningProjects/ww-trainer/experiments/hey_mycroft/dataset/negatives/processed/000018.wav
0,1,0.2407,experiments/hey_mycroft/dataset/negatives/not_wake_word_subset/not_wake_word_05170.wav
0,1,0.2367,/home/miro/Workspace/MachineLearningProjects/ww-trainer/experiments/hey_mycroft/dataset/negatives/processed/000173.wav
0,1,0.2503,/home/miro/Workspace/MachineLearningProjects/ww-trainer/experiments/hey_mycroft/dataset/negatives/processed/000455.wav
0,1,0.2426,experiments/hey_mycroft/dataset/negatives/not_wake_word_subset/not_wake_word_02268.wav
0,1,0.2370,experiments/hey_mycroft/dataset/negatives/not_wake_word_subset/not_wake_word_05024.wav
0,1,0.2488,experiments/hey_mycroft/dataset/negatives/not_wake_word_subset/not_wake_word_09045.wav
0,1,0.2312,experiments/hey_mycroft/dataset/negatives/not_wake_word_subset/not_wake_word_01055.wav
0,1,0.2567,/home/miro/Workspace/MachineLearningProjects/ww-trainer/experiments/hey_mycroft/dataset/negatives/processed/000226.wav
0,1,0.2344,experiments/hey_mycroft/dataset/negatives/not_wake_word_subset/not_wake_word_04729.wav
0,1,0.2226,experiments/hey_mycroft/dataset/negatives/not_wake_word_subset/not_wake_word_03753.wav
0,1,0.2675,/home/miro/Workspace/MachineLearningProjects/ww-trainer/experiments/hey_mycroft/dataset/negatives/processed/000813.wav
0,1,0.2400,experiments/hey_mycroft/dataset/negatives/not_wake_word_subset/not_wake_word_07530.wav
0,1,0.2391,experiments/hey_mycroft/dataset/negatives/not_wake_word_subset/not_wake_word_05195.wav
0,1,0.2232,experiments/hey_mycroft/dataset/negatives/not_wake_word_subset/not_wake_word_08875.wav
0,1,0.2353,experiments/hey_mycroft/dataset/negatives/not_wake_word_subset/not_wake_word_06181.wav
0,1,0.2549,experiments/hey_mycroft/dataset/negatives/not_wake_word_subset/not_wake_word_02103.wav
0,1,0.3609,/home/miro/Workspace/MachineLearningProjects/ww-trainer/experiments/hey_mycroft/dataset/negatives/processed/001007.wav
0,1,0.2432,/home/miro/Workspace/MachineLearningProjects/ww-trainer/experiments/hey_mycroft/dataset/negatives/processed/000281.wav
0,1,0.2232,/home/miro/Workspace/MachineLearningProjects/ww-trainer/experiments/hey_mycroft/dataset/negatives/processed/000793.wav
0,1,0.2409,experiments/hey_mycroft/dataset/negatives/not_wake_word_subset/not_wake_word_05781.wav
0,1,0.2728,/home/miro/Workspace/MachineLearningProjects/ww-trainer/experiments/hey_mycroft/dataset/negatives/processed/001145.wav
0,1,0.2542,experiments/hey_mycroft/dataset/negatives/not_wake_word_subset/not_wake_word_01080.wav
0,1,0.2469,/home/miro/Workspace/MachineLearningProjects/ww-trainer/experiments/hey_mycroft/dataset/negatives/processed/001086.wav
0,1,0.2267,experiments/hey_mycroft/dataset/negatives/not_wake_word_subset/not_wake_word_07887.wav
0,1,0.2226,experiments/hey_mycroft/dataset/negatives/not_wake_word_subset/not_wake_word_01863.wav
0,1,0.4460,/home/miro/Workspace/MachineLearningProjects/ww-trainer/experiments/hey_mycroft/dataset/negatives/processed/001578.wav
0,1,0.2233,experiments/hey_mycroft/dataset/negatives/not_wake_word_subset/not_wake_word_06217.wav
0,1,0.2464,experiments/hey_mycroft/dataset/negatives/not_wake_word_subset/not_wake_word_01114.wav
0,1,0.2277,experiments/hey_mycroft/dataset/negatives/not_wake_word_subset/not_wake_word_04083.wav
0,1,0.2260,/home/miro/Workspace/MachineLearningProjects/ww-trainer/experiments/hey_mycroft/dataset/negatives/processed/000611.wav
0,1,0.2277,experiments/hey_mycroft/dataset/negatives/not_wake_word_subset/not_wake_word_07160.wav
0,1,0.2557,/home/miro/Workspace/MachineLearningProjects/ww-trainer/experiments/hey_mycroft/dataset/negatives/processed/000276.wav
0,1,0.2306,/home/miro/Workspace/MachineLearningProjects/ww-trainer/experiments/hey_mycroft/dataset/negatives/processed/001022.wav
0,1,0.2379,experiments/hey_mycroft/dataset/negatives/not_wake_word_subset/not_wake_word_08314.wav
0,1,0.2356,experiments/hey_mycroft/dataset/negatives/not_wake_word_subset/not_wake_word_08308.wav
0,1,0.2550,experiments/hey_mycroft/dataset/negatives/not_wake_word_subset/not_wake_word_04184.wav
0,1,0.4178,/home/miro/Workspace/MachineLearningProjects/ww-trainer/experiments/hey_mycroft/dataset/negatives/processed/001288.wav
0,1,0.2477,/home/miro/Workspace/MachineLearningProjects/ww-trainer/experiments/hey_mycroft/dataset/negatives/processed/000828.wav
0,1,0.4590,/home/miro/Workspace/MachineLearningProjects/ww-trainer/experiments/hey_mycroft/dataset/negatives/processed/001069.wav
0,1,0.3291,/home/miro/Workspace/MachineLearningProjects/ww-trainer/experiments/hey_mycroft/dataset/negatives/processed/000910.wav
0,1,0.2359,experiments/hey_mycroft/dataset/negatives/not_wake_word_subset/not_wake_word_00673.wav
0,1,0.2287,experiments/hey_mycroft/dataset/negatives/not_wake_word_subset/not_wake_word_01556.wav
0,1,0.3655,/home/miro/Workspace/MachineLearningProjects/ww-trainer/experiments/hey_mycroft/dataset/negatives/processed/001742.wav
0,1,0.3928,/home/miro/Workspace/MachineLearningProjects/ww-trainer/experiments/hey_mycroft/dataset/negatives/processed/001263.wav
0,1,0.2286,/home/miro/Workspace/MachineLearningProjects/ww-trainer/experiments/hey_mycroft/dataset/negatives/processed/000534.wav
0,1,0.2557,experiments/hey_mycroft/dataset/negatives/not_wake_word_subset/not_wake_word_00299.wav
0,1,0.2431,experiments/hey_mycroft/dataset/negatives/not_wake_word_subset/not_wake_word_09961.wav
0,1,0.2264,/home/miro/Workspace/MachineLearningProjects/ww-trainer/experiments/hey_mycroft/dataset/negatives/processed/000175.wav
0,1,0.2244,experiments/hey_mycroft/dataset/negatives/not_wake_word_subset/not_wake_word_06276.wav
0,1,0.3716,/home/miro/Workspace/MachineLearningProjects/ww-trainer/experiments/hey_mycroft/dataset/negatives/processed/001976.wav
0,1,0.2521,/home/miro/Workspace/MachineLearningProjects/ww-trainer/experiments/hey_mycroft/dataset/negatives/processed/000223.wav
0,1,0.2271,experiments/hey_mycroft/dataset/negatives/not_wake_word_subset/not_wake_word_09873.wav
0,1,0.2698,/home/miro/Workspace/MachineLearningProjects/ww-trainer/experiments/hey_mycroft/dataset/negatives/processed/001482.wav
0,1,0.2508,/home/miro/Workspace/MachineLearningProjects/ww-trainer/experiments/hey_mycroft/dataset/negatives/processed/000753.wav
0,1,0.2239,experiments/hey_mycroft/dataset/negatives/not_wake_word_subset/not_wake_word_05068.wav
0,1,0.2659,/home/miro/Workspace/MachineLearningProjects/ww-trainer/experiments/hey_mycroft/dataset/negatives/processed/000039.wav
0,1,0.2239,experiments/hey_mycroft/dataset/negatives/not_wake_word_subset/not_wake_word_03818.wav
0,1,0.2246,experiments/hey_mycroft/dataset/negatives/not_wake_word_subset/not_wake_word_01797.wav
0,1,0.2422,experiments/hey_mycroft/dataset/negatives/not_wake_word_subset/not_wake_word_03900.wav
0,1,0.2258,experiments/hey_mycroft/dataset/negatives/not_wake_word_subset/not_wake_word_00686.wav
0,1,0.3256,/home/miro/Workspace/MachineLearningProjects/ww-trainer/experiments/hey_mycroft/dataset/negatives/processed/001676.wav
0,1,0.2366,/home/miro/Workspace/MachineLearningProjects/ww-trainer/experiments/hey_mycroft/dataset/negatives/processed/000221.wav
0,1,0.2610,experiments/hey_mycroft/dataset/negatives/not_wake_word_subset/not_wake_word_08703.wav
0,1,0.2365,experiments/hey_mycroft/dataset/negatives/not_wake_word_subset/not_wake_word_00743.wav
0,1,0.3062,/home/miro/Workspace/MachineLearningProjects/ww-trainer/experiments/hey_mycroft/dataset/negatives/processed/000135.wav
0,1,0.4592,/home/miro/Workspace/MachineLearningProjects/ww-trainer/experiments/hey_mycroft/dataset/negatives/processed/001087.wav
0,1,0.2575,experiments/hey_mycroft/dataset/negatives/not_wake_word_subset/not_wake_word_08780.wav
0,1,0.2621,/home/miro/Workspace/MachineLearningProjects/ww-trainer/experiments/hey_mycroft/dataset/negatives/processed/000416.wav
0,1,0.2730,experiments/hey_mycroft/dataset/negatives/not_wake_word_subset/not_wake_word_04156.wav
0,1,0.2465,/home/miro/Workspace/MachineLearningProjects/ww-trainer/experiments/hey_mycroft/dataset/negatives/processed/000718.wav
0,1,0.2566,experiments/hey_mycroft/dataset/negatives/not_wake_word_subset/not_wake_word_02420.wav
0,1,0.2482,experiments/hey_mycroft/dataset/negatives/not_wake_word_subset/not_wake_word_09650.wav
0,1,0.2507,experiments/hey_mycroft/dataset/negatives/not_wake_word_subset/not_wake_word_05280.wav
0,1,0.3870,/home/miro/Workspace/MachineLearningProjects/ww-trainer/experiments/hey_mycroft/dataset/negatives/processed/001738.wav
0,1,0.2324,experiments/hey_mycroft/dataset/negatives/not_wake_word_subset/not_wake_word_09990.wav
0,1,0.2301,experiments/hey_mycroft/dataset/negatives/not_wake_word_subset/not_wake_word_04346.wav
0,1,0.2321,experiments/hey_mycroft/dataset/negatives/not_wake_word_subset/not_wake_word_06334.wav
0,1,0.2553,/home/miro/Workspace/MachineLearningProjects/ww-trainer/experiments/hey_mycroft/dataset/negatives/processed/001964.wav
0,1,0.2224,experiments/hey_mycroft/dataset/negatives/not_wake_word_subset/not_wake_word_07954.wav
0,1,0.2249,experiments/hey_mycroft/dataset/negatives/not_wake_word_subset/not_wake_word_05494.wav
0,1,0.3712,/home/miro/Workspace/MachineLearningProjects/ww-trainer/experiments/hey_mycroft/dataset/negatives/processed/001282.wav
0,1,0.3188,/home/miro/Workspace/MachineLearningProjects/ww-trainer/experiments/hey_mycroft/dataset/negatives/processed/000954.wav
0,1,0.2292,experiments/hey_mycroft/dataset/negatives/not_wake_word_subset/not_wake_word_00920.wav
0,1,0.2332,experiments/hey_mycroft/dataset/negatives/not_wake_word_subset/not_wake_word_08978.wav
0,1,0.2516,experiments/hey_mycroft/dataset/negatives/not_wake_word_subset/not_wake_word_06593.wav
0,1,0.2318,experiments/hey_mycroft/dataset/negatives/not_wake_word_subset/not_wake_word_09742.wav
0,1,0.3858,/home/miro/Workspace/MachineLearningProjects/ww-trainer/experiments/hey_mycroft/dataset/negatives/processed/001888.wav
0,1,0.2365,experiments/hey_mycroft/dataset/negatives/not_wake_word_subset/not_wake_word_01309.wav
0,1,0.2223,experiments/hey_mycroft/dataset/negatives/not_wake_word_subset/not_wake_word_05863.wav
0,1,0.2297,/home/miro/Workspace/MachineLearningProjects/ww-trainer/experiments/hey_mycroft/dataset/negatives/processed/000646.wav
0,1,0.2410,experiments/hey_mycroft/dataset/negatives/not_wake_word_subset/not_wake_word_01925.wav
0,1,0.2711,experiments/hey_mycroft/dataset/negatives/not_wake_word_subset/not_wake_word_04340.wav
0,1,0.2290,experiments/hey_mycroft/dataset/negatives/not_wake_word_subset/not_wake_word_06798.wav
0,1,0.4074,/home/miro/Workspace/MachineLearningProjects/ww-trainer/experiments/hey_mycroft/dataset/negatives/processed/000591.wav
0,1,0.2370,experiments/hey_mycroft/dataset/negatives/not_wake_word_subset/not_wake_word_07156.wav
0,1,0.2374,/home/miro/Workspace/MachineLearningProjects/ww-trainer/experiments/hey_mycroft/dataset/negatives/processed/000162.wav
0,1,0.5482,/home/miro/Workspace/MachineLearningProjects/ww-trainer/experiments/hey_mycroft/dataset/negatives/processed/001945.wav
0,1,0.2303,experiments/hey_mycroft/dataset/negatives/not_wake_word_subset/not_wake_word_02068.wav
0,1,0.2523,experiments/hey_mycroft/dataset/negatives/not_wake_word_subset/not_wake_word_02843.wav
0,1,0.2246,experiments/hey_mycroft/dataset/negatives/not_wake_word_subset/not_wake_word_00437.wav
0,1,0.2288,experiments/hey_mycroft/dataset/negatives/not_wake_word_subset/not_wake_word_04137.wav
0,1,0.4716,/home/miro/Workspace/MachineLearningProjects/ww-trainer/experiments/hey_mycroft/dataset/negatives/processed/000909.wav
0,1,0.5056,/home/miro/Workspace/MachineLearningProjects/ww-trainer/experiments/hey_mycroft/dataset/negatives/processed/001168.wav
0,1,0.3803,/home/miro/Workspace/MachineLearningProjects/ww-trainer/experiments/hey_mycroft/dataset/negatives/processed/001502.wav
0,1,0.4842,/home/miro/Workspace/MachineLearningProjects/ww-trainer/experiments/hey_mycroft/dataset/negatives/processed/001487.wav
0,1,0.2664,/home/miro/Workspace/MachineLearningProjects/ww-trainer/experiments/hey_mycroft/dataset/negatives/processed/000426.wav
0,1,0.3478,/home/miro/Workspace/MachineLearningProjects/ww-trainer/experiments/hey_mycroft/dataset/negatives/processed/001848.wav
0,1,0.2255,experiments/hey_mycroft/dataset/negatives/not_wake_word_subset/not_wake_word_04916.wav
0,1,0.4668,/home/miro/Workspace/MachineLearningProjects/ww-trainer/experiments/hey_mycroft/dataset/negatives/processed/001668.wav
0,1,0.2299,experiments/hey_mycroft/dataset/negatives/not_wake_word_subset/not_wake_word_05503.wav
0,1,0.2381,/home/miro/Workspace/MachineLearningProjects/ww-trainer/experiments/hey_mycroft/dataset/negatives/processed/000826.wav
0,1,0.5078,/home/miro/Workspace/MachineLearningProjects/ww-trainer/experiments/hey_mycroft/dataset/negatives/processed/001406.wav
0,1,0.2411,experiments/hey_mycroft/dataset/negatives/not_wake_word_subset/not_wake_word_08465.wav
0,1,0.2549,experiments/hey_mycroft/dataset/negatives/not_wake_word_subset/not_wake_word_05569.wav
0,1,0.3009,experiments/hey_mycroft/dataset/negatives/not_wake_word_subset/not_wake_word_06390.wav
0,1,0.2630,experiments/hey_mycroft/dataset/negatives/not_wake_word_subset/not_wake_word_08646.wav
0,1,0.2408,/home/miro/Workspace/MachineLearningProjects/ww-trainer/experiments/hey_mycroft/dataset/negatives/processed/000502.wav
0,1,0.2810,/home/miro/Workspace/MachineLearningProjects/ww-trainer/experiments/hey_mycroft/dataset/negatives/processed/000071.wav
0,1,0.2555,experiments/hey_mycroft/dataset/negatives/not_wake_word_subset/not_wake_word_01802.wav
0,1,0.2559,experiments/hey_mycroft/dataset/negatives/not_wake_word_subset/not_wake_word_04352.wav
0,1,0.2239,experiments/hey_mycroft/dataset/negatives/not_wake_word_subset/not_wake_word_07499.wav
0,1,0.2922,/home/miro/Workspace/MachineLearningProjects/ww-trainer/experiments/hey_mycroft/dataset/negatives/processed/000767.wav
0,1,0.2471,/home/miro/Workspace/MachineLearningProjects/ww-trainer/experiments/hey_mycroft/dataset/negatives/processed/000528.wav
0,1,0.2255,experiments/hey_mycroft/dataset/negatives/not_wake_word_subset/not_wake_word_08702.wav
0,1,0.2233,experiments/hey_mycroft/dataset/negatives/not_wake_word_subset/not_wake_word_06940.wav
0,1,0.2365,/home/miro/Workspace/MachineLearningProjects/ww-trainer/experiments/hey_mycroft/dataset/negatives/processed/000549.wav
0,1,0.4549,/home/miro/Workspace/MachineLearningProjects/ww-trainer/experiments/hey_mycroft/dataset/negatives/processed/000260.wav
0,1,0.2355,experiments/hey_mycroft/dataset/negatives/not_wake_word_subset/not_wake_word_07848.wav
0,1,0.3197,/home/miro/Workspace/MachineLearningProjects/ww-trainer/experiments/hey_mycroft/dataset/negatives/processed/001451.wav
0,1,0.2460,experiments/hey_mycroft/dataset/negatives/not_wake_word_subset/not_wake_word_04758.wav
0,1,0.2577,/home/miro/Workspace/MachineLearningProjects/ww-trainer/experiments/hey_mycroft/dataset/negatives/processed/000227.wav
0,1,0.2312,/home/miro/Workspace/MachineLearningProjects/ww-trainer/experiments/hey_mycroft/dataset/negatives/processed/000182.wav
0,1,0.4697,/home/miro/Workspace/MachineLearningProjects/ww-trainer/experiments/hey_mycroft/dataset/negatives/processed/000907.wav
0,1,0.4817,/home/miro/Workspace/MachineLearningProjects/ww-trainer/experiments/hey_mycroft/dataset/negatives/processed/001588.wav
0,1,0.4825,/home/miro/Workspace/MachineLearningProjects/ww-trainer/experiments/hey_mycroft/dataset/negatives/processed/001336.wav
0,1,0.3237,/home/miro/Workspace/MachineLearningProjects/ww-trainer/experiments/hey_mycroft/dataset/negatives/processed/001139.wav
0,1,0.5336,/home/miro/Workspace/MachineLearningProjects/ww-trainer/experiments/hey_mycroft/dataset/negatives/processed/001047.wav
0,1,0.2374,experiments/hey_mycroft/dataset/negatives/not_wake_word_subset/not_wake_word_06228.wav
0,1,0.2272,experiments/hey_mycroft/dataset/negatives/not_wake_word_subset/not_wake_word_07141.wav
0,1,0.2264,/home/miro/Workspace/MachineLearningProjects/ww-trainer/experiments/hey_mycroft/dataset/negatives/processed/000764.wav
0,1,0.4888,/home/miro/Workspace/MachineLearningProjects/ww-trainer/experiments/hey_mycroft/dataset/negatives/processed/001825.wav
0,1,0.2253,experiments/hey_mycroft/dataset/negatives/not_wake_word_subset/not_wake_word_03930.wav
0,1,0.2389,experiments/hey_mycroft/dataset/negatives/not_wake_word_subset/not_wake_word_09513.wav
0,1,0.2264,experiments/hey_mycroft/dataset/negatives/not_wake_word_subset/not_wake_word_05199.wav
0,1,0.5207,/home/miro/Workspace/MachineLearningProjects/ww-trainer/experiments/hey_mycroft/dataset/negatives/processed/001790.wav
0,1,0.4323,/home/miro/Workspace/MachineLearningProjects/ww-trainer/experiments/hey_mycroft/dataset/negatives/processed/000607.wav
0,1,0.2256,experiments/hey_mycroft/dataset/negatives/not_wake_word_subset/not_wake_word_05734.wav
0,1,0.3922,/home/miro/Workspace/MachineLearningProjects/ww-trainer/experiments/hey_mycroft/dataset/negatives/processed/001292.wav
0,1,0.2739,/home/miro/Workspace/MachineLearningProjects/ww-trainer/experiments/hey_mycroft/dataset/negatives/processed/001466.wav
0,1,0.2414,/home/miro/Workspace/MachineLearningProjects/ww-trainer/experiments/hey_mycroft/dataset/negatives/processed/000280.wav
0,1,0.3976,/home/miro/Workspace/MachineLearningProjects/ww-trainer/experiments/hey_mycroft/dataset/negatives/processed/000997.wav
0,1,0.2383,experiments/hey_mycroft/dataset/negatives/not_wake_word_subset/not_wake_word_02456.wav
0,1,0.2233,experiments/hey_mycroft/dataset/negatives/not_wake_word_subset/not_wake_word_06230.wav
0,1,0.3649,/home/miro/Workspace/MachineLearningProjects/ww-trainer/experiments/hey_mycroft/dataset/negatives/processed/001622.wav
0,1,0.2360,experiments/hey_mycroft/dataset/negatives/not_wake_word_subset/not_wake_word_08566.wav
0,1,0.2462,/home/miro/Workspace/MachineLearningProjects/ww-trainer/experiments/hey_mycroft/dataset/negatives/processed/000048.wav
0,1,0.2263,experiments/hey_mycroft/dataset/negatives/not_wake_word_subset/not_wake_word_05510.wav
0,1,0.2447,/home/miro/Workspace/MachineLearningProjects/ww-trainer/experiments/hey_mycroft/dataset/negatives/processed/000816.wav
0,1,0.3590,/home/miro/Workspace/MachineLearningProjects/ww-trainer/experiments/hey_mycroft/dataset/negatives/processed/001413.wav
0,1,0.2443,experiments/hey_mycroft/dataset/negatives/not_wake_word_subset/not_wake_word_01520.wav
0,1,0.2695,/home/miro/Workspace/MachineLearningProjects/ww-trainer/experiments/hey_mycroft/dataset/negatives/processed/000449.wav
0,1,0.2322,experiments/hey_mycroft/dataset/negatives/not_wake_word_subset/not_wake_word_03991.wav
0,1,0.2401,/home/miro/Workspace/MachineLearningProjects/ww-trainer/experiments/hey_mycroft/dataset/negatives/processed/000229.wav
0,1,0.2244,experiments/hey_mycroft/dataset/negatives/not_wake_word_subset/not_wake_word_03085.wav
0,1,0.3411,/home/miro/Workspace/MachineLearningProjects/ww-trainer/experiments/hey_mycroft/dataset/negatives/processed/001651.wav
0,1,0.2499,experiments/hey_mycroft/dataset/negatives/not_wake_word_subset/not_wake_word_07142.wav
0,1,0.2704,experiments/hey_mycroft/dataset/negatives/not_wake_word_subset/not_wake_word_07750.wav
0,1,0.2461,experiments/hey_mycroft/dataset/negatives/not_wake_word_subset/not_wake_word_07362.wav
0,1,0.3281,/home/miro/Workspace/MachineLearningProjects/ww-trainer/experiments/hey_mycroft/dataset/negatives/processed/000046.wav
0,1,0.2537,experiments/hey_mycroft/dataset/negatives/not_wake_word_subset/not_wake_word_00654.wav
0,1,0.2398,experiments/hey_mycroft/dataset/negatives/not_wake_word_subset/not_wake_word_01122.wav
0,1,0.2644,/home/miro/Workspace/MachineLearningProjects/ww-trainer/experiments/hey_mycroft/dataset/negatives/processed/000700.wav
0,1,0.2593,experiments/hey_mycroft/dataset/negatives/not_wake_word_subset/not_wake_word_09243.wav
0,1,0.2360,experiments/hey_mycroft/dataset/negatives/not_wake_word_subset/not_wake_word_02963.wav
0,1,0.2255,experiments/hey_mycroft/dataset/negatives/not_wake_word_subset/not_wake_word_04090.wav
0,1,0.5239,/home/miro/Workspace/MachineLearningProjects/ww-trainer/experiments/hey_mycroft/dataset/negatives/processed/001193.wav
0,1,0.5984,/home/miro/Workspace/MachineLearningProjects/ww-trainer/experiments/hey_mycroft/dataset/negatives/processed/001323.wav
0,1,0.2484,experiments/hey_mycroft/dataset/negatives/not_wake_word_subset/not_wake_word_04387.wav
0,1,0.2487,experiments/hey_mycroft/dataset/negatives/not_wake_word_subset/not_wake_word_09490.wav
0,1,0.2620,experiments/hey_mycroft/dataset/negatives/not_wake_word_subset/not_wake_word_04263.wav
0,1,0.3399,/home/miro/Workspace/MachineLearningProjects/ww-trainer/experiments/hey_mycroft/dataset/negatives/processed/001794.wav
0,1,0.2371,experiments/hey_mycroft/dataset/negatives/not_wake_word_subset/not_wake_word_04804.wav
0,1,0.2322,experiments/hey_mycroft/dataset/negatives/not_wake_word_subset/not_wake_word_05701.wav
0,1,0.3724,/home/miro/Workspace/MachineLearningProjects/ww-trainer/experiments/hey_mycroft/dataset/negatives/processed/001461.wav
0,1,0.2258,/home/miro/Workspace/MachineLearningProjects/ww-trainer/experiments/hey_mycroft/dataset/negatives/processed/000673.wav
0,1,0.4986,/home/miro/Workspace/MachineLearningProjects/ww-trainer/experiments/hey_mycroft/dataset/negatives/processed/001102.wav
0,1,0.2310,experiments/hey_mycroft/dataset/negatives/not_wake_word_subset/not_wake_word_08202.wav
0,1,0.2531,experiments/hey_mycroft/dataset/negatives/not_wake_word_subset/not_wake_word_04171.wav
0,1,0.2401,experiments/hey_mycroft/dataset/negatives/not_wake_word_subset/not_wake_word_05239.wav
0,1,0.2488,experiments/hey_mycroft/dataset/negatives/not_wake_word_subset/not_wake_word_03867.wav
0,1,0.2491,experiments/hey_mycroft/dataset/negatives/not_wake_word_subset/not_wake_word_08985.wav
0,1,0.2520,experiments/hey_mycroft/dataset/negatives/not_wake_word_subset/not_wake_word_00746.wav
0,1,0.2911,/home/miro/Workspace/MachineLearningProjects/ww-trainer/experiments/hey_mycroft/dataset/negatives/processed/000194.wav
0,1,0.2295,experiments/hey_mycroft/dataset/negatives/not_wake_word_subset/not_wake_word_07179.wav
0,1,0.3198,experiments/hey_mycroft/dataset/negatives/not_wake_word_subset/not_wake_word_04656.wav
0,1,0.2372,experiments/hey_mycroft/dataset/negatives/not_wake_word_subset/not_wake_word_00208.wav
0,1,0.2439,experiments/hey_mycroft/dataset/negatives/not_wake_word_subset/not_wake_word_01744.wav
0,1,0.2450,/home/miro/Workspace/MachineLearningProjects/ww-trainer/experiments/hey_mycroft/dataset/negatives/processed/000822.wav
0,1,0.2546,experiments/hey_mycroft/dataset/negatives/not_wake_word_subset/not_wake_word_06247.wav
0,1,0.2295,/home/miro/Workspace/MachineLearningProjects/ww-trainer/experiments/hey_mycroft/dataset/negatives/processed/000332.wav
0,1,0.2649,/home/miro/Workspace/MachineLearningProjects/ww-trainer/experiments/hey_mycroft/dataset/negatives/processed/000053.wav
0,1,0.2368,experiments/hey_mycroft/dataset/negatives/not_wake_word_subset/not_wake_word_03630.wav
0,1,0.2268,/home/miro/Workspace/MachineLearningProjects/ww-trainer/experiments/hey_mycroft/dataset/negatives/processed/000098.wav
0,1,0.3839,/home/miro/Workspace/MachineLearningProjects/ww-trainer/experiments/hey_mycroft/dataset/negatives/processed/001782.wav
0,1,0.3515,/home/miro/Workspace/MachineLearningProjects/ww-trainer/experiments/hey_mycroft/dataset/negatives/processed/001536.wav
0,1,0.2581,/home/miro/Workspace/MachineLearningProjects/ww-trainer/experiments/hey_mycroft/dataset/negatives/processed/000026.wav
0,1,0.4207,/home/miro/Workspace/MachineLearningProjects/ww-trainer/experiments/hey_mycroft/dataset/negatives/processed/001273.wav
0,1,0.2504,/home/miro/Workspace/MachineLearningProjects/ww-trainer/experiments/hey_mycroft/dataset/negatives/processed/000517.wav
0,1,0.4668,/home/miro/Workspace/MachineLearningProjects/ww-trainer/experiments/hey_mycroft/dataset/negatives/processed/001809.wav
0,1,0.2372,experiments/hey_mycroft/dataset/negatives/not_wake_word_subset/not_wake_word_01532.wav
0,1,0.2609,experiments/hey_mycroft/dataset/negatives/not_wake_word_subset/not_wake_word_04426.wav
0,1,0.2261,experiments/hey_mycroft/dataset/negatives/not_wake_word_subset/not_wake_word_04066.wav
0,1,0.2229,experiments/hey_mycroft/dataset/negatives/not_wake_word_subset/not_wake_word_00723.wav
0,1,0.2470,experiments/hey_mycroft/dataset/negatives/not_wake_word_subset/not_wake_word_00859.wav
0,1,0.2307,experiments/hey_mycroft/dataset/negatives/not_wake_word_subset/not_wake_word_09788.wav
0,1,0.5297,/home/miro/Workspace/MachineLearningProjects/ww-trainer/experiments/hey_mycroft/dataset/negatives/processed/001249.wav
0,1,0.4138,/home/miro/Workspace/MachineLearningProjects/ww-trainer/experiments/hey_mycroft/dataset/negatives/processed/001257.wav
0,1,0.4510,/home/miro/Workspace/MachineLearningProjects/ww-trainer/experiments/hey_mycroft/dataset/negatives/processed/001366.wav
0,1,0.2336,experiments/hey_mycroft/dataset/negatives/not_wake_word_subset/not_wake_word_07771.wav
0,1,0.5009,/home/miro/Workspace/MachineLearningProjects/ww-trainer/experiments/hey_mycroft/dataset/negatives/processed/001208.wav
0,1,0.2365,experiments/hey_mycroft/dataset/negatives/not_wake_word_subset/not_wake_word_01490.wav
0,1,0.2233,experiments/hey_mycroft/dataset/negatives/not_wake_word_subset/not_wake_word_07405.wav
0,1,0.2373,experiments/hey_mycroft/dataset/negatives/not_wake_word_subset/not_wake_word_02331.wav
0,1,0.2428,/home/miro/Workspace/MachineLearningProjects/ww-trainer/experiments/hey_mycroft/dataset/negatives/processed/001948.wav
0,1,0.2528,experiments/hey_mycroft/dataset/negatives/not_wake_word_subset/not_wake_word_04558.wav
0,1,0.4511,/home/miro/Workspace/MachineLearningProjects/ww-trainer/experiments/hey_mycroft/dataset/negatives/processed/001728.wav
0,1,0.3332,/home/miro/Workspace/MachineLearningProjects/ww-trainer/experiments/hey_mycroft/dataset/negatives/processed/001225.wav
0,1,0.2315,experiments/hey_mycroft/dataset/negatives/not_wake_word_subset/not_wake_word_05851.wav
0,1,0.2427,/home/miro/Workspace/MachineLearningProjects/ww-trainer/experiments/hey_mycroft/dataset/negatives/processed/000228.wav
0,1,0.2970,experiments/hey_mycroft/dataset/negatives/not_wake_word_subset/not_wake_word_05120.wav
0,1,0.3033,/home/miro/Workspace/MachineLearningProjects/ww-trainer/experiments/hey_mycroft/dataset/negatives/processed/000871.wav
0,1,0.2338,experiments/hey_mycroft/dataset/negatives/not_wake_word_subset/not_wake_word_07399.wav
0,1,0.4326,/home/miro/Workspace/MachineLearningProjects/ww-trainer/experiments/hey_mycroft/dataset/negatives/processed/001698.wav
0,1,0.2453,experiments/hey_mycroft/dataset/negatives/not_wake_word_subset/not_wake_word_05725.wav
0,1,0.4299,/home/miro/Workspace/MachineLearningProjects/ww-trainer/experiments/hey_mycroft/dataset/negatives/processed/000603.wav
0,1,0.3555,/home/miro/Workspace/MachineLearningProjects/ww-trainer/experiments/hey_mycroft/dataset/negatives/processed/001125.wav
0,1,0.2456,/home/miro/Workspace/MachineLearningProjects/ww-trainer/experiments/hey_mycroft/dataset/negatives/processed/000184.wav
0,1,0.2272,/home/miro/Workspace/MachineLearningProjects/ww-trainer/experiments/hey_mycroft/dataset/negatives/processed/000411.wav
0,1,0.3734,/home/miro/Workspace/MachineLearningProjects/ww-trainer/experiments/hey_mycroft/dataset/negatives/processed/001737.wav
0,1,0.2245,experiments/hey_mycroft/dataset/negatives/not_wake_word_subset/not_wake_word_07044.wav
0,1,0.2666,experiments/hey_mycroft/dataset/negatives/not_wake_word_subset/not_wake_word_07207.wav
0,1,0.2263,experiments/hey_mycroft/dataset/negatives/not_wake_word_subset/not_wake_word_05969.wav
0,1,0.2280,experiments/hey_mycroft/dataset/negatives/not_wake_word_subset/not_wake_word_08956.wav
0,1,0.4544,/home/miro/Workspace/MachineLearningProjects/ww-trainer/experiments/hey_mycroft/dataset/negatives/processed/000944.wav
0,1,0.2375,experiments/hey_mycroft/dataset/negatives/not_wake_word_subset/not_wake_word_09450.wav
0,1,0.2554,experiments/hey_mycroft/dataset/negatives/not_wake_word_subset/not_wake_word_02472.wav
0,1,0.2557,/home/miro/Workspace/MachineLearningProjects/ww-trainer/experiments/hey_mycroft/dataset/negatives/processed/000276.wav
0,1,0.2592,experiments/hey_mycroft/dataset/negatives/not_wake_word_subset/not_wake_word_00894.wav
0,1,0.3811,/home/miro/Workspace/MachineLearningProjects/ww-trainer/experiments/hey_mycroft/dataset/negatives/processed/001847.wav
0,1,0.2305,experiments/hey_mycroft/dataset/negatives/not_wake_word_subset/not_wake_word_09561.wav
0,1,0.3110,/home/miro/Workspace/MachineLearningProjects/ww-trainer/experiments/hey_mycroft/dataset/negatives/processed/000966.wav
0,1,0.2231,experiments/hey_mycroft/dataset/negatives/not_wake_word_subset/not_wake_word_04499.wav
0,1,0.2485,experiments/hey_mycroft/dataset/negatives/not_wake_word_subset/not_wake_word_07139.wav
0,1,0.2308,/home/miro/Workspace/MachineLearningProjects/ww-trainer/experiments/hey_mycroft/dataset/negatives/processed/000354.wav
0,1,0.2682,experiments/hey_mycroft/dataset/negatives/not_wake_word_subset/not_wake_word_02537.wav
0,1,0.2724,experiments/hey_mycroft/dataset/negatives/not_wake_word_subset/not_wake_word_09857.wav
0,1,0.2313,experiments/hey_mycroft/dataset/negatives/not_wake_word_subset/not_wake_word_05420.wav
0,1,0.3167,/home/miro/Workspace/MachineLearningProjects/ww-trainer/experiments/hey_mycroft/dataset/negatives/processed/000055.wav
0,1,0.2229,experiments/hey_mycroft/dataset/negatives/not_wake_word_subset/not_wake_word_03907.wav
0,1,0.3207,experiments/hey_mycroft/dataset/negatives/not_wake_word_subset/not_wake_word_07317.wav
0,1,0.2429,experiments/hey_mycroft/dataset/negatives/not_wake_word_subset/not_wake_word_02435.wav
0,1,0.2457,experiments/hey_mycroft/dataset/negatives/not_wake_word_subset/not_wake_word_09144.wav
0,1,0.2914,experiments/hey_mycroft/dataset/negatives/not_wake_word_subset/not_wake_word_09202.wav
0,1,0.2972,/home/miro/Workspace/MachineLearningProjects/ww-trainer/experiments/hey_mycroft/dataset/negatives/processed/000331.wav
0,1,0.2417,experiments/hey_mycroft/dataset/negatives/not_wake_word_subset/not_wake_word_07230.wav
0,1,0.2647,/home/miro/Workspace/MachineLearningProjects/ww-trainer/experiments/hey_mycroft/dataset/negatives/processed/000151.wav
0,1,0.2569,/home/miro/Workspace/MachineLearningProjects/ww-trainer/experiments/hey_mycroft/dataset/negatives/processed/000402.wav
0,1,0.2850,experiments/hey_mycroft/dataset/negatives/not_wake_word_subset/not_wake_word_00127.wav
0,1,0.2331,experiments/hey_mycroft/dataset/negatives/not_wake_word_subset/not_wake_word_07957.wav
0,1,0.2255,experiments/hey_mycroft/dataset/negatives/not_wake_word_subset/not_wake_word_01209.wav
0,1,0.2444,experiments/hey_mycroft/dataset/negatives/not_wake_word_subset/not_wake_word_07386.wav
0,1,0.3436,/home/miro/Workspace/MachineLearningProjects/ww-trainer/experiments/hey_mycroft/dataset/negatives/processed/000028.wav
0,1,0.2310,/home/miro/Workspace/MachineLearningProjects/ww-trainer/experiments/hey_mycroft/dataset/negatives/processed/001325.wav
0,1,0.2287,experiments/hey_mycroft/dataset/negatives/not_wake_word_subset/not_wake_word_03589.wav
0,1,0.3648,/home/miro/Workspace/MachineLearningProjects/ww-trainer/experiments/hey_mycroft/dataset/negatives/processed/001070.wav
0,1,0.2283,experiments/hey_mycroft/dataset/negatives/not_wake_word_subset/not_wake_word_08453.wav
0,1,0.4302,/home/miro/Workspace/MachineLearningProjects/ww-trainer/experiments/hey_mycroft/dataset/negatives/processed/001784.wav
0,1,0.2349,experiments/hey_mycroft/dataset/negatives/not_wake_word_subset/not_wake_word_07963.wav
0,1,0.3495,/home/miro/Workspace/MachineLearningProjects/ww-trainer/experiments/hey_mycroft/dataset/negatives/processed/000053.wav
0,1,0.2231,experiments/hey_mycroft/dataset/negatives/not_wake_word_subset/not_wake_word_09307.wav
0,1,0.2266,experiments/hey_mycroft/dataset/negatives/not_wake_word_subset/not_wake_word_09481.wav
0,1,0.2398,experiments/hey_mycroft/dataset/negatives/not_wake_word_subset/not_wake_word_08640.wav
0,1,0.2727,experiments/hey_mycroft/dataset/negatives/not_wake_word_subset/not_wake_word_03139.wav
0,1,0.2386,experiments/hey_mycroft/dataset/negatives/not_wake_word_subset/not_wake_word_00319.wav
0,1,0.2402,experiments/hey_mycroft/dataset/negatives/not_wake_word_subset/not_wake_word_03457.wav
0,1,0.2766,experiments/hey_mycroft/dataset/negatives/not_wake_word_subset/not_wake_word_02595.wav
0,1,0.2703,/home/miro/Workspace/MachineLearningProjects/ww-trainer/experiments/hey_mycroft/dataset/negatives/processed/000069.wav
0,1,0.3045,/home/miro/Workspace/MachineLearningProjects/ww-trainer/experiments/hey_mycroft/dataset/negatives/processed/000829.wav
0,1,0.2516,/home/miro/Workspace/MachineLearningProjects/ww-trainer/experiments/hey_mycroft/dataset/negatives/processed/000736.wav
0,1,0.2268,/home/miro/Workspace/MachineLearningProjects/ww-trainer/experiments/hey_mycroft/dataset/negatives/processed/000294.wav
0,1,0.2470,/home/miro/Workspace/MachineLearningProjects/ww-trainer/experiments/hey_mycroft/dataset/negatives/processed/000150.wav
0,1,0.3267,/home/miro/Workspace/MachineLearningProjects/ww-trainer/experiments/hey_mycroft/dataset/negatives/processed/000029.wav
0,1,0.2656,experiments/hey_mycroft/dataset/negatives/not_wake_word_subset/not_wake_word_07398.wav
0,1,0.2454,experiments/hey_mycroft/dataset/negatives/not_wake_word_subset/not_wake_word_03222.wav
0,1,0.2421,experiments/hey_mycroft/dataset/negatives/not_wake_word_subset/not_wake_word_02939.wav
0,1,0.2328,experiments/hey_mycroft/dataset/negatives/not_wake_word_subset/not_wake_word_07788.wav
0,1,0.3251,experiments/hey_mycroft/dataset/negatives/not_wake_word_subset/not_wake_word_05941.wav
0,1,0.3221,experiments/hey_mycroft/dataset/negatives/not_wake_word_subset/not_wake_word_01658.wav
0,1,0.2415,experiments/hey_mycroft/dataset/negatives/not_wake_word_subset/not_wake_word_07913.wav
0,1,0.2304,experiments/hey_mycroft/dataset/negatives/not_wake_word_subset/not_wake_word_05077.wav
0,1,0.3393,/home/miro/Workspace/MachineLearningProjects/ww-trainer/experiments/hey_mycroft/dataset/negatives/processed/000881.wav
0,1,0.2466,experiments/hey_mycroft/dataset/negatives/not_wake_word_subset/not_wake_word_05530.wav
0,1,0.3808,/home/miro/Workspace/MachineLearningProjects/ww-trainer/experiments/hey_mycroft/dataset/negatives/processed/001816.wav
0,1,0.2307,experiments/hey_mycroft/dataset/negatives/not_wake_word_subset/not_wake_word_05874.wav
0,1,0.5091,/home/miro/Workspace/MachineLearningProjects/ww-trainer/experiments/hey_mycroft/dataset/negatives/processed/001837.wav
0,1,0.2655,experiments/hey_mycroft/dataset/negatives/not_wake_word_subset/not_wake_word_02443.wav
0,1,0.5064,/home/miro/Workspace/MachineLearningProjects/ww-trainer/experiments/hey_mycroft/dataset/negatives/processed/001520.wav
0,1,0.2371,/home/miro/Workspace/MachineLearningProjects/ww-trainer/experiments/hey_mycroft/dataset/negatives/processed/000193.wav
0,1,0.3943,/home/miro/Workspace/MachineLearningProjects/ww-trainer/experiments/hey_mycroft/dataset/negatives/processed/001103.wav
0,1,0.2326,/home/miro/Workspace/MachineLearningProjects/ww-trainer/experiments/hey_mycroft/dataset/negatives/processed/000481.wav
0,1,0.3081,/home/miro/Workspace/MachineLearningProjects/ww-trainer/experiments/hey_mycroft/dataset/negatives/processed/001457.wav
0,1,0.3503,/home/miro/Workspace/MachineLearningProjects/ww-trainer/experiments/hey_mycroft/dataset/negatives/processed/001212.wav
0,1,0.2230,experiments/hey_mycroft/dataset/negatives/not_wake_word_subset/not_wake_word_07363.wav
0,1,0.2414,experiments/hey_mycroft/dataset/negatives/not_wake_word_subset/not_wake_word_05461.wav
0,1,0.7166,/home/miro/Workspace/MachineLearningProjects/ww-trainer/experiments/hey_mycroft/dataset/negatives/processed/001817.wav
0,1,0.2273,/home/miro/Workspace/MachineLearningProjects/ww-trainer/experiments/hey_mycroft/dataset/negatives/processed/000694.wav
0,1,0.2328,experiments/hey_mycroft/dataset/negatives/not_wake_word_subset/not_wake_word_07217.wav
0,1,0.2254,/home/miro/Workspace/MachineLearningProjects/ww-trainer/experiments/hey_mycroft/dataset/negatives/processed/000177.wav
0,1,0.5450,/home/miro/Workspace/MachineLearningProjects/ww-trainer/experiments/hey_mycroft/dataset/negatives/processed/001804.wav
0,1,0.2563,experiments/hey_mycroft/dataset/negatives/not_wake_word_subset/not_wake_word_02210.wav
0,1,0.2585,experiments/hey_mycroft/dataset/negatives/not_wake_word_subset/not_wake_word_07917.wav
0,1,0.2263,experiments/hey_mycroft/dataset/negatives/not_wake_word_subset/not_wake_word_05402.wav
0,1,0.2243,/home/miro/Workspace/MachineLearningProjects/ww-trainer/experiments/hey_mycroft/dataset/negatives/processed/000174.wav
0,1,0.2529,experiments/hey_mycroft/dataset/negatives/not_wake_word_subset/not_wake_word_08825.wav
0,1,0.2254,/home/miro/Workspace/MachineLearningProjects/ww-trainer/experiments/hey_mycroft/dataset/negatives/processed/000351.wav
0,1,0.4709,/home/miro/Workspace/MachineLearningProjects/ww-trainer/experiments/hey_mycroft/dataset/negatives/processed/001673.wav
0,1,0.3143,/home/miro/Workspace/MachineLearningProjects/ww-trainer/experiments/hey_mycroft/dataset/negatives/processed/001468.wav
0,1,0.2269,experiments/hey_mycroft/dataset/negatives/not_wake_word_subset/not_wake_word_06512.wav
0,1,0.2311,/home/miro/Workspace/MachineLearningProjects/ww-trainer/experiments/hey_mycroft/dataset/negatives/processed/001227.wav
0,1,0.4736,/home/miro/Workspace/MachineLearningProjects/ww-trainer/experiments/hey_mycroft/dataset/negatives/processed/001268.wav
0,1,0.4324,/home/miro/Workspace/MachineLearningProjects/ww-trainer/experiments/hey_mycroft/dataset/negatives/processed/001630.wav
0,1,0.2517,experiments/hey_mycroft/dataset/negatives/not_wake_word_subset/not_wake_word_02957.wav
0,1,0.2488,experiments/hey_mycroft/dataset/negatives/not_wake_word_subset/not_wake_word_01155.wav
0,1,0.2463,experiments/hey_mycroft/dataset/negatives/not_wake_word_subset/not_wake_word_04773.wav
0,1,0.2253,experiments/hey_mycroft/dataset/negatives/not_wake_word_subset/not_wake_word_05371.wav
0,1,0.2313,experiments/hey_mycroft/dataset/negatives/not_wake_word_subset/not_wake_word_08290.wav
0,1,0.3482,/home/miro/Workspace/MachineLearningProjects/ww-trainer/experiments/hey_mycroft/dataset/negatives/processed/001481.wav
0,1,0.2367,experiments/hey_mycroft/dataset/negatives/not_wake_word_subset/not_wake_word_05237.wav
0,1,0.2531,experiments/hey_mycroft/dataset/negatives/not_wake_word_subset/not_wake_word_07745.wav
0,1,0.2236,/home/miro/Workspace/MachineLearningProjects/ww-trainer/experiments/hey_mycroft/dataset/negatives/processed/000621.wav
0,1,0.2236,/home/miro/Workspace/MachineLearningProjects/ww-trainer/experiments/hey_mycroft/dataset/negatives/processed/000003.wav
0,1,0.4468,/home/miro/Workspace/MachineLearningProjects/ww-trainer/experiments/hey_mycroft/dataset/negatives/processed/001844.wav
0,1,0.2401,experiments/hey_mycroft/dataset/negatives/not_wake_word_subset/not_wake_word_03695.wav
0,1,0.2276,/home/miro/Workspace/MachineLearningProjects/ww-trainer/experiments/hey_mycroft/dataset/negatives/processed/000145.wav
0,1,0.2454,experiments/hey_mycroft/dataset/negatives/not_wake_word_subset/not_wake_word_03511.wav
0,1,0.4587,/home/miro/Workspace/MachineLearningProjects/ww-trainer/experiments/hey_mycroft/dataset/negatives/processed/001542.wav
0,1,0.2254,experiments/hey_mycroft/dataset/negatives/not_wake_word_subset/not_wake_word_00401.wav
0,1,0.2488,/home/miro/Workspace/MachineLearningProjects/ww-trainer/experiments/hey_mycroft/dataset/negatives/processed/000269.wav
0,1,0.3658,/home/miro/Workspace/MachineLearningProjects/ww-trainer/experiments/hey_mycroft/dataset/negatives/processed/001025.wav
0,1,0.2248,experiments/hey_mycroft/dataset/negatives/not_wake_word_subset/not_wake_word_07801.wav
0,1,0.2279,experiments/hey_mycroft/dataset/negatives/not_wake_word_subset/not_wake_word_02882.wav
0,1,0.2310,experiments/hey_mycroft/dataset/negatives/not_wake_word_subset/not_wake_word_07528.wav
0,1,0.2757,experiments/hey_mycroft/dataset/negatives/not_wake_word_subset/not_wake_word_02276.wav
0,1,0.2576,experiments/hey_mycroft/dataset/negatives/not_wake_word_subset/not_wake_word_01748.wav
0,1,0.2755,experiments/hey_mycroft/dataset/negatives/not_wake_word_subset/not_wake_word_09818.wav
0,1,0.2539,/home/miro/Workspace/MachineLearningProjects/ww-trainer/experiments/hey_mycroft/dataset/negatives/processed/000330.wav
0,1,0.4801,/home/miro/Workspace/MachineLearningProjects/ww-trainer/experiments/hey_mycroft/dataset/negatives/processed/001267.wav
0,1,0.2493,/home/miro/Workspace/MachineLearningProjects/ww-trainer/experiments/hey_mycroft/dataset/negatives/processed/000232.wav
0,1,0.4577,/home/miro/Workspace/MachineLearningProjects/ww-trainer/experiments/hey_mycroft/dataset/negatives/processed/001200.wav
0,1,0.2362,experiments/hey_mycroft/dataset/negatives/not_wake_word_subset/not_wake_word_04544.wav
0,1,0.4936,/home/miro/Workspace/MachineLearningProjects/ww-trainer/experiments/hey_mycroft/dataset/negatives/processed/001202.wav
0,1,0.3277,/home/miro/Workspace/MachineLearningProjects/ww-trainer/experiments/hey_mycroft/dataset/negatives/processed/001631.wav
0,1,0.2350,/home/miro/Workspace/MachineLearningProjects/ww-trainer/experiments/hey_mycroft/dataset/negatives/processed/000761.wav
0,1,0.2487,experiments/hey_mycroft/dataset/negatives/not_wake_word_subset/not_wake_word_02077.wav
0,1,0.2426,experiments/hey_mycroft/dataset/negatives/not_wake_word_subset/not_wake_word_01502.wav
0,1,0.2535,/home/miro/Workspace/MachineLearningProjects/ww-trainer/experiments/hey_mycroft/dataset/negatives/processed/000465.wav
0,1,0.2466,experiments/hey_mycroft/dataset/negatives/not_wake_word_subset/not_wake_word_09578.wav
0,1,0.2237,experiments/hey_mycroft/dataset/negatives/not_wake_word_subset/not_wake_word_06992.wav
0,1,0.5458,/home/miro/Workspace/MachineLearningProjects/ww-trainer/experiments/hey_mycroft/dataset/negatives/processed/000996.wav
0,1,0.2342,experiments/hey_mycroft/dataset/negatives/not_wake_word_subset/not_wake_word_05360.wav
0,1,0.2356,experiments/hey_mycroft/dataset/negatives/not_wake_word_subset/not_wake_word_09069.wav
0,1,0.2250,experiments/hey_mycroft/dataset/negatives/not_wake_word_subset/not_wake_word_04936.wav
0,1,0.2392,experiments/hey_mycroft/dataset/negatives/not_wake_word_subset/not_wake_word_06718.wav
0,1,0.4572,/home/miro/Workspace/MachineLearningProjects/ww-trainer/experiments/hey_mycroft/dataset/negatives/processed/000864.wav
0,1,0.2624,experiments/hey_mycroft/dataset/negatives/not_wake_word_subset/not_wake_word_01403.wav
0,1,0.2671,experiments/hey_mycroft/dataset/negatives/not_wake_word_subset/not_wake_word_04119.wav
0,1,0.2641,experiments/hey_mycroft/dataset/negatives/not_wake_word_subset/not_wake_word_09083.wav
0,1,0.2723,experiments/hey_mycroft/dataset/negatives/not_wake_word_subset/not_wake_word_05353.wav
0,1,0.2758,experiments/hey_mycroft/dataset/negatives/not_wake_word_subset/not_wake_word_04654.wav
0,1,0.2993,/home/miro/Workspace/MachineLearningProjects/ww-trainer/experiments/hey_mycroft/dataset/negatives/processed/000823.wav
0,1,0.2949,/home/miro/Workspace/MachineLearningProjects/ww-trainer/experiments/hey_mycroft/dataset/negatives/processed/000061.wav
0,1,0.2790,experiments/hey_mycroft/dataset/negatives/not_wake_word_subset/not_wake_word_07451.wav
0,1,0.2857,/home/miro/Workspace/MachineLearningProjects/ww-trainer/experiments/hey_mycroft/dataset/negatives/processed/000539.wav
0,1,0.2244,experiments/hey_mycroft/dataset/negatives/not_wake_word_subset/not_wake_word_00711.wav
0,1,0.2248,experiments/hey_mycroft/dataset/negatives/not_wake_word_subset/not_wake_word_04902.wav
0,1,0.4877,/home/miro/Workspace/MachineLearningProjects/ww-trainer/experiments/hey_mycroft/dataset/negatives/processed/001697.wav
0,1,0.2340,experiments/hey_mycroft/dataset/negatives/not_wake_word_subset/not_wake_word_00547.wav
0,1,0.2330,experiments/hey_mycroft/dataset/negatives/not_wake_word_subset/not_wake_word_03347.wav
0,1,0.2270,experiments/hey_mycroft/dataset/negatives/not_wake_word_subset/not_wake_word_01425.wav
0,1,0.2393,/home/miro/Workspace/MachineLearningProjects/ww-trainer/experiments/hey_mycroft/dataset/negatives/processed/000454.wav
0,1,0.3857,/home/miro/Workspace/MachineLearningProjects/ww-trainer/experiments/hey_mycroft/dataset/negatives/processed/001006.wav
0,1,0.3066,experiments/hey_mycroft/dataset/negatives/not_wake_word_subset/not_wake_word_06027.wav
0,1,0.2948,/home/miro/Workspace/MachineLearningProjects/ww-trainer/experiments/hey_mycroft/dataset/negatives/processed/001108.wav
0,1,0.2324,/home/miro/Workspace/MachineLearningProjects/ww-trainer/experiments/hey_mycroft/dataset/negatives/processed/000464.wav
0,1,0.2450,experiments/hey_mycroft/dataset/negatives/not_wake_word_subset/not_wake_word_01130.wav
0,1,0.2238,experiments/hey_mycroft/dataset/negatives/not_wake_word_subset/not_wake_word_06935.wav
0,1,0.2232,experiments/hey_mycroft/dataset/negatives/not_wake_word_subset/not_wake_word_00921.wav
0,1,0.3787,/home/miro/Workspace/MachineLearningProjects/ww-trainer/experiments/hey_mycroft/dataset/negatives/processed/001649.wav
0,1,0.2268,experiments/hey_mycroft/dataset/negatives/not_wake_word_subset/not_wake_word_07369.wav
0,1,0.2292,experiments/hey_mycroft/dataset/negatives/not_wake_word_subset/not_wake_word_06042.wav
0,1,0.2246,/home/miro/Workspace/MachineLearningProjects/ww-trainer/experiments/hey_mycroft/dataset/negatives/processed/000185.wav
0,1,0.5805,/home/miro/Workspace/MachineLearningProjects/ww-trainer/experiments/hey_mycroft/dataset/negatives/processed/001701.wav
0,1,0.2240,experiments/hey_mycroft/dataset/negatives/not_wake_word_subset/not_wake_word_03771.wav
0,1,0.2657,experiments/hey_mycroft/dataset/negatives/not_wake_word_subset/not_wake_word_06810.wav
0,1,0.2432,/home/miro/Workspace/MachineLearningProjects/ww-trainer/experiments/hey_mycroft/dataset/negatives/processed/000058.wav
0,1,0.2341,experiments/hey_mycroft/dataset/negatives/not_wake_word_subset/not_wake_word_00118.wav
0,1,0.4607,/home/miro/Workspace/MachineLearningProjects/ww-trainer/experiments/hey_mycroft/dataset/negatives/processed/001966.wav
0,1,0.2401,experiments/hey_mycroft/dataset/negatives/not_wake_word_subset/not_wake_word_04603.wav
0,1,0.2436,/home/miro/Workspace/MachineLearningProjects/ww-trainer/experiments/hey_mycroft/dataset/negatives/processed/000831.wav
0,1,0.4863,/home/miro/Workspace/MachineLearningProjects/ww-trainer/experiments/hey_mycroft/dataset/negatives/processed/001023.wav
0,1,0.2238,experiments/hey_mycroft/dataset/negatives/not_wake_word_subset/not_wake_word_07737.wav
0,1,0.2389,experiments/hey_mycroft/dataset/negatives/not_wake_word_subset/not_wake_word_08212.wav
0,1,0.2230,/home/miro/Workspace/MachineLearningProjects/ww-trainer/experiments/hey_mycroft/dataset/negatives/processed/000148.wav
0,1,0.2458,experiments/hey_mycroft/dataset/negatives/not_wake_word_subset/not_wake_word_03921.wav
0,1,0.3256,/home/miro/Workspace/MachineLearningProjects/ww-trainer/experiments/hey_mycroft/dataset/negatives/processed/001596.wav
0,1,0.3682,/home/miro/Workspace/MachineLearningProjects/ww-trainer/experiments/hey_mycroft/dataset/negatives/processed/000964.wav
0,1,0.2504,/home/miro/Workspace/MachineLearningProjects/ww-trainer/experiments/hey_mycroft/dataset/negatives/processed/000712.wav
0,1,0.2419,experiments/hey_mycroft/dataset/negatives/not_wake_word_subset/not_wake_word_02610.wav
0,1,0.2346,/home/miro/Workspace/MachineLearningProjects/ww-trainer/experiments/hey_mycroft/dataset/negatives/processed/000675.wav
0,1,0.2630,experiments/hey_mycroft/dataset/negatives/not_wake_word_subset/not_wake_word_09875.wav
0,1,0.2243,/home/miro/Workspace/MachineLearningProjects/ww-trainer/experiments/hey_mycroft/dataset/negatives/processed/000400.wav
0,1,0.2375,experiments/hey_mycroft/dataset/negatives/not_wake_word_subset/not_wake_word_09035.wav
0,1,0.2617,/home/miro/Workspace/MachineLearningProjects/ww-trainer/experiments/hey_mycroft/dataset/negatives/processed/001589.wav
0,1,0.2315,experiments/hey_mycroft/dataset/negatives/not_wake_word_subset/not_wake_word_03847.wav
0,1,0.2229,experiments/hey_mycroft/dataset/negatives/not_wake_word_subset/not_wake_word_02663.wav
0,1,0.2286,experiments/hey_mycroft/dataset/negatives/not_wake_word_subset/not_wake_word_01216.wav
0,1,0.2393,experiments/hey_mycroft/dataset/negatives/not_wake_word_subset/not_wake_word_07246.wav
0,1,0.2241,experiments/hey_mycroft/dataset/negatives/not_wake_word_subset/not_wake_word_00642.wav
0,1,0.2491,experiments/hey_mycroft/dataset/negatives/not_wake_word_subset/not_wake_word_09020.wav
0,1,0.2457,experiments/hey_mycroft/dataset/negatives/not_wake_word_subset/not_wake_word_06013.wav
0,1,0.2563,/home/miro/Workspace/MachineLearningProjects/ww-trainer/experiments/hey_mycroft/dataset/negatives/processed/001839.wav
0,1,0.4578,/home/miro/Workspace/MachineLearningProjects/ww-trainer/experiments/hey_mycroft/dataset/negatives/processed/001862.wav
0,1,0.2423,experiments/hey_mycroft/dataset/negatives/not_wake_word_subset/not_wake_word_08159.wav
0,1,0.2439,/home/miro/Workspace/MachineLearningProjects/ww-trainer/experiments/hey_mycroft/dataset/negatives/processed/000052.wav
0,1,0.2399,experiments/hey_mycroft/dataset/negatives/not_wake_word_subset/not_wake_word_03924.wav
0,1,0.2365,experiments/hey_mycroft/dataset/negatives/not_wake_word_subset/not_wake_word_01675.wav
0,1,0.2634,/home/miro/Workspace/MachineLearningProjects/ww-trainer/experiments/hey_mycroft/dataset/negatives/processed/001219.wav
0,1,0.2403,experiments/hey_mycroft/dataset/negatives/not_wake_word_subset/not_wake_word_09486.wav
0,1,0.2314,/home/miro/Workspace/MachineLearningProjects/ww-trainer/experiments/hey_mycroft/dataset/negatives/processed/000765.wav
0,1,0.4220,/home/miro/Workspace/MachineLearningProjects/ww-trainer/experiments/hey_mycroft/dataset/negatives/processed/001601.wav
0,1,0.2230,experiments/hey_mycroft/dataset/negatives/not_wake_word_subset/not_wake_word_08884.wav
0,1,0.2456,experiments/hey_mycroft/dataset/negatives/not_wake_word_subset/not_wake_word_03229.wav
0,1,0.5604,/home/miro/Workspace/MachineLearningProjects/ww-trainer/experiments/hey_mycroft/dataset/negatives/processed/001469.wav
0,1,0.5180,/home/miro/Workspace/MachineLearningProjects/ww-trainer/experiments/hey_mycroft/dataset/negatives/processed/001656.wav
0,1,0.2257,experiments/hey_mycroft/dataset/negatives/not_wake_word_subset/not_wake_word_02104.wav
0,1,0.2291,experiments/hey_mycroft/dataset/negatives/not_wake_word_subset/not_wake_word_04559.wav
0,1,0.2246,/home/miro/Workspace/MachineLearningProjects/ww-trainer/experiments/hey_mycroft/dataset/negatives/processed/000701.wav
0,1,0.4879,/home/miro/Workspace/MachineLearningProjects/ww-trainer/experiments/hey_mycroft/dataset/negatives/processed/000935.wav
0,1,0.2241,/home/miro/Workspace/MachineLearningProjects/ww-trainer/experiments/hey_mycroft/dataset/negatives/processed/000073.wav
0,1,0.2273,experiments/hey_mycroft/dataset/negatives/not_wake_word_subset/not_wake_word_02998.wav
0,1,0.2275,/home/miro/Workspace/MachineLearningProjects/ww-trainer/experiments/hey_mycroft/dataset/negatives/processed/000521.wav
0,1,0.2417,/home/miro/Workspace/MachineLearningProjects/ww-trainer/experiments/hey_mycroft/dataset/negatives/processed/000119.wav
0,1,0.2370,experiments/hey_mycroft/dataset/negatives/not_wake_word_subset/not_wake_word_04739.wav
0,1,0.2321,experiments/hey_mycroft/dataset/negatives/not_wake_word_subset/not_wake_word_01443.wav
0,1,0.4737,/home/miro/Workspace/MachineLearningProjects/ww-trainer/experiments/hey_mycroft/dataset/negatives/processed/001302.wav
0,1,0.2359,experiments/hey_mycroft/dataset/negatives/not_wake_word_subset/not_wake_word_09226.wav
0,1,0.2473,/home/miro/Workspace/MachineLearningProjects/ww-trainer/experiments/hey_mycroft/dataset/negatives/processed/000054.wav
0,1,0.2354,experiments/hey_mycroft/dataset/negatives/not_wake_word_subset/not_wake_word_08904.wav
0,1,0.2492,/home/miro/Workspace/MachineLearningProjects/ww-trainer/experiments/hey_mycroft/dataset/negatives/processed/000757.wav
0,1,0.2254,/home/miro/Workspace/MachineLearningProjects/ww-trainer/experiments/hey_mycroft/dataset/negatives/processed/000177.wav
0,1,0.2256,experiments/hey_mycroft/dataset/negatives/not_wake_word_subset/not_wake_word_08941.wav
0,1,0.2275,experiments/hey_mycroft/dataset/negatives/not_wake_word_subset/not_wake_word_05554.wav
0,1,0.3413,/home/miro/Workspace/MachineLearningProjects/ww-trainer/experiments/hey_mycroft/dataset/negatives/processed/000960.wav
0,1,0.4016,/home/miro/Workspace/MachineLearningProjects/ww-trainer/experiments/hey_mycroft/dataset/negatives/processed/001154.wav
0,1,0.4791,/home/miro/Workspace/MachineLearningProjects/ww-trainer/experiments/hey_mycroft/dataset/negatives/processed/001553.wav
0,1,0.4136,/home/miro/Workspace/MachineLearningProjects/ww-trainer/experiments/hey_mycroft/dataset/negatives/processed/000259.wav
0,1,0.2381,/home/miro/Workspace/MachineLearningProjects/ww-trainer/experiments/hey_mycroft/dataset/negatives/processed/000226.wav
0,1,0.4232,/home/miro/Workspace/MachineLearningProjects/ww-trainer/experiments/hey_mycroft/dataset/negatives/processed/000946.wav
0,1,0.2354,experiments/hey_mycroft/dataset/negatives/not_wake_word_subset/not_wake_word_07229.wav
0,1,0.4592,/home/miro/Workspace/MachineLearningProjects/ww-trainer/experiments/hey_mycroft/dataset/negatives/processed/000919.wav
0,1,0.4358,/home/miro/Workspace/MachineLearningProjects/ww-trainer/experiments/hey_mycroft/dataset/negatives/processed/001822.wav
0,1,0.2568,/home/miro/Workspace/MachineLearningProjects/ww-trainer/experiments/hey_mycroft/dataset/negatives/processed/000575.wav
0,1,0.2409,experiments/hey_mycroft/dataset/negatives/not_wake_word_subset/not_wake_word_06819.wav
0,1,0.4157,/home/miro/Workspace/MachineLearningProjects/ww-trainer/experiments/hey_mycroft/dataset/negatives/processed/001253.wav
0,1,0.2458,experiments/hey_mycroft/dataset/negatives/not_wake_word_subset/not_wake_word_02804.wav
0,1,0.2263,experiments/hey_mycroft/dataset/negatives/not_wake_word_subset/not_wake_word_02828.wav
0,1,0.4384,/home/miro/Workspace/MachineLearningProjects/ww-trainer/experiments/hey_mycroft/dataset/negatives/processed/000917.wav
0,1,0.2641,experiments/hey_mycroft/dataset/negatives/not_wake_word_subset/not_wake_word_07350.wav
0,1,0.2328,experiments/hey_mycroft/dataset/negatives/not_wake_word_subset/not_wake_word_01105.wav
0,1,0.2228,experiments/hey_mycroft/dataset/negatives/not_wake_word_subset/not_wake_word_07200.wav
0,1,0.2270,experiments/hey_mycroft/dataset/negatives/not_wake_word_subset/not_wake_word_04690.wav
0,1,0.2492,experiments/hey_mycroft/dataset/negatives/not_wake_word_subset/not_wake_word_03525.wav
0,1,0.2399,experiments/hey_mycroft/dataset/negatives/not_wake_word_subset/not_wake_word_05112.wav
0,1,0.2471,experiments/hey_mycroft/dataset/negatives/not_wake_word_subset/not_wake_word_02415.wav
0,1,0.2359,/home/miro/Workspace/MachineLearningProjects/ww-trainer/experiments/hey_mycroft/dataset/negatives/processed/000527.wav
0,1,0.2329,experiments/hey_mycroft/dataset/negatives/not_wake_word_subset/not_wake_word_04343.wav
0,1,0.5121,/home/miro/Workspace/MachineLearningProjects/ww-trainer/experiments/hey_mycroft/dataset/negatives/processed/001906.wav
0,1,0.2379,experiments/hey_mycroft/dataset/negatives/not_wake_word_subset/not_wake_word_04461.wav
0,1,0.3075,/home/miro/Workspace/MachineLearningProjects/ww-trainer/experiments/hey_mycroft/dataset/negatives/processed/000980.wav
0,1,0.3078,experiments/hey_mycroft/dataset/negatives/not_wake_word_subset/not_wake_word_06690.wav
0,1,0.2334,experiments/hey_mycroft/dataset/negatives/not_wake_word_subset/not_wake_word_00600.wav
0,1,0.2672,experiments/hey_mycroft/dataset/negatives/not_wake_word_subset/not_wake_word_09053.wav
0,1,0.2269,experiments/hey_mycroft/dataset/negatives/not_wake_word_subset/not_wake_word_04098.wav
0,1,0.3116,/home/miro/Workspace/MachineLearningProjects/ww-trainer/experiments/hey_mycroft/dataset/negatives/processed/000283.wav
0,1,0.2868,experiments/hey_mycroft/dataset/negatives/not_wake_word_subset/not_wake_word_02579.wav
0,1,0.2827,experiments/hey_mycroft/dataset/negatives/not_wake_word_subset/not_wake_word_08818.wav
0,1,0.2235,experiments/hey_mycroft/dataset/negatives/not_wake_word_subset/not_wake_word_07778.wav
0,1,0.2440,/home/miro/Workspace/MachineLearningProjects/ww-trainer/experiments/hey_mycroft/dataset/negatives/processed/000697.wav
0,1,0.2433,experiments/hey_mycroft/dataset/negatives/not_wake_word_subset/not_wake_word_05154.wav
0,1,0.2514,/home/miro/Workspace/MachineLearningProjects/ww-trainer/experiments/hey_mycroft/dataset/negatives/processed/000727.wav
0,1,0.2574,/home/miro/Workspace/MachineLearningProjects/ww-trainer/experiments/hey_mycroft/dataset/negatives/processed/001677.wav
0,1,0.2287,experiments/hey_mycroft/dataset/negatives/not_wake_word_subset/not_wake_word_03458.wav
0,1,0.2563,experiments/hey_mycroft/dataset/negatives/not_wake_word_subset/not_wake_word_00843.wav
0,1,0.2623,experiments/hey_mycroft/dataset/negatives/not_wake_word_subset/not_wake_word_05729.wav
0,1,0.2254,experiments/hey_mycroft/dataset/negatives/not_wake_word_subset/not_wake_word_03955.wav
0,1,0.5255,/home/miro/Workspace/MachineLearningProjects/ww-trainer/experiments/hey_mycroft/dataset/negatives/processed/001447.wav
0,1,0.2263,experiments/hey_mycroft/dataset/negatives/not_wake_word_subset/not_wake_word_01123.wav
0,1,0.2267,experiments/hey_mycroft/dataset/negatives/not_wake_word_subset/not_wake_word_00738.wav
0,1,0.2535,/home/miro/Workspace/MachineLearningProjects/ww-trainer/experiments/hey_mycroft/dataset/negatives/processed/000465.wav
0,1,0.2487,experiments/hey_mycroft/dataset/negatives/not_wake_word_subset/not_wake_word_02750.wav
0,1,0.2555,/home/miro/Workspace/MachineLearningProjects/ww-trainer/experiments/hey_mycroft/dataset/negatives/processed/000450.wav
0,1,0.2297,experiments/hey_mycroft/dataset/negatives/not_wake_word_subset/not_wake_word_03493.wav
0,1,0.4151,/home/miro/Workspace/MachineLearningProjects/ww-trainer/experiments/hey_mycroft/dataset/negatives/processed/001005.wav
0,1,0.2338,experiments/hey_mycroft/dataset/negatives/not_wake_word_subset/not_wake_word_06305.wav
0,1,0.2244,experiments/hey_mycroft/dataset/negatives/not_wake_word_subset/not_wake_word_06659.wav
0,1,0.2831,experiments/hey_mycroft/dataset/negatives/not_wake_word_subset/not_wake_word_05968.wav
0,1,0.4159,/home/miro/Workspace/MachineLearningProjects/ww-trainer/experiments/hey_mycroft/dataset/negatives/processed/000248.wav
0,1,0.2266,/home/miro/Workspace/MachineLearningProjects/ww-trainer/experiments/hey_mycroft/dataset/negatives/processed/000790.wav
0,1,0.2303,experiments/hey_mycroft/dataset/negatives/not_wake_word_subset/not_wake_word_06952.wav
0,1,0.3707,/home/miro/Workspace/MachineLearningProjects/ww-trainer/experiments/hey_mycroft/dataset/negatives/processed/000891.wav
0,1,0.2229,experiments/hey_mycroft/dataset/negatives/not_wake_word_subset/not_wake_word_08705.wav
0,1,0.4321,/home/miro/Workspace/MachineLearningProjects/ww-trainer/experiments/hey_mycroft/dataset/negatives/processed/000589.wav
0,1,0.2621,/home/miro/Workspace/MachineLearningProjects/ww-trainer/experiments/hey_mycroft/dataset/negatives/processed/000416.wav
0,1,0.4561,/home/miro/Workspace/MachineLearningProjects/ww-trainer/experiments/hey_mycroft/dataset/negatives/processed/001196.wav
0,1,0.4455,/home/miro/Workspace/MachineLearningProjects/ww-trainer/experiments/hey_mycroft/dataset/negatives/processed/001338.wav
0,1,0.2569,experiments/hey_mycroft/dataset/negatives/not_wake_word_subset/not_wake_word_05097.wav
0,1,0.2347,/home/miro/Workspace/MachineLearningProjects/ww-trainer/experiments/hey_mycroft/dataset/negatives/processed/000681.wav
0,1,0.2535,/home/miro/Workspace/MachineLearningProjects/ww-trainer/experiments/hey_mycroft/dataset/negatives/processed/000239.wav
0,1,0.2442,experiments/hey_mycroft/dataset/negatives/not_wake_word_subset/not_wake_word_08271.wav
0,1,0.4372,/home/miro/Workspace/MachineLearningProjects/ww-trainer/experiments/hey_mycroft/dataset/negatives/processed/000945.wav
0,1,0.2586,/home/miro/Workspace/MachineLearningProjects/ww-trainer/experiments/hey_mycroft/dataset/negatives/processed/001300.wav
0,1,0.2673,experiments/hey_mycroft/dataset/negatives/not_wake_word_subset/not_wake_word_04382.wav
0,1,0.2318,experiments/hey_mycroft/dataset/negatives/not_wake_word_subset/not_wake_word_09930.wav
0,1,0.3821,/home/miro/Workspace/MachineLearningProjects/ww-trainer/experiments/hey_mycroft/dataset/negatives/processed/001118.wav
0,1,0.2544,experiments/hey_mycroft/dataset/negatives/not_wake_word_subset/not_wake_word_08409.wav
0,1,0.2382,experiments/hey_mycroft/dataset/negatives/not_wake_word_subset/not_wake_word_00497.wav
0,1,0.2581,/home/miro/Workspace/MachineLearningProjects/ww-trainer/experiments/hey_mycroft/dataset/negatives/processed/000026.wav
0,1,0.2352,/home/miro/Workspace/MachineLearningProjects/ww-trainer/experiments/hey_mycroft/dataset/negatives/processed/000207.wav
0,1,0.4276,/home/miro/Workspace/MachineLearningProjects/ww-trainer/experiments/hey_mycroft/dataset/negatives/processed/001855.wav
0,1,0.3719,/home/miro/Workspace/MachineLearningProjects/ww-trainer/experiments/hey_mycroft/dataset/negatives/processed/000252.wav
0,1,0.2383,/home/miro/Workspace/MachineLearningProjects/ww-trainer/experiments/hey_mycroft/dataset/negatives/processed/000830.wav
0,1,0.2563,/home/miro/Workspace/MachineLearningProjects/ww-trainer/experiments/hey_mycroft/dataset/negatives/processed/000407.wav
0,1,0.2297,/home/miro/Workspace/MachineLearningProjects/ww-trainer/experiments/hey_mycroft/dataset/negatives/processed/000646.wav
0,1,0.2343,/home/miro/Workspace/MachineLearningProjects/ww-trainer/experiments/hey_mycroft/dataset/negatives/processed/000530.wav
0,1,0.5292,/home/miro/Workspace/MachineLearningProjects/ww-trainer/experiments/hey_mycroft/dataset/negatives/processed/001051.wav
0,1,0.2291,experiments/hey_mycroft/dataset/negatives/not_wake_word_subset/not_wake_word_06506.wav
0,1,0.2498,experiments/hey_mycroft/dataset/negatives/not_wake_word_subset/not_wake_word_04567.wav
0,1,0.3778,/home/miro/Workspace/MachineLearningProjects/ww-trainer/experiments/hey_mycroft/dataset/negatives/processed/001307.wav
0,1,0.2568,experiments/hey_mycroft/dataset/negatives/not_wake_word_subset/not_wake_word_02386.wav
0,1,0.2677,experiments/hey_mycroft/dataset/negatives/not_wake_word_subset/not_wake_word_09786.wav
0,1,0.2333,experiments/hey_mycroft/dataset/negatives/not_wake_word_subset/not_wake_word_03894.wav
0,1,0.2241,experiments/hey_mycroft/dataset/negatives/not_wake_word_subset/not_wake_word_02365.wav
0,1,0.2566,experiments/hey_mycroft/dataset/negatives/not_wake_word_subset/not_wake_word_05071.wav
0,1,0.3475,/home/miro/Workspace/MachineLearningProjects/ww-trainer/experiments/hey_mycroft/dataset/negatives/processed/001889.wav
0,1,0.2375,experiments/hey_mycroft/dataset/negatives/not_wake_word_subset/not_wake_word_02886.wav
0,1,0.3919,/home/miro/Workspace/MachineLearningProjects/ww-trainer/experiments/hey_mycroft/dataset/negatives/processed/000901.wav
0,1,0.3228,/home/miro/Workspace/MachineLearningProjects/ww-trainer/experiments/hey_mycroft/dataset/negatives/processed/001746.wav
0,1,0.2310,/home/miro/Workspace/MachineLearningProjects/ww-trainer/experiments/hey_mycroft/dataset/negatives/processed/000371.wav
0,1,0.3438,/home/miro/Workspace/MachineLearningProjects/ww-trainer/experiments/hey_mycroft/dataset/negatives/processed/001000.wav
0,1,0.2309,experiments/hey_mycroft/dataset/negatives/not_wake_word_subset/not_wake_word_08395.wav
0,1,0.2235,/home/miro/Workspace/MachineLearningProjects/ww-trainer/experiments/hey_mycroft/dataset/negatives/processed/000363.wav
0,1,0.2593,experiments/hey_mycroft/dataset/negatives/not_wake_word_subset/not_wake_word_03996.wav
0,1,0.4461,/home/miro/Workspace/MachineLearningProjects/ww-trainer/experiments/hey_mycroft/dataset/negatives/processed/000262.wav
0,1,0.2336,experiments/hey_mycroft/dataset/negatives/not_wake_word_subset/not_wake_word_03805.wav
0,1,0.2303,/home/miro/Workspace/MachineLearningProjects/ww-trainer/experiments/hey_mycroft/dataset/negatives/processed/000622.wav
0,1,0.3195,/home/miro/Workspace/MachineLearningProjects/ww-trainer/experiments/hey_mycroft/dataset/negatives/processed/000921.wav
0,1,0.2415,experiments/hey_mycroft/dataset/negatives/not_wake_word_subset/not_wake_word_01625.wav
0,1,0.2493,/home/miro/Workspace/MachineLearningProjects/ww-trainer/experiments/hey_mycroft/dataset/negatives/processed/000819.wav
0,1,0.2853,/home/miro/Workspace/MachineLearningProjects/ww-trainer/experiments/hey_mycroft/dataset/negatives/processed/001319.wav
0,1,0.2355,experiments/hey_mycroft/dataset/negatives/not_wake_word_subset/not_wake_word_04067.wav
0,1,0.2527,experiments/hey_mycroft/dataset/negatives/not_wake_word_subset/not_wake_word_00047.wav
0,1,0.2225,experiments/hey_mycroft/dataset/negatives/not_wake_word_subset/not_wake_word_03523.wav
0,1,0.2245,experiments/hey_mycroft/dataset/negatives/not_wake_word_subset/not_wake_word_04176.wav
0,1,0.3023,experiments/hey_mycroft/dataset/negatives/not_wake_word_subset/not_wake_word_02168.wav
0,1,0.2246,experiments/hey_mycroft/dataset/negatives/not_wake_word_subset/not_wake_word_00751.wav
0,1,0.2374,experiments/hey_mycroft/dataset/negatives/not_wake_word_subset/not_wake_word_01480.wav
0,1,0.3369,/home/miro/Workspace/MachineLearningProjects/ww-trainer/experiments/hey_mycroft/dataset/negatives/processed/001585.wav
0,1,0.2640,/home/miro/Workspace/MachineLearningProjects/ww-trainer/experiments/hey_mycroft/dataset/negatives/processed/000037.wav
0,1,0.2507,/home/miro/Workspace/MachineLearningProjects/ww-trainer/experiments/hey_mycroft/dataset/negatives/processed/000729.wav
0,1,0.2602,experiments/hey_mycroft/dataset/negatives/not_wake_word_subset/not_wake_word_00591.wav
0,1,0.3450,/home/miro/Workspace/MachineLearningProjects/ww-trainer/experiments/hey_mycroft/dataset/negatives/processed/001700.wav
0,1,0.2691,experiments/hey_mycroft/dataset/negatives/not_wake_word_subset/not_wake_word_00933.wav
0,1,0.2264,experiments/hey_mycroft/dataset/negatives/not_wake_word_subset/not_wake_word_04397.wav
0,1,0.2595,/home/miro/Workspace/MachineLearningProjects/ww-trainer/experiments/hey_mycroft/dataset/negatives/processed/000571.wav
0,1,0.3688,/home/miro/Workspace/MachineLearningProjects/ww-trainer/experiments/hey_mycroft/dataset/negatives/processed/001582.wav
0,1,0.2950,/home/miro/Workspace/MachineLearningProjects/ww-trainer/experiments/hey_mycroft/dataset/negatives/processed/001449.wav
0,1,0.5389,/home/miro/Workspace/MachineLearningProjects/ww-trainer/experiments/hey_mycroft/dataset/negatives/processed/001367.wav
0,1,0.2417,experiments/hey_mycroft/dataset/negatives/not_wake_word_subset/not_wake_word_05560.wav
0,1,0.2345,experiments/hey_mycroft/dataset/negatives/not_wake_word_subset/not_wake_word_09958.wav
0,1,0.2654,experiments/hey_mycroft/dataset/negatives/not_wake_word_subset/not_wake_word_06233.wav
0,1,0.2325,experiments/hey_mycroft/dataset/negatives/not_wake_word_subset/not_wake_word_03220.wav
0,1,0.2275,experiments/hey_mycroft/dataset/negatives/not_wake_word_subset/not_wake_word_08939.wav
0,1,0.4500,/home/miro/Workspace/MachineLearningProjects/ww-trainer/experiments/hey_mycroft/dataset/negatives/processed/001057.wav
0,1,0.2310,experiments/hey_mycroft/dataset/negatives/not_wake_word_subset/not_wake_word_07407.wav
0,1,0.2450,experiments/hey_mycroft/dataset/negatives/not_wake_word_subset/not_wake_word_07173.wav
0,1,0.4249,/home/miro/Workspace/MachineLearningProjects/ww-trainer/experiments/hey_mycroft/dataset/negatives/processed/001975.wav
0,1,0.4731,/home/miro/Workspace/MachineLearningProjects/ww-trainer/experiments/hey_mycroft/dataset/negatives/processed/001960.wav
0,1,0.2525,/home/miro/Workspace/MachineLearningProjects/ww-trainer/experiments/hey_mycroft/dataset/negatives/processed/000684.wav
0,1,0.2565,experiments/hey_mycroft/dataset/negatives/not_wake_word_subset/not_wake_word_04337.wav
0,1,0.2827,/home/miro/Workspace/MachineLearningProjects/ww-trainer/experiments/hey_mycroft/dataset/negatives/processed/000044.wav
0,1,0.2294,experiments/hey_mycroft/dataset/negatives/not_wake_word_subset/not_wake_word_01194.wav
0,1,0.2350,experiments/hey_mycroft/dataset/negatives/not_wake_word_subset/not_wake_word_06513.wav
0,1,0.2440,experiments/hey_mycroft/dataset/negatives/not_wake_word_subset/not_wake_word_08929.wav
0,1,0.2650,experiments/hey_mycroft/dataset/negatives/not_wake_word_subset/not_wake_word_01825.wav
0,1,0.4640,/home/miro/Workspace/MachineLearningProjects/ww-trainer/experiments/hey_mycroft/dataset/negatives/processed/001891.wav
0,1,0.2246,/home/miro/Workspace/MachineLearningProjects/ww-trainer/experiments/hey_mycroft/dataset/negatives/processed/000210.wav
0,1,0.2415,experiments/hey_mycroft/dataset/negatives/not_wake_word_subset/not_wake_word_01698.wav
0,1,0.2319,experiments/hey_mycroft/dataset/negatives/not_wake_word_subset/not_wake_word_06597.wav
0,1,0.2285,/home/miro/Workspace/MachineLearningProjects/ww-trainer/experiments/hey_mycroft/dataset/negatives/processed/000308.wav
0,1,0.2355,experiments/hey_mycroft/dataset/negatives/not_wake_word_subset/not_wake_word_04470.wav
0,1,0.4233,/home/miro/Workspace/MachineLearningProjects/ww-trainer/experiments/hey_mycroft/dataset/negatives/processed/001993.wav
0,1,0.4716,/home/miro/Workspace/MachineLearningProjects/ww-trainer/experiments/hey_mycroft/dataset/negatives/processed/001530.wav
0,1,0.2659,/home/miro/Workspace/MachineLearningProjects/ww-trainer/experiments/hey_mycroft/dataset/negatives/processed/000039.wav
0,1,0.2259,/home/miro/Workspace/MachineLearningProjects/ww-trainer/experiments/hey_mycroft/dataset/negatives/processed/000547.wav
0,1,0.3835,/home/miro/Workspace/MachineLearningProjects/ww-trainer/experiments/hey_mycroft/dataset/negatives/processed/000947.wav
0,1,0.2571,experiments/hey_mycroft/dataset/negatives/not_wake_word_subset/not_wake_word_01595.wav
0,1,0.4345,/home/miro/Workspace/MachineLearningProjects/ww-trainer/experiments/hey_mycroft/dataset/negatives/processed/000923.wav
0,1,0.2389,experiments/hey_mycroft/dataset/negatives/not_wake_word_subset/not_wake_word_00321.wav
0,1,0.2377,/home/miro/Workspace/MachineLearningProjects/ww-trainer/experiments/hey_mycroft/dataset/negatives/processed/000536.wav
0,1,0.2496,/home/miro/Workspace/MachineLearningProjects/ww-trainer/experiments/hey_mycroft/dataset/negatives/processed/000723.wav
0,1,0.2273,/home/miro/Workspace/MachineLearningProjects/ww-trainer/experiments/hey_mycroft/dataset/negatives/processed/000694.wav
0,1,0.2370,experiments/hey_mycroft/dataset/negatives/not_wake_word_subset/not_wake_word_02010.wav
0,1,0.2378,experiments/hey_mycroft/dataset/negatives/not_wake_word_subset/not_wake_word_07815.wav
0,1,0.2303,/home/miro/Workspace/MachineLearningProjects/ww-trainer/experiments/hey_mycroft/dataset/negatives/processed/000622.wav
0,1,0.2260,experiments/hey_mycroft/dataset/negatives/not_wake_word_subset/not_wake_word_07658.wav
0,1,0.2364,experiments/hey_mycroft/dataset/negatives/not_wake_word_subset/not_wake_word_09509.wav
0,1,0.2401,/home/miro/Workspace/MachineLearningProjects/ww-trainer/experiments/hey_mycroft/dataset/negatives/processed/000751.wav
0,1,0.2235,/home/miro/Workspace/MachineLearningProjects/ww-trainer/experiments/hey_mycroft/dataset/negatives/processed/000303.wav
0,1,0.2472,experiments/hey_mycroft/dataset/negatives/not_wake_word_subset/not_wake_word_08593.wav
0,1,0.4831,/home/miro/Workspace/MachineLearningProjects/ww-trainer/experiments/hey_mycroft/dataset/negatives/processed/001583.wav
0,1,0.2763,/home/miro/Workspace/MachineLearningProjects/ww-trainer/experiments/hey_mycroft/dataset/negatives/processed/001690.wav
0,1,0.2349,/home/miro/Workspace/MachineLearningProjects/ww-trainer/experiments/hey_mycroft/dataset/negatives/processed/000617.wav
0,1,0.2521,/home/miro/Workspace/MachineLearningProjects/ww-trainer/experiments/hey_mycroft/dataset/negatives/processed/000914.wav
0,1,0.2579,/home/miro/Workspace/MachineLearningProjects/ww-trainer/experiments/hey_mycroft/dataset/negatives/processed/000225.wav
0,1,0.2634,experiments/hey_mycroft/dataset/negatives/not_wake_word_subset/not_wake_word_05719.wav
0,1,0.4583,/home/miro/Workspace/MachineLearningProjects/ww-trainer/experiments/hey_mycroft/dataset/negatives/processed/000896.wav
0,1,0.2340,experiments/hey_mycroft/dataset/negatives/not_wake_word_subset/not_wake_word_04672.wav
0,1,0.2632,experiments/hey_mycroft/dataset/negatives/not_wake_word_subset/not_wake_word_04641.wav
0,1,0.2682,/home/miro/Workspace/MachineLearningProjects/ww-trainer/experiments/hey_mycroft/dataset/negatives/processed/000029.wav
0,1,0.4797,/home/miro/Workspace/MachineLearningProjects/ww-trainer/experiments/hey_mycroft/dataset/negatives/processed/000911.wav
0,1,0.2223,experiments/hey_mycroft/dataset/negatives/not_wake_word_subset/not_wake_word_06368.wav
0,1,0.2265,experiments/hey_mycroft/dataset/negatives/not_wake_word_subset/not_wake_word_05693.wav
0,1,0.2670,experiments/hey_mycroft/dataset/negatives/not_wake_word_subset/not_wake_word_00424.wav
0,1,0.2637,experiments/hey_mycroft/dataset/negatives/not_wake_word_subset/not_wake_word_07607.wav
0,1,0.2303,experiments/hey_mycroft/dataset/negatives/not_wake_word_subset/not_wake_word_06227.wav
0,1,0.2875,experiments/hey_mycroft/dataset/negatives/not_wake_word_subset/not_wake_word_08096.wav
0,1,0.2506,/home/miro/Workspace/MachineLearningProjects/ww-trainer/experiments/hey_mycroft/dataset/negatives/processed/000214.wav
0,1,0.2360,/home/miro/Workspace/MachineLearningProjects/ww-trainer/experiments/hey_mycroft/dataset/negatives/processed/000233.wav
0,1,0.5289,/home/miro/Workspace/MachineLearningProjects/ww-trainer/experiments/hey_mycroft/dataset/negatives/processed/001836.wav
0,1,0.2803,/home/miro/Workspace/MachineLearningProjects/ww-trainer/experiments/hey_mycroft/dataset/negatives/processed/001214.wav
0,1,0.3038,/home/miro/Workspace/MachineLearningProjects/ww-trainer/experiments/hey_mycroft/dataset/negatives/processed/001213.wav
0,1,0.2462,experiments/hey_mycroft/dataset/negatives/not_wake_word_subset/not_wake_word_05073.wav
0,1,0.2289,experiments/hey_mycroft/dataset/negatives/not_wake_word_subset/not_wake_word_05439.wav
0,1,0.2371,experiments/hey_mycroft/dataset/negatives/not_wake_word_subset/not_wake_word_09385.wav
0,1,0.2536,/home/miro/Workspace/MachineLearningProjects/ww-trainer/experiments/hey_mycroft/dataset/negatives/processed/000821.wav
0,1,0.2328,experiments/hey_mycroft/dataset/negatives/not_wake_word_subset/not_wake_word_00603.wav
0,1,0.4424,/home/miro/Workspace/MachineLearningProjects/ww-trainer/experiments/hey_mycroft/dataset/negatives/processed/000967.wav
0,1,0.2356,experiments/hey_mycroft/dataset/negatives/not_wake_word_subset/not_wake_word_02378.wav
0,1,0.2226,/home/miro/Workspace/MachineLearningProjects/ww-trainer/experiments/hey_mycroft/dataset/negatives/processed/000365.wav
0,1,0.3167,/home/miro/Workspace/MachineLearningProjects/ww-trainer/experiments/hey_mycroft/dataset/negatives/processed/001049.wav
0,1,0.2611,/home/miro/Workspace/MachineLearningProjects/ww-trainer/experiments/hey_mycroft/dataset/negatives/processed/000030.wav
0,1,0.2605,/home/miro/Workspace/MachineLearningProjects/ww-trainer/experiments/hey_mycroft/dataset/negatives/processed/000408.wav
0,1,0.2444,experiments/hey_mycroft/dataset/negatives/not_wake_word_subset/not_wake_word_06938.wav
0,1,0.2357,experiments/hey_mycroft/dataset/negatives/not_wake_word_subset/not_wake_word_00804.wav
0,1,0.2241,experiments/hey_mycroft/dataset/negatives/not_wake_word_subset/not_wake_word_07450.wav
0,1,0.2226,/home/miro/Workspace/MachineLearningProjects/ww-trainer/experiments/hey_mycroft/dataset/negatives/processed/000365.wav
0,1,0.2362,experiments/hey_mycroft/dataset/negatives/not_wake_word_subset/not_wake_word_02486.wav
0,1,0.2588,experiments/hey_mycroft/dataset/negatives/not_wake_word_subset/not_wake_word_00509.wav
0,1,0.3853,/home/miro/Workspace/MachineLearningProjects/ww-trainer/experiments/hey_mycroft/dataset/negatives/processed/000608.wav
0,1,0.2321,experiments/hey_mycroft/dataset/negatives/not_wake_word_subset/not_wake_word_06030.wav
0,1,0.2352,experiments/hey_mycroft/dataset/negatives/not_wake_word_subset/not_wake_word_09560.wav
0,1,0.2347,experiments/hey_mycroft/dataset/negatives/not_wake_word_subset/not_wake_word_00823.wav
0,1,0.2768,experiments/hey_mycroft/dataset/negatives/not_wake_word_subset/not_wake_word_04423.wav
0,1,0.2554,experiments/hey_mycroft/dataset/negatives/not_wake_word_subset/not_wake_word_07455.wav
0,1,0.2226,experiments/hey_mycroft/dataset/negatives/not_wake_word_subset/not_wake_word_05568.wav
0,1,0.2617,/home/miro/Workspace/MachineLearningProjects/ww-trainer/experiments/hey_mycroft/dataset/negatives/processed/001459.wav
0,1,0.2302,experiments/hey_mycroft/dataset/negatives/not_wake_word_subset/not_wake_word_08598.wav
0,1,0.2448,experiments/hey_mycroft/dataset/negatives/not_wake_word_subset/not_wake_word_04772.wav
0,1,0.2550,experiments/hey_mycroft/dataset/negatives/not_wake_word_subset/not_wake_word_04097.wav
0,1,0.2234,experiments/hey_mycroft/dataset/negatives/not_wake_word_subset/not_wake_word_05923.wav
0,1,0.2256,experiments/hey_mycroft/dataset/negatives/not_wake_word_subset/not_wake_word_01085.wav
0,1,0.2259,/home/miro/Workspace/MachineLearningProjects/ww-trainer/experiments/hey_mycroft/dataset/negatives/processed/000564.wav
0,1,0.2290,experiments/hey_mycroft/dataset/negatives/not_wake_word_subset/not_wake_word_02167.wav
0,1,0.2337,experiments/hey_mycroft/dataset/negatives/not_wake_word_subset/not_wake_word_00312.wav
0,1,0.2238,experiments/hey_mycroft/dataset/negatives/not_wake_word_subset/not_wake_word_05963.wav
0,1,0.4550,/home/miro/Workspace/MachineLearningProjects/ww-trainer/experiments/hey_mycroft/dataset/negatives/processed/001221.wav
0,1,0.2396,experiments/hey_mycroft/dataset/negatives/not_wake_word_subset/not_wake_word_01495.wav
0,1,0.2378,/home/miro/Workspace/MachineLearningProjects/ww-trainer/experiments/hey_mycroft/dataset/negatives/processed/000412.wav
0,1,0.2961,/home/miro/Workspace/MachineLearningProjects/ww-trainer/experiments/hey_mycroft/dataset/negatives/processed/000142.wav
0,1,0.5549,/home/miro/Workspace/MachineLearningProjects/ww-trainer/experiments/hey_mycroft/dataset/negatives/processed/001184.wav
0,1,0.2288,/home/miro/Workspace/MachineLearningProjects/ww-trainer/experiments/hey_mycroft/dataset/negatives/processed/000364.wav
0,1,0.2976,/home/miro/Workspace/MachineLearningProjects/ww-trainer/experiments/hey_mycroft/dataset/negatives/processed/001841.wav
0,1,0.2417,/home/miro/Workspace/MachineLearningProjects/ww-trainer/experiments/hey_mycroft/dataset/negatives/processed/000168.wav
0,1,0.2260,/home/miro/Workspace/MachineLearningProjects/ww-trainer/experiments/hey_mycroft/dataset/negatives/processed/000611.wav
0,1,0.2231,experiments/hey_mycroft/dataset/negatives/not_wake_word_subset/not_wake_word_05373.wav
0,1,0.3933,/home/miro/Workspace/MachineLearningProjects/ww-trainer/experiments/hey_mycroft/dataset/negatives/processed/000934.wav
0,1,0.2232,/home/miro/Workspace/MachineLearningProjects/ww-trainer/experiments/hey_mycroft/dataset/negatives/processed/000213.wav
0,1,0.2678,/home/miro/Workspace/MachineLearningProjects/ww-trainer/experiments/hey_mycroft/dataset/negatives/processed/000020.wav
0,1,0.5372,/home/miro/Workspace/MachineLearningProjects/ww-trainer/experiments/hey_mycroft/dataset/negatives/processed/001043.wav
0,1,0.2225,experiments/hey_mycroft/dataset/negatives/not_wake_word_subset/not_wake_word_09324.wav
0,1,0.2396,experiments/hey_mycroft/dataset/negatives/not_wake_word_subset/not_wake_word_01900.wav
0,1,0.3259,/home/miro/Workspace/MachineLearningProjects/ww-trainer/experiments/hey_mycroft/dataset/negatives/processed/001974.wav
0,1,0.2283,experiments/hey_mycroft/dataset/negatives/not_wake_word_subset/not_wake_word_01645.wav
0,1,0.2859,/home/miro/Workspace/MachineLearningProjects/ww-trainer/experiments/hey_mycroft/dataset/negatives/processed/001144.wav
0,1,0.5335,/home/miro/Workspace/MachineLearningProjects/ww-trainer/experiments/hey_mycroft/dataset/negatives/processed/001652.wav
0,1,0.2366,experiments/hey_mycroft/dataset/negatives/not_wake_word_subset/not_wake_word_09107.wav
0,1,0.2655,/home/miro/Workspace/MachineLearningProjects/ww-trainer/experiments/hey_mycroft/dataset/negatives/processed/001308.wav
0,1,0.2323,experiments/hey_mycroft/dataset/negatives/not_wake_word_subset/not_wake_word_02731.wav
0,1,0.2253,experiments/hey_mycroft/dataset/negatives/not_wake_word_subset/not_wake_word_05130.wav
0,1,0.2295,experiments/hey_mycroft/dataset/negatives/not_wake_word_subset/not_wake_word_06142.wav
0,1,0.2286,experiments/hey_mycroft/dataset/negatives/not_wake_word_subset/not_wake_word_09008.wav
0,1,0.2337,experiments/hey_mycroft/dataset/negatives/not_wake_word_subset/not_wake_word_07582.wav
0,1,0.2520,/home/miro/Workspace/MachineLearningProjects/ww-trainer/experiments/hey_mycroft/dataset/negatives/processed/000578.wav
0,1,0.5723,/home/miro/Workspace/MachineLearningProjects/ww-trainer/experiments/hey_mycroft/dataset/negatives/processed/000858.wav
0,1,0.2306,experiments/hey_mycroft/dataset/negatives/not_wake_word_subset/not_wake_word_04041.wav
0,1,0.2359,/home/miro/Workspace/MachineLearningProjects/ww-trainer/experiments/hey_mycroft/dataset/negatives/processed/000002.wav
0,1,0.4424,/home/miro/Workspace/MachineLearningProjects/ww-trainer/experiments/hey_mycroft/dataset/negatives/processed/001415.wav
0,1,0.4869,/home/miro/Workspace/MachineLearningProjects/ww-trainer/experiments/hey_mycroft/dataset/negatives/processed/001098.wav
0,1,0.2669,experiments/hey_mycroft/dataset/negatives/not_wake_word_subset/not_wake_word_01589.wav
0,1,0.2620,/home/miro/Workspace/MachineLearningProjects/ww-trainer/experiments/hey_mycroft/dataset/negatives/processed/000764.wav
0,1,0.2601,experiments/hey_mycroft/dataset/negatives/not_wake_word_subset/not_wake_word_09539.wav
0,1,0.3440,experiments/hey_mycroft/dataset/negatives/not_wake_word_subset/not_wake_word_02565.wav
0,1,0.2571,experiments/hey_mycroft/dataset/negatives/not_wake_word_subset/not_wake_word_00407.wav
0,1,0.2620,/home/miro/Workspace/MachineLearningProjects/ww-trainer/experiments/hey_mycroft/dataset/negatives/processed/000625.wav
0,1,0.2480,experiments/hey_mycroft/dataset/negatives/not_wake_word_subset/not_wake_word_00824.wav
0,1,0.2250,experiments/hey_mycroft/dataset/negatives/not_wake_word_subset/not_wake_word_09860.wav
0,1,0.2515,experiments/hey_mycroft/dataset/negatives/not_wake_word_subset/not_wake_word_05555.wav
0,1,0.2773,experiments/hey_mycroft/dataset/negatives/not_wake_word_subset/not_wake_word_02127.wav
0,1,0.2402,experiments/hey_mycroft/dataset/negatives/not_wake_word_subset/not_wake_word_00101.wav
0,1,0.2459,experiments/hey_mycroft/dataset/negatives/not_wake_word_subset/not_wake_word_07171.wav
0,1,0.2294,experiments/hey_mycroft/dataset/negatives/not_wake_word_subset/not_wake_word_02816.wav
0,1,0.2230,/home/miro/Workspace/MachineLearningProjects/ww-trainer/experiments/hey_mycroft/dataset/negatives/processed/000777.wav
0,1,0.2278,/home/miro/Workspace/MachineLearningProjects/ww-trainer/experiments/hey_mycroft/dataset/negatives/processed/000689.wav
0,1,0.2310,experiments/hey_mycroft/dataset/negatives/not_wake_word_subset/not_wake_word_02064.wav
0,1,0.2286,experiments/hey_mycroft/dataset/negatives/not_wake_word_subset/not_wake_word_03532.wav
0,1,0.2294,experiments/hey_mycroft/dataset/negatives/not_wake_word_subset/not_wake_word_02255.wav
0,1,0.4549,/home/miro/Workspace/MachineLearningProjects/ww-trainer/experiments/hey_mycroft/dataset/negatives/processed/001477.wav
0,1,0.2298,experiments/hey_mycroft/dataset/negatives/not_wake_word_subset/not_wake_word_05934.wav
0,1,0.2714,experiments/hey_mycroft/dataset/negatives/not_wake_word_subset/not_wake_word_00189.wav
0,1,0.2558,experiments/hey_mycroft/dataset/negatives/not_wake_word_subset/not_wake_word_09088.wav
0,1,0.5174,/home/miro/Workspace/MachineLearningProjects/ww-trainer/experiments/hey_mycroft/dataset/negatives/processed/001040.wav
0,1,0.2929,/home/miro/Workspace/MachineLearningProjects/ww-trainer/experiments/hey_mycroft/dataset/negatives/processed/001215.wav
0,1,0.4080,/home/miro/Workspace/MachineLearningProjects/ww-trainer/experiments/hey_mycroft/dataset/negatives/processed/000874.wav
0,1,0.2278,experiments/hey_mycroft/dataset/negatives/not_wake_word_subset/not_wake_word_06752.wav
0,1,0.2272,/home/miro/Workspace/MachineLearningProjects/ww-trainer/experiments/hey_mycroft/dataset/negatives/processed/000386.wav
0,1,0.3831,/home/miro/Workspace/MachineLearningProjects/ww-trainer/experiments/hey_mycroft/dataset/negatives/processed/001189.wav
0,1,0.2315,/home/miro/Workspace/MachineLearningProjects/ww-trainer/experiments/hey_mycroft/dataset/negatives/processed/000546.wav
0,1,0.2387,experiments/hey_mycroft/dataset/negatives/not_wake_word_subset/not_wake_word_01389.wav
0,1,0.2282,experiments/hey_mycroft/dataset/negatives/not_wake_word_subset/not_wake_word_05462.wav
0,1,0.2236,experiments/hey_mycroft/dataset/negatives/not_wake_word_subset/not_wake_word_05281.wav
0,1,0.2274,/home/miro/Workspace/MachineLearningProjects/ww-trainer/experiments/hey_mycroft/dataset/negatives/processed/000201.wav
0,1,0.2309,experiments/hey_mycroft/dataset/negatives/not_wake_word_subset/not_wake_word_01735.wav
0,1,0.2236,/home/miro/Workspace/MachineLearningProjects/ww-trainer/experiments/hey_mycroft/dataset/negatives/processed/000637.wav
0,1,0.2341,/home/miro/Workspace/MachineLearningProjects/ww-trainer/experiments/hey_mycroft/dataset/negatives/processed/000557.wav
0,1,0.2632,experiments/hey_mycroft/dataset/negatives/not_wake_word_subset/not_wake_word_09642.wav
0,1,0.3701,/home/miro/Workspace/MachineLearningProjects/ww-trainer/experiments/hey_mycroft/dataset/negatives/processed/001866.wav
0,1,0.2341,experiments/hey_mycroft/dataset/negatives/not_wake_word_subset/not_wake_word_01205.wav
0,1,0.2280,/home/miro/Workspace/MachineLearningProjects/ww-trainer/experiments/hey_mycroft/dataset/negatives/processed/000395.wav
0,1,0.2239,experiments/hey_mycroft/dataset/negatives/not_wake_word_subset/not_wake_word_08831.wav
0,1,0.4356,/home/miro/Workspace/MachineLearningProjects/ww-trainer/experiments/hey_mycroft/dataset/negatives/processed/001899.wav
0,1,0.2490,experiments/hey_mycroft/dataset/negatives/not_wake_word_subset/not_wake_word_06485.wav
0,1,0.2324,experiments/hey_mycroft/dataset/negatives/not_wake_word_subset/not_wake_word_00602.wav
0,1,0.2386,experiments/hey_mycroft/dataset/negatives/not_wake_word_subset/not_wake_word_00399.wav
0,1,0.4184,/home/miro/Workspace/MachineLearningProjects/ww-trainer/experiments/hey_mycroft/dataset/negatives/processed/000595.wav
0,1,0.2264,experiments/hey_mycroft/dataset/negatives/not_wake_word_subset/not_wake_word_07180.wav
0,1,0.2321,experiments/hey_mycroft/dataset/negatives/not_wake_word_subset/not_wake_word_03280.wav
0,1,0.2271,experiments/hey_mycroft/dataset/negatives/not_wake_word_subset/not_wake_word_08690.wav
0,1,0.2888,/home/miro/Workspace/MachineLearningProjects/ww-trainer/experiments/hey_mycroft/dataset/negatives/processed/000034.wav
0,1,0.2279,experiments/hey_mycroft/dataset/negatives/not_wake_word_subset/not_wake_word_02581.wav
0,1,0.3130,/home/miro/Workspace/MachineLearningProjects/ww-trainer/experiments/hey_mycroft/dataset/negatives/processed/001620.wav
0,1,0.2529,experiments/hey_mycroft/dataset/negatives/not_wake_word_subset/not_wake_word_06243.wav
0,1,0.2335,experiments/hey_mycroft/dataset/negatives/not_wake_word_subset/not_wake_word_04892.wav
0,1,0.4430,/home/miro/Workspace/MachineLearningProjects/ww-trainer/experiments/hey_mycroft/dataset/negatives/processed/001262.wav
0,1,0.2743,/home/miro/Workspace/MachineLearningProjects/ww-trainer/experiments/hey_mycroft/dataset/negatives/processed/000027.wav
0,1,0.4348,/home/miro/Workspace/MachineLearningProjects/ww-trainer/experiments/hey_mycroft/dataset/negatives/processed/001374.wav
0,1,0.2268,experiments/hey_mycroft/dataset/negatives/not_wake_word_subset/not_wake_word_02533.wav
0,1,0.4442,/home/miro/Workspace/MachineLearningProjects/ww-trainer/experiments/hey_mycroft/dataset/negatives/processed/001407.wav
0,1,0.2472,experiments/hey_mycroft/dataset/negatives/not_wake_word_subset/not_wake_word_04012.wav
0,1,0.2940,/home/miro/Workspace/MachineLearningProjects/ww-trainer/experiments/hey_mycroft/dataset/negatives/processed/001747.wav
0,1,0.3153,/home/miro/Workspace/MachineLearningProjects/ww-trainer/experiments/hey_mycroft/dataset/negatives/processed/000137.wav
0,1,0.2258,experiments/hey_mycroft/dataset/negatives/not_wake_word_subset/not_wake_word_09584.wav
0,1,0.2442,experiments/hey_mycroft/dataset/negatives/not_wake_word_subset/not_wake_word_01196.wav
0,1,0.2225,experiments/hey_mycroft/dataset/negatives/not_wake_word_subset/not_wake_word_01685.wav
0,1,0.3862,/home/miro/Workspace/MachineLearningProjects/ww-trainer/experiments/hey_mycroft/dataset/negatives/processed/001516.wav
0,1,0.5218,/home/miro/Workspace/MachineLearningProjects/ww-trainer/experiments/hey_mycroft/dataset/negatives/processed/001350.wav
0,1,0.2344,experiments/hey_mycroft/dataset/negatives/not_wake_word_subset/not_wake_word_03049.wav
0,1,0.2285,/home/miro/Workspace/MachineLearningProjects/ww-trainer/experiments/hey_mycroft/dataset/negatives/processed/000308.wav
0,1,0.2293,experiments/hey_mycroft/dataset/negatives/not_wake_word_subset/not_wake_word_09858.wav
0,1,0.3215,/home/miro/Workspace/MachineLearningProjects/ww-trainer/experiments/hey_mycroft/dataset/negatives/processed/001603.wav
0,1,0.2247,experiments/hey_mycroft/dataset/negatives/not_wake_word_subset/not_wake_word_04679.wav
0,1,0.2271,experiments/hey_mycroft/dataset/negatives/not_wake_word_subset/not_wake_word_03179.wav
0,1,0.2486,experiments/hey_mycroft/dataset/negatives/not_wake_word_subset/not_wake_word_01265.wav
0,1,0.4734,/home/miro/Workspace/MachineLearningProjects/ww-trainer/experiments/hey_mycroft/dataset/negatives/processed/001084.wav
0,1,0.2934,/home/miro/Workspace/MachineLearningProjects/ww-trainer/experiments/hey_mycroft/dataset/negatives/processed/000927.wav
0,1,0.2368,experiments/hey_mycroft/dataset/negatives/not_wake_word_subset/not_wake_word_08197.wav
0,1,0.2452,/home/miro/Workspace/MachineLearningProjects/ww-trainer/experiments/hey_mycroft/dataset/negatives/processed/000274.wav
0,1,0.2895,experiments/hey_mycroft/dataset/negatives/not_wake_word_subset/not_wake_word_07619.wav
0,1,0.2450,experiments/hey_mycroft/dataset/negatives/not_wake_word_subset/not_wake_word_06225.wav
0,1,0.2942,/home/miro/Workspace/MachineLearningProjects/ww-trainer/experiments/hey_mycroft/dataset/negatives/processed/001245.wav
0,1,0.3729,/home/miro/Workspace/MachineLearningProjects/ww-trainer/experiments/hey_mycroft/dataset/negatives/processed/001079.wav
0,1,0.4443,/home/miro/Workspace/MachineLearningProjects/ww-trainer/experiments/hey_mycroft/dataset/negatives/processed/001373.wav
0,1,0.4105,/home/miro/Workspace/MachineLearningProjects/ww-trainer/experiments/hey_mycroft/dataset/negatives/processed/001997.wav
0,1,0.2279,experiments/hey_mycroft/dataset/negatives/not_wake_word_subset/not_wake_word_05762.wav
0,1,0.4939,/home/miro/Workspace/MachineLearningProjects/ww-trainer/experiments/hey_mycroft/dataset/negatives/processed/000899.wav
0,1,0.2304,experiments/hey_mycroft/dataset/negatives/not_wake_word_subset/not_wake_word_07462.wav
0,1,0.2473,/home/miro/Workspace/MachineLearningProjects/ww-trainer/experiments/hey_mycroft/dataset/negatives/processed/000054.wav
0,1,0.3784,/home/miro/Workspace/MachineLearningProjects/ww-trainer/experiments/hey_mycroft/dataset/negatives/processed/001812.wav
0,1,0.2475,experiments/hey_mycroft/dataset/negatives/not_wake_word_subset/not_wake_word_09828.wav
0,1,0.2263,/home/miro/Workspace/MachineLearningProjects/ww-trainer/experiments/hey_mycroft/dataset/negatives/processed/000740.wav
0,1,0.2390,experiments/hey_mycroft/dataset/negatives/not_wake_word_subset/not_wake_word_08931.wav
0,1,0.2341,/home/miro/Workspace/MachineLearningProjects/ww-trainer/experiments/hey_mycroft/dataset/negatives/processed/000083.wav
0,1,0.3430,/home/miro/Workspace/MachineLearningProjects/ww-trainer/experiments/hey_mycroft/dataset/negatives/processed/001083.wav
0,1,0.2513,/home/miro/Workspace/MachineLearningProjects/ww-trainer/experiments/hey_mycroft/dataset/negatives/processed/000267.wav
0,1,0.2278,experiments/hey_mycroft/dataset/negatives/not_wake_word_subset/not_wake_word_03442.wav
0,1,0.2297,experiments/hey_mycroft/dataset/negatives/not_wake_word_subset/not_wake_word_03045.wav
0,1,0.2828,experiments/hey_mycroft/dataset/negatives/not_wake_word_subset/not_wake_word_02504.wav
0,1,0.2577,experiments/hey_mycroft/dataset/negatives/not_wake_word_subset/not_wake_word_08239.wav
0,1,0.2297,/home/miro/Workspace/MachineLearningProjects/ww-trainer/experiments/hey_mycroft/dataset/negatives/processed/000430.wav
0,1,0.2771,experiments/hey_mycroft/dataset/negatives/not_wake_word_subset/not_wake_word_01030.wav
0,1,0.2762,experiments/hey_mycroft/dataset/negatives/not_wake_word_subset/not_wake_word_05599.wav
0,1,0.2841,experiments/hey_mycroft/dataset/negatives/not_wake_word_subset/not_wake_word_06993.wav
0,1,0.2921,/home/miro/Workspace/MachineLearningProjects/ww-trainer/experiments/hey_mycroft/dataset/negatives/processed/000342.wav
0,1,0.3331,/home/miro/Workspace/MachineLearningProjects/ww-trainer/experiments/hey_mycroft/dataset/negatives/processed/000410.wav
0,1,0.3023,experiments/hey_mycroft/dataset/negatives/not_wake_word_subset/not_wake_word_08667.wav
0,1,0.2947,experiments/hey_mycroft/dataset/negatives/not_wake_word_subset/not_wake_word_03638.wav
0,1,0.2451,experiments/hey_mycroft/dataset/negatives/not_wake_word_subset/not_wake_word_06057.wav
0,1,0.3062,experiments/hey_mycroft/dataset/negatives/not_wake_word_subset/not_wake_word_06891.wav
0,1,0.2234,experiments/hey_mycroft/dataset/negatives/not_wake_word_subset/not_wake_word_02778.wav
0,1,0.2286,experiments/hey_mycroft/dataset/negatives/not_wake_word_subset/not_wake_word_08699.wav
0,1,0.2484,/home/miro/Workspace/MachineLearningProjects/ww-trainer/experiments/hey_mycroft/dataset/negatives/processed/000663.wav
0,1,0.2615,experiments/hey_mycroft/dataset/negatives/not_wake_word_subset/not_wake_word_01558.wav
0,1,0.2400,experiments/hey_mycroft/dataset/negatives/not_wake_word_subset/not_wake_word_04106.wav
0,1,0.2875,/home/miro/Workspace/MachineLearningProjects/ww-trainer/experiments/hey_mycroft/dataset/negatives/processed/000230.wav
0,1,0.2441,/home/miro/Workspace/MachineLearningProjects/ww-trainer/experiments/hey_mycroft/dataset/negatives/processed/000478.wav
0,1,0.3585,/home/miro/Workspace/MachineLearningProjects/ww-trainer/experiments/hey_mycroft/dataset/negatives/processed/000128.wav
0,1,0.2485,experiments/hey_mycroft/dataset/negatives/not_wake_word_subset/not_wake_word_05006.wav
0,1,0.2228,experiments/hey_mycroft/dataset/negatives/not_wake_word_subset/not_wake_word_07031.wav
0,1,0.2375,/home/miro/Workspace/MachineLearningProjects/ww-trainer/experiments/hey_mycroft/dataset/negatives/processed/000344.wav
0,1,0.2342,experiments/hey_mycroft/dataset/negatives/not_wake_word_subset/not_wake_word_06185.wav
0,1,0.2401,experiments/hey_mycroft/dataset/negatives/not_wake_word_subset/not_wake_word_01583.wav
0,1,0.4088,/home/miro/Workspace/MachineLearningProjects/ww-trainer/experiments/hey_mycroft/dataset/negatives/processed/000600.wav
0,1,0.5687,/home/miro/Workspace/MachineLearningProjects/ww-trainer/experiments/hey_mycroft/dataset/negatives/processed/001563.wav
0,1,0.2495,experiments/hey_mycroft/dataset/negatives/not_wake_word_subset/not_wake_word_08948.wav
0,1,0.4459,/home/miro/Workspace/MachineLearningProjects/ww-trainer/experiments/hey_mycroft/dataset/negatives/processed/001907.wav
0,1,0.2386,experiments/hey_mycroft/dataset/negatives/not_wake_word_subset/not_wake_word_00531.wav
0,1,0.2314,/home/miro/Workspace/MachineLearningProjects/ww-trainer/experiments/hey_mycroft/dataset/negatives/processed/000082.wav
0,1,0.2443,/home/miro/Workspace/MachineLearningProjects/ww-trainer/experiments/hey_mycroft/dataset/negatives/processed/000268.wav
0,1,0.2343,experiments/hey_mycroft/dataset/negatives/not_wake_word_subset/not_wake_word_06691.wav
0,1,0.2277,experiments/hey_mycroft/dataset/negatives/not_wake_word_subset/not_wake_word_01965.wav
0,1,0.2332,experiments/hey_mycroft/dataset/negatives/not_wake_word_subset/not_wake_word_04086.wav
0,1,0.2309,experiments/hey_mycroft/dataset/negatives/not_wake_word_subset/not_wake_word_00425.wav
0,1,0.5005,/home/miro/Workspace/MachineLearningProjects/ww-trainer/experiments/hey_mycroft/dataset/negatives/processed/001533.wav
0,1,0.3046,/home/miro/Workspace/MachineLearningProjects/ww-trainer/experiments/hey_mycroft/dataset/negatives/processed/001020.wav
0,1,0.3250,/home/miro/Workspace/MachineLearningProjects/ww-trainer/experiments/hey_mycroft/dataset/negatives/processed/001463.wav
0,1,0.2382,/home/miro/Workspace/MachineLearningProjects/ww-trainer/experiments/hey_mycroft/dataset/negatives/processed/000336.wav
0,1,0.5464,/home/miro/Workspace/MachineLearningProjects/ww-trainer/experiments/hey_mycroft/dataset/negatives/processed/001775.wav
0,1,0.4927,/home/miro/Workspace/MachineLearningProjects/ww-trainer/experiments/hey_mycroft/dataset/negatives/processed/001773.wav
0,1,0.2571,experiments/hey_mycroft/dataset/negatives/not_wake_word_subset/not_wake_word_00133.wav
0,1,0.2228,experiments/hey_mycroft/dataset/negatives/not_wake_word_subset/not_wake_word_04463.wav
0,1,0.2259,experiments/hey_mycroft/dataset/negatives/not_wake_word_subset/not_wake_word_05515.wav
