true_label,predicted_label,probability,file_path
0,1,0.6134,experiments/hey_mycroft/dataset/negatives/not_wake_word_subset/not_wake_word_04704.wav
0,1,0.5810,experiments/hey_mycroft/dataset/negatives/not_wake_word_subset/not_wake_word_01625.wav
0,1,0.6399,experiments/hey_mycroft/dataset/negatives/not_wake_word_subset/not_wake_word_04582.wav
0,1,0.6098,experiments/hey_mycroft/dataset/negatives/not_wake_word_subset/not_wake_word_02523.wav
0,1,0.6180,experiments/hey_mycroft/dataset/negatives/not_wake_word_subset/not_wake_word_02521.wav
0,1,0.5475,experiments/hey_mycroft/dataset/negatives/not_wake_word_subset/not_wake_word_03911.wav
0,1,0.5936,experiments/hey_mycroft/dataset/negatives/not_wake_word_subset/not_wake_word_01990.wav
0,1,0.5716,/home/miro/Workspace/MachineLearningProjects/ww-trainer/experiments/hey_mycroft/dataset/negatives/processed/001098.wav
0,1,0.6142,/home/miro/Workspace/MachineLearningProjects/ww-trainer/experiments/hey_mycroft/dataset/negatives/processed/000053.wav
0,1,0.6266,experiments/hey_mycroft/dataset/negatives/not_wake_word_subset/not_wake_word_04916.wav
0,1,0.5993,experiments/hey_mycroft/dataset/negatives/not_wake_word_subset/not_wake_word_07565.wav
0,1,0.5704,/home/miro/Workspace/MachineLearningProjects/ww-trainer/experiments/hey_mycroft/dataset/negatives/processed/000483.wav
0,1,0.5405,experiments/hey_mycroft/dataset/negatives/not_wake_word_subset/not_wake_word_00044.wav
0,1,0.5023,/home/miro/Workspace/MachineLearningProjects/ww-trainer/experiments/hey_mycroft/dataset/negatives/processed/001336.wav
0,1,0.5890,experiments/hey_mycroft/dataset/negatives/not_wake_word_subset/not_wake_word_07023.wav
0,1,0.6219,/home/miro/Workspace/MachineLearningProjects/ww-trainer/experiments/hey_mycroft/dataset/negatives/processed/000371.wav
0,1,0.6347,experiments/hey_mycroft/dataset/negatives/not_wake_word_subset/not_wake_word_02043.wav
0,1,0.6157,experiments/hey_mycroft/dataset/negatives/not_wake_word_subset/not_wake_word_00526.wav
0,1,0.6009,experiments/hey_mycroft/dataset/negatives/not_wake_word_subset/not_wake_word_01080.wav
0,1,0.5857,/home/miro/Workspace/MachineLearningProjects/ww-trainer/experiments/hey_mycroft/dataset/negatives/processed/000804.wav
0,1,0.6399,experiments/hey_mycroft/dataset/negatives/not_wake_word_subset/not_wake_word_03947.wav
0,1,0.6264,experiments/hey_mycroft/dataset/negatives/not_wake_word_subset/not_wake_word_06889.wav
0,1,0.6269,experiments/hey_mycroft/dataset/negatives/not_wake_word_subset/not_wake_word_06476.wav
0,1,0.6366,experiments/hey_mycroft/dataset/negatives/not_wake_word_subset/not_wake_word_00453.wav
0,1,0.5954,experiments/hey_mycroft/dataset/negatives/not_wake_word_subset/not_wake_word_02713.wav
0,1,0.6164,experiments/hey_mycroft/dataset/negatives/not_wake_word_subset/not_wake_word_08356.wav
0,1,0.6000,experiments/hey_mycroft/dataset/negatives/not_wake_word_subset/not_wake_word_06756.wav
0,1,0.6317,experiments/hey_mycroft/dataset/negatives/not_wake_word_subset/not_wake_word_09854.wav
0,1,0.6274,experiments/hey_mycroft/dataset/negatives/not_wake_word_subset/not_wake_word_05734.wav
0,1,0.5649,experiments/hey_mycroft/dataset/negatives/not_wake_word_subset/not_wake_word_08819.wav
0,1,0.5147,experiments/hey_mycroft/dataset/negatives/not_wake_word_subset/not_wake_word_05849.wav
0,1,0.6029,experiments/hey_mycroft/dataset/negatives/not_wake_word_subset/not_wake_word_00873.wav
0,1,0.5327,experiments/hey_mycroft/dataset/negatives/not_wake_word_subset/not_wake_word_01730.wav
0,1,0.6443,experiments/hey_mycroft/dataset/negatives/not_wake_word_subset/not_wake_word_03532.wav
0,1,0.6245,experiments/hey_mycroft/dataset/negatives/not_wake_word_subset/not_wake_word_02089.wav
0,1,0.5858,experiments/hey_mycroft/dataset/negatives/not_wake_word_subset/not_wake_word_07989.wav
0,1,0.6242,experiments/hey_mycroft/dataset/negatives/not_wake_word_subset/not_wake_word_00889.wav
0,1,0.6107,experiments/hey_mycroft/dataset/negatives/not_wake_word_subset/not_wake_word_09713.wav
0,1,0.5658,experiments/hey_mycroft/dataset/negatives/not_wake_word_subset/not_wake_word_06042.wav
0,1,0.6211,experiments/hey_mycroft/dataset/negatives/not_wake_word_subset/not_wake_word_03679.wav
0,1,0.5882,experiments/hey_mycroft/dataset/negatives/not_wake_word_subset/not_wake_word_01698.wav
0,1,0.6271,experiments/hey_mycroft/dataset/negatives/not_wake_word_subset/not_wake_word_00537.wav
0,1,0.6272,experiments/hey_mycroft/dataset/negatives/not_wake_word_subset/not_wake_word_04987.wav
0,1,0.5790,experiments/hey_mycroft/dataset/negatives/not_wake_word_subset/not_wake_word_00320.wav
0,1,0.5958,/home/miro/Workspace/MachineLearningProjects/ww-trainer/experiments/hey_mycroft/dataset/negatives/processed/000578.wav
0,1,0.5919,experiments/hey_mycroft/dataset/negatives/not_wake_word_subset/not_wake_word_01593.wav
0,1,0.5560,experiments/hey_mycroft/dataset/negatives/not_wake_word_subset/not_wake_word_08453.wav
0,1,0.5987,experiments/hey_mycroft/dataset/negatives/not_wake_word_subset/not_wake_word_02386.wav
0,1,0.6171,experiments/hey_mycroft/dataset/negatives/not_wake_word_subset/not_wake_word_03242.wav
0,1,0.5733,experiments/hey_mycroft/dataset/negatives/not_wake_word_subset/not_wake_word_02224.wav
0,1,0.5883,experiments/hey_mycroft/dataset/negatives/not_wake_word_subset/not_wake_word_04544.wav
0,1,0.5812,/home/miro/Workspace/MachineLearningProjects/ww-trainer/experiments/hey_mycroft/dataset/negatives/processed/000858.wav
0,1,0.5907,experiments/hey_mycroft/dataset/negatives/not_wake_word_subset/not_wake_word_06544.wav
0,1,0.6267,experiments/hey_mycroft/dataset/negatives/not_wake_word_subset/not_wake_word_09334.wav
0,1,0.5047,experiments/hey_mycroft/dataset/negatives/not_wake_word_subset/not_wake_word_04772.wav
0,1,0.6236,experiments/hey_mycroft/dataset/negatives/not_wake_word_subset/not_wake_word_03706.wav
0,1,0.5704,/home/miro/Workspace/MachineLearningProjects/ww-trainer/experiments/hey_mycroft/dataset/negatives/processed/000483.wav
0,1,0.6315,experiments/hey_mycroft/dataset/negatives/not_wake_word_subset/not_wake_word_05636.wav
0,1,0.6255,experiments/hey_mycroft/dataset/negatives/not_wake_word_subset/not_wake_word_07574.wav
0,1,0.5972,experiments/hey_mycroft/dataset/negatives/not_wake_word_subset/not_wake_word_00036.wav
0,1,0.6327,experiments/hey_mycroft/dataset/negatives/not_wake_word_subset/not_wake_word_01503.wav
0,1,0.6071,experiments/hey_mycroft/dataset/negatives/not_wake_word_subset/not_wake_word_06063.wav
0,1,0.5853,/home/miro/Workspace/MachineLearningProjects/ww-trainer/experiments/hey_mycroft/dataset/negatives/processed/000273.wav
0,1,0.6460,experiments/hey_mycroft/dataset/negatives/not_wake_word_subset/not_wake_word_04199.wav
0,1,0.5695,experiments/hey_mycroft/dataset/negatives/not_wake_word_subset/not_wake_word_07887.wav
0,1,0.6496,experiments/hey_mycroft/dataset/negatives/not_wake_word_subset/not_wake_word_01589.wav
0,1,0.5758,/home/miro/Workspace/MachineLearningProjects/ww-trainer/experiments/hey_mycroft/dataset/negatives/processed/000520.wav
0,1,0.5506,experiments/hey_mycroft/dataset/negatives/not_wake_word_subset/not_wake_word_09058.wav
0,1,0.5755,/home/miro/Workspace/MachineLearningProjects/ww-trainer/experiments/hey_mycroft/dataset/negatives/processed/000223.wav
0,1,0.5942,experiments/hey_mycroft/dataset/negatives/not_wake_word_subset/not_wake_word_07630.wav
0,1,0.6271,experiments/hey_mycroft/dataset/negatives/not_wake_word_subset/not_wake_word_06368.wav
0,1,0.5684,experiments/hey_mycroft/dataset/negatives/not_wake_word_subset/not_wake_word_07771.wav
0,1,0.5942,experiments/hey_mycroft/dataset/negatives/not_wake_word_subset/not_wake_word_03085.wav
0,1,0.6297,experiments/hey_mycroft/dataset/negatives/not_wake_word_subset/not_wake_word_05311.wav
0,1,0.5839,experiments/hey_mycroft/dataset/negatives/not_wake_word_subset/not_wake_word_01870.wav
0,1,0.6192,/home/miro/Workspace/MachineLearningProjects/ww-trainer/experiments/hey_mycroft/dataset/negatives/processed/001323.wav
0,1,0.5569,experiments/hey_mycroft/dataset/negatives/not_wake_word_subset/not_wake_word_01306.wav
0,1,0.5719,experiments/hey_mycroft/dataset/negatives/not_wake_word_subset/not_wake_word_01014.wav
0,1,0.5849,experiments/hey_mycroft/dataset/negatives/not_wake_word_subset/not_wake_word_03964.wav
0,1,0.5932,experiments/hey_mycroft/dataset/negatives/not_wake_word_subset/not_wake_word_03873.wav
0,1,0.5217,experiments/hey_mycroft/dataset/negatives/not_wake_word_subset/not_wake_word_00646.wav
0,1,0.5918,/home/miro/Workspace/MachineLearningProjects/ww-trainer/experiments/hey_mycroft/dataset/negatives/processed/000996.wav
0,1,0.6061,experiments/hey_mycroft/dataset/negatives/not_wake_word_subset/not_wake_word_06513.wav
0,1,0.5498,experiments/hey_mycroft/dataset/negatives/not_wake_word_subset/not_wake_word_01324.wav
0,1,0.6079,experiments/hey_mycroft/dataset/negatives/not_wake_word_subset/not_wake_word_07920.wav
0,1,0.5672,experiments/hey_mycroft/dataset/negatives/not_wake_word_subset/not_wake_word_07901.wav
0,1,0.5711,experiments/hey_mycroft/dataset/negatives/not_wake_word_subset/not_wake_word_03179.wav
0,1,0.5496,/home/miro/Workspace/MachineLearningProjects/ww-trainer/experiments/hey_mycroft/dataset/negatives/processed/000276.wav
0,1,0.5713,experiments/hey_mycroft/dataset/negatives/not_wake_word_subset/not_wake_word_08290.wav
0,1,0.5921,/home/miro/Workspace/MachineLearningProjects/ww-trainer/experiments/hey_mycroft/dataset/negatives/processed/000575.wav
0,1,0.5767,experiments/hey_mycroft/dataset/negatives/not_wake_word_subset/not_wake_word_08000.wav
0,1,0.5101,/home/miro/Workspace/MachineLearningProjects/ww-trainer/experiments/hey_mycroft/dataset/negatives/processed/000426.wav
0,1,0.6237,experiments/hey_mycroft/dataset/negatives/not_wake_word_subset/not_wake_word_07372.wav
0,1,0.6218,experiments/hey_mycroft/dataset/negatives/not_wake_word_subset/not_wake_word_07103.wav
0,1,0.6387,experiments/hey_mycroft/dataset/negatives/not_wake_word_subset/not_wake_word_05281.wav
0,1,0.5918,experiments/hey_mycroft/dataset/negatives/not_wake_word_subset/not_wake_word_07286.wav
0,1,0.6205,experiments/hey_mycroft/dataset/negatives/not_wake_word_subset/not_wake_word_04052.wav
0,1,0.5643,/home/miro/Workspace/MachineLearningProjects/ww-trainer/experiments/hey_mycroft/dataset/negatives/processed/000430.wav
0,1,0.6360,experiments/hey_mycroft/dataset/negatives/not_wake_word_subset/not_wake_word_07528.wav
0,1,0.5827,experiments/hey_mycroft/dataset/negatives/not_wake_word_subset/not_wake_word_06150.wav
0,1,0.5925,experiments/hey_mycroft/dataset/negatives/not_wake_word_subset/not_wake_word_08255.wav
0,1,0.5650,experiments/hey_mycroft/dataset/negatives/not_wake_word_subset/not_wake_word_03049.wav
0,1,0.6417,experiments/hey_mycroft/dataset/negatives/not_wake_word_subset/not_wake_word_00571.wav
0,1,0.6191,experiments/hey_mycroft/dataset/negatives/not_wake_word_subset/not_wake_word_00318.wav
0,1,0.5980,experiments/hey_mycroft/dataset/negatives/not_wake_word_subset/not_wake_word_09871.wav
0,1,0.5832,experiments/hey_mycroft/dataset/negatives/not_wake_word_subset/not_wake_word_02973.wav
0,1,0.5800,experiments/hey_mycroft/dataset/negatives/not_wake_word_subset/not_wake_word_08166.wav
0,1,0.6279,/home/miro/Workspace/MachineLearningProjects/ww-trainer/experiments/hey_mycroft/dataset/negatives/processed/000782.wav
0,1,0.6286,experiments/hey_mycroft/dataset/negatives/not_wake_word_subset/not_wake_word_08099.wav
0,1,0.6152,experiments/hey_mycroft/dataset/negatives/not_wake_word_subset/not_wake_word_06341.wav
0,1,0.5835,experiments/hey_mycroft/dataset/negatives/not_wake_word_subset/not_wake_word_08944.wav
0,1,0.6164,experiments/hey_mycroft/dataset/negatives/not_wake_word_subset/not_wake_word_00974.wav
0,1,0.6456,experiments/hey_mycroft/dataset/negatives/not_wake_word_subset/not_wake_word_04477.wav
0,1,0.6398,experiments/hey_mycroft/dataset/negatives/not_wake_word_subset/not_wake_word_06616.wav
0,1,0.5201,experiments/hey_mycroft/dataset/negatives/not_wake_word_subset/not_wake_word_04641.wav
0,1,0.5723,experiments/hey_mycroft/dataset/negatives/not_wake_word_subset/not_wake_word_08808.wav
0,1,0.6064,experiments/hey_mycroft/dataset/negatives/not_wake_word_subset/not_wake_word_02051.wav
0,1,0.5837,experiments/hey_mycroft/dataset/negatives/not_wake_word_subset/not_wake_word_01399.wav
0,1,0.5329,experiments/hey_mycroft/dataset/negatives/not_wake_word_subset/not_wake_word_01155.wav
0,1,0.6054,experiments/hey_mycroft/dataset/negatives/not_wake_word_subset/not_wake_word_09905.wav
0,1,0.6227,experiments/hey_mycroft/dataset/negatives/not_wake_word_subset/not_wake_word_00607.wav
0,1,0.5155,/home/miro/Workspace/MachineLearningProjects/ww-trainer/experiments/hey_mycroft/dataset/negatives/processed/000152.wav
0,1,0.6370,experiments/hey_mycroft/dataset/negatives/not_wake_word_subset/not_wake_word_07246.wav
0,1,0.6098,experiments/hey_mycroft/dataset/negatives/not_wake_word_subset/not_wake_word_00961.wav
0,1,0.6139,experiments/hey_mycroft/dataset/negatives/not_wake_word_subset/not_wake_word_03131.wav
0,1,0.5676,experiments/hey_mycroft/dataset/negatives/not_wake_word_subset/not_wake_word_09870.wav
0,1,0.6160,experiments/hey_mycroft/dataset/negatives/not_wake_word_subset/not_wake_word_02117.wav
0,1,0.6171,experiments/hey_mycroft/dataset/negatives/not_wake_word_subset/not_wake_word_09356.wav
0,1,0.5875,experiments/hey_mycroft/dataset/negatives/not_wake_word_subset/not_wake_word_05305.wav
0,1,0.5911,/home/miro/Workspace/MachineLearningProjects/ww-trainer/experiments/hey_mycroft/dataset/negatives/processed/000088.wav
0,1,0.5954,experiments/hey_mycroft/dataset/negatives/not_wake_word_subset/not_wake_word_02848.wav
0,1,0.6417,experiments/hey_mycroft/dataset/negatives/not_wake_word_subset/not_wake_word_06694.wav
0,1,0.6131,experiments/hey_mycroft/dataset/negatives/not_wake_word_subset/not_wake_word_04721.wav
0,1,0.6239,experiments/hey_mycroft/dataset/negatives/not_wake_word_subset/not_wake_word_09049.wav
0,1,0.5888,experiments/hey_mycroft/dataset/negatives/not_wake_word_subset/not_wake_word_01997.wav
0,1,0.6352,/home/miro/Workspace/MachineLearningProjects/ww-trainer/experiments/hey_mycroft/dataset/negatives/processed/000193.wav
0,1,0.6396,experiments/hey_mycroft/dataset/negatives/not_wake_word_subset/not_wake_word_01639.wav
0,1,0.6133,experiments/hey_mycroft/dataset/negatives/not_wake_word_subset/not_wake_word_08487.wav
0,1,0.6043,experiments/hey_mycroft/dataset/negatives/not_wake_word_subset/not_wake_word_05664.wav
0,1,0.5958,experiments/hey_mycroft/dataset/negatives/not_wake_word_subset/not_wake_word_04289.wav
0,1,0.5854,experiments/hey_mycroft/dataset/negatives/not_wake_word_subset/not_wake_word_03728.wav
0,1,0.6149,experiments/hey_mycroft/dataset/negatives/not_wake_word_subset/not_wake_word_03789.wav
0,1,0.5859,experiments/hey_mycroft/dataset/negatives/not_wake_word_subset/not_wake_word_01595.wav
0,1,0.6049,experiments/hey_mycroft/dataset/negatives/not_wake_word_subset/not_wake_word_07452.wav
0,1,0.5794,experiments/hey_mycroft/dataset/negatives/not_wake_word_subset/not_wake_word_05814.wav
0,1,0.6245,experiments/hey_mycroft/dataset/negatives/not_wake_word_subset/not_wake_word_07788.wav
0,1,0.6404,experiments/hey_mycroft/dataset/negatives/not_wake_word_subset/not_wake_word_05006.wav
0,1,0.5638,experiments/hey_mycroft/dataset/negatives/not_wake_word_subset/not_wake_word_06687.wav
0,1,0.6034,experiments/hey_mycroft/dataset/negatives/not_wake_word_subset/not_wake_word_08202.wav
0,1,0.6252,experiments/hey_mycroft/dataset/negatives/not_wake_word_subset/not_wake_word_07145.wav
0,1,0.6071,experiments/hey_mycroft/dataset/negatives/not_wake_word_subset/not_wake_word_06925.wav
0,1,0.6236,experiments/hey_mycroft/dataset/negatives/not_wake_word_subset/not_wake_word_01209.wav
0,1,0.6393,experiments/hey_mycroft/dataset/negatives/not_wake_word_subset/not_wake_word_02547.wav
0,1,0.6348,experiments/hey_mycroft/dataset/negatives/not_wake_word_subset/not_wake_word_06554.wav
0,1,0.5895,experiments/hey_mycroft/dataset/negatives/not_wake_word_subset/not_wake_word_03849.wav
0,1,0.5776,/home/miro/Workspace/MachineLearningProjects/ww-trainer/experiments/hey_mycroft/dataset/negatives/processed/000681.wav
0,1,0.6033,experiments/hey_mycroft/dataset/negatives/not_wake_word_subset/not_wake_word_01930.wav
0,1,0.6221,/home/miro/Workspace/MachineLearningProjects/ww-trainer/experiments/hey_mycroft/dataset/negatives/processed/000331.wav
0,1,0.6058,experiments/hey_mycroft/dataset/negatives/not_wake_word_subset/not_wake_word_04083.wav
0,1,0.5348,experiments/hey_mycroft/dataset/negatives/not_wake_word_subset/not_wake_word_00219.wav
0,1,0.6284,/home/miro/Workspace/MachineLearningProjects/ww-trainer/experiments/hey_mycroft/dataset/negatives/processed/001307.wav
0,1,0.5820,experiments/hey_mycroft/dataset/negatives/not_wake_word_subset/not_wake_word_04553.wav
0,1,0.6324,experiments/hey_mycroft/dataset/negatives/not_wake_word_subset/not_wake_word_02615.wav
0,1,0.5961,/home/miro/Workspace/MachineLearningProjects/ww-trainer/experiments/hey_mycroft/dataset/negatives/processed/000493.wav
0,1,0.6380,/home/miro/Workspace/MachineLearningProjects/ww-trainer/experiments/hey_mycroft/dataset/negatives/processed/000616.wav
0,1,0.5940,experiments/hey_mycroft/dataset/negatives/not_wake_word_subset/not_wake_word_03461.wav
0,1,0.6108,experiments/hey_mycroft/dataset/negatives/not_wake_word_subset/not_wake_word_06866.wav
0,1,0.6257,experiments/hey_mycroft/dataset/negatives/not_wake_word_subset/not_wake_word_03282.wav
0,1,0.5527,experiments/hey_mycroft/dataset/negatives/not_wake_word_subset/not_wake_word_06860.wav
0,1,0.5550,experiments/hey_mycroft/dataset/negatives/not_wake_word_subset/not_wake_word_08931.wav
0,1,0.6198,/home/miro/Workspace/MachineLearningProjects/ww-trainer/experiments/hey_mycroft/dataset/negatives/processed/000767.wav
0,1,0.6316,experiments/hey_mycroft/dataset/negatives/not_wake_word_subset/not_wake_word_06898.wav
0,1,0.5247,experiments/hey_mycroft/dataset/negatives/not_wake_word_subset/not_wake_word_06047.wav
0,1,0.6091,experiments/hey_mycroft/dataset/negatives/not_wake_word_subset/not_wake_word_09748.wav
0,1,0.6221,experiments/hey_mycroft/dataset/negatives/not_wake_word_subset/not_wake_word_02963.wav
0,1,0.5691,experiments/hey_mycroft/dataset/negatives/not_wake_word_subset/not_wake_word_04476.wav
0,1,0.5990,/home/miro/Workspace/MachineLearningProjects/ww-trainer/experiments/hey_mycroft/dataset/negatives/processed/000210.wav
0,1,0.5882,experiments/hey_mycroft/dataset/negatives/not_wake_word_subset/not_wake_word_03347.wav
0,1,0.6077,experiments/hey_mycroft/dataset/negatives/not_wake_word_subset/not_wake_word_09241.wav
0,1,0.6319,experiments/hey_mycroft/dataset/negatives/not_wake_word_subset/not_wake_word_04498.wav
0,1,0.6240,/home/miro/Workspace/MachineLearningProjects/ww-trainer/experiments/hey_mycroft/dataset/negatives/processed/000340.wav
0,1,0.5905,experiments/hey_mycroft/dataset/negatives/not_wake_word_subset/not_wake_word_07150.wav
0,1,0.5419,experiments/hey_mycroft/dataset/negatives/not_wake_word_subset/not_wake_word_09513.wav
0,1,0.6260,experiments/hey_mycroft/dataset/negatives/not_wake_word_subset/not_wake_word_07306.wav
0,1,0.6393,experiments/hey_mycroft/dataset/negatives/not_wake_word_subset/not_wake_word_01276.wav
0,1,0.5832,experiments/hey_mycroft/dataset/negatives/not_wake_word_subset/not_wake_word_00833.wav
0,1,0.6207,experiments/hey_mycroft/dataset/negatives/not_wake_word_subset/not_wake_word_07360.wav
0,1,0.6467,/home/miro/Workspace/MachineLearningProjects/ww-trainer/experiments/hey_mycroft/dataset/negatives/processed/000651.wav
0,1,0.5874,experiments/hey_mycroft/dataset/negatives/not_wake_word_subset/not_wake_word_09402.wav
0,1,0.6030,experiments/hey_mycroft/dataset/negatives/not_wake_word_subset/not_wake_word_06249.wav
0,1,0.5459,/home/miro/Workspace/MachineLearningProjects/ww-trainer/experiments/hey_mycroft/dataset/negatives/processed/000308.wav
0,1,0.6050,experiments/hey_mycroft/dataset/negatives/not_wake_word_subset/not_wake_word_03250.wav
0,1,0.6341,experiments/hey_mycroft/dataset/negatives/not_wake_word_subset/not_wake_word_07382.wav
0,1,0.6155,experiments/hey_mycroft/dataset/negatives/not_wake_word_subset/not_wake_word_08005.wav
0,1,0.5008,/home/miro/Workspace/MachineLearningProjects/ww-trainer/experiments/hey_mycroft/dataset/negatives/processed/001542.wav
0,1,0.6268,/home/miro/Workspace/MachineLearningProjects/ww-trainer/experiments/hey_mycroft/dataset/negatives/processed/000195.wav
0,1,0.6241,experiments/hey_mycroft/dataset/negatives/not_wake_word_subset/not_wake_word_08240.wav
0,1,0.5864,experiments/hey_mycroft/dataset/negatives/not_wake_word_subset/not_wake_word_07709.wav
0,1,0.6461,experiments/hey_mycroft/dataset/negatives/not_wake_word_subset/not_wake_word_03746.wav
0,1,0.6268,experiments/hey_mycroft/dataset/negatives/not_wake_word_subset/not_wake_word_00101.wav
0,1,0.5666,experiments/hey_mycroft/dataset/negatives/not_wake_word_subset/not_wake_word_08618.wav
0,1,0.6263,/home/miro/Workspace/MachineLearningProjects/ww-trainer/experiments/hey_mycroft/dataset/negatives/processed/001603.wav
0,1,0.5945,/home/miro/Workspace/MachineLearningProjects/ww-trainer/experiments/hey_mycroft/dataset/negatives/processed/000071.wav
0,1,0.6341,/home/miro/Workspace/MachineLearningProjects/ww-trainer/experiments/hey_mycroft/dataset/negatives/processed/000230.wav
0,1,0.6087,experiments/hey_mycroft/dataset/negatives/not_wake_word_subset/not_wake_word_09855.wav
0,1,0.6366,experiments/hey_mycroft/dataset/negatives/not_wake_word_subset/not_wake_word_09106.wav
0,1,0.5840,/home/miro/Workspace/MachineLearningProjects/ww-trainer/experiments/hey_mycroft/dataset/negatives/processed/000448.wav
0,1,0.5825,experiments/hey_mycroft/dataset/negatives/not_wake_word_subset/not_wake_word_05874.wav
0,1,0.6006,experiments/hey_mycroft/dataset/negatives/not_wake_word_subset/not_wake_word_03486.wav
0,1,0.5883,experiments/hey_mycroft/dataset/negatives/not_wake_word_subset/not_wake_word_04452.wav
0,1,0.5673,/home/miro/Workspace/MachineLearningProjects/ww-trainer/experiments/hey_mycroft/dataset/negatives/processed/000028.wav
0,1,0.6219,/home/miro/Workspace/MachineLearningProjects/ww-trainer/experiments/hey_mycroft/dataset/negatives/processed/000177.wav
0,1,0.6255,experiments/hey_mycroft/dataset/negatives/not_wake_word_subset/not_wake_word_04224.wav
0,1,0.5624,/home/miro/Workspace/MachineLearningProjects/ww-trainer/experiments/hey_mycroft/dataset/negatives/processed/001020.wav
0,1,0.5101,/home/miro/Workspace/MachineLearningProjects/ww-trainer/experiments/hey_mycroft/dataset/negatives/processed/000426.wav
0,1,0.6029,experiments/hey_mycroft/dataset/negatives/not_wake_word_subset/not_wake_word_09324.wav
0,1,0.6104,experiments/hey_mycroft/dataset/negatives/not_wake_word_subset/not_wake_word_08283.wav
0,1,0.6049,experiments/hey_mycroft/dataset/negatives/not_wake_word_subset/not_wake_word_00606.wav
0,1,0.5788,experiments/hey_mycroft/dataset/negatives/not_wake_word_subset/not_wake_word_09325.wav
0,1,0.6069,experiments/hey_mycroft/dataset/negatives/not_wake_word_subset/not_wake_word_00473.wav
0,1,0.6298,experiments/hey_mycroft/dataset/negatives/not_wake_word_subset/not_wake_word_04534.wav
0,1,0.6231,experiments/hey_mycroft/dataset/negatives/not_wake_word_subset/not_wake_word_03267.wav
0,1,0.6152,experiments/hey_mycroft/dataset/negatives/not_wake_word_subset/not_wake_word_01425.wav
0,1,0.5816,/home/miro/Workspace/MachineLearningProjects/ww-trainer/experiments/hey_mycroft/dataset/negatives/processed/000675.wav
0,1,0.6001,experiments/hey_mycroft/dataset/negatives/not_wake_word_subset/not_wake_word_00411.wav
0,1,0.5984,/home/miro/Workspace/MachineLearningProjects/ww-trainer/experiments/hey_mycroft/dataset/negatives/processed/000352.wav
0,1,0.6189,experiments/hey_mycroft/dataset/negatives/not_wake_word_subset/not_wake_word_09254.wav
0,1,0.5575,/home/miro/Workspace/MachineLearningProjects/ww-trainer/experiments/hey_mycroft/dataset/negatives/processed/000919.wav
0,1,0.5845,experiments/hey_mycroft/dataset/negatives/not_wake_word_subset/not_wake_word_00603.wav
0,1,0.5906,experiments/hey_mycroft/dataset/negatives/not_wake_word_subset/not_wake_word_04848.wav
0,1,0.6371,experiments/hey_mycroft/dataset/negatives/not_wake_word_subset/not_wake_word_02684.wav
0,1,0.6083,experiments/hey_mycroft/dataset/negatives/not_wake_word_subset/not_wake_word_00118.wav
0,1,0.5910,experiments/hey_mycroft/dataset/negatives/not_wake_word_subset/not_wake_word_04176.wav
0,1,0.6208,experiments/hey_mycroft/dataset/negatives/not_wake_word_subset/not_wake_word_00983.wav
0,1,0.6348,experiments/hey_mycroft/dataset/negatives/not_wake_word_subset/not_wake_word_08091.wav
0,1,0.5076,experiments/hey_mycroft/dataset/negatives/not_wake_word_subset/not_wake_word_09478.wav
0,1,0.5656,experiments/hey_mycroft/dataset/negatives/not_wake_word_subset/not_wake_word_09412.wav
0,1,0.6417,experiments/hey_mycroft/dataset/negatives/not_wake_word_subset/not_wake_word_09410.wav
0,1,0.6419,experiments/hey_mycroft/dataset/negatives/not_wake_word_subset/not_wake_word_08809.wav
0,1,0.6008,experiments/hey_mycroft/dataset/negatives/not_wake_word_subset/not_wake_word_04669.wav
0,1,0.5701,experiments/hey_mycroft/dataset/negatives/not_wake_word_subset/not_wake_word_00350.wav
0,1,0.5630,experiments/hey_mycroft/dataset/negatives/not_wake_word_subset/not_wake_word_07737.wav
0,1,0.5930,experiments/hey_mycroft/dataset/negatives/not_wake_word_subset/not_wake_word_08780.wav
0,1,0.5728,experiments/hey_mycroft/dataset/negatives/not_wake_word_subset/not_wake_word_06142.wav
0,1,0.5664,experiments/hey_mycroft/dataset/negatives/not_wake_word_subset/not_wake_word_02879.wav
0,1,0.5284,experiments/hey_mycroft/dataset/negatives/not_wake_word_subset/not_wake_word_01740.wav
0,1,0.6168,experiments/hey_mycroft/dataset/negatives/not_wake_word_subset/not_wake_word_05315.wav
0,1,0.6113,experiments/hey_mycroft/dataset/negatives/not_wake_word_subset/not_wake_word_03627.wav
0,1,0.6443,experiments/hey_mycroft/dataset/negatives/not_wake_word_subset/not_wake_word_04570.wav
0,1,0.6187,experiments/hey_mycroft/dataset/negatives/not_wake_word_subset/not_wake_word_08857.wav
0,1,0.6253,experiments/hey_mycroft/dataset/negatives/not_wake_word_subset/not_wake_word_09693.wav
0,1,0.6115,experiments/hey_mycroft/dataset/negatives/not_wake_word_subset/not_wake_word_06273.wav
0,1,0.5960,experiments/hey_mycroft/dataset/negatives/not_wake_word_subset/not_wake_word_00843.wav
0,1,0.5670,/home/miro/Workspace/MachineLearningProjects/ww-trainer/experiments/hey_mycroft/dataset/negatives/processed/001193.wav
0,1,0.5710,experiments/hey_mycroft/dataset/negatives/not_wake_word_subset/not_wake_word_00407.wav
0,1,0.5695,experiments/hey_mycroft/dataset/negatives/not_wake_word_subset/not_wake_word_05144.wav
0,1,0.6094,experiments/hey_mycroft/dataset/negatives/not_wake_word_subset/not_wake_word_02223.wav
0,1,0.6338,experiments/hey_mycroft/dataset/negatives/not_wake_word_subset/not_wake_word_00652.wav
0,1,0.6088,experiments/hey_mycroft/dataset/negatives/not_wake_word_subset/not_wake_word_05296.wav
0,1,0.5919,experiments/hey_mycroft/dataset/negatives/not_wake_word_subset/not_wake_word_06275.wav
0,1,0.6314,experiments/hey_mycroft/dataset/negatives/not_wake_word_subset/not_wake_word_01877.wav
0,1,0.5857,/home/miro/Workspace/MachineLearningProjects/ww-trainer/experiments/hey_mycroft/dataset/negatives/processed/000804.wav
0,1,0.6187,/home/miro/Workspace/MachineLearningProjects/ww-trainer/experiments/hey_mycroft/dataset/negatives/processed/000336.wav
0,1,0.5815,experiments/hey_mycroft/dataset/negatives/not_wake_word_subset/not_wake_word_00475.wav
0,1,0.6155,experiments/hey_mycroft/dataset/negatives/not_wake_word_subset/not_wake_word_02871.wav
0,1,0.6407,experiments/hey_mycroft/dataset/negatives/not_wake_word_subset/not_wake_word_07142.wav
0,1,0.5602,experiments/hey_mycroft/dataset/negatives/not_wake_word_subset/not_wake_word_05518.wav
0,1,0.5865,/home/miro/Workspace/MachineLearningProjects/ww-trainer/experiments/hey_mycroft/dataset/negatives/processed/001096.wav
0,1,0.5983,experiments/hey_mycroft/dataset/negatives/not_wake_word_subset/not_wake_word_02418.wav
0,1,0.5913,experiments/hey_mycroft/dataset/negatives/not_wake_word_subset/not_wake_word_02086.wav
0,1,0.6083,experiments/hey_mycroft/dataset/negatives/not_wake_word_subset/not_wake_word_08096.wav
0,1,0.5829,experiments/hey_mycroft/dataset/negatives/not_wake_word_subset/not_wake_word_09065.wav
0,1,0.5952,experiments/hey_mycroft/dataset/negatives/not_wake_word_subset/not_wake_word_09380.wav
0,1,0.6374,experiments/hey_mycroft/dataset/negatives/not_wake_word_subset/not_wake_word_05803.wav
0,1,0.6350,/home/miro/Workspace/MachineLearningProjects/ww-trainer/experiments/hey_mycroft/dataset/negatives/processed/000777.wav
0,1,0.6340,experiments/hey_mycroft/dataset/negatives/not_wake_word_subset/not_wake_word_06941.wav
0,1,0.5512,experiments/hey_mycroft/dataset/negatives/not_wake_word_subset/not_wake_word_05017.wav
0,1,0.5594,experiments/hey_mycroft/dataset/negatives/not_wake_word_subset/not_wake_word_00823.wav
0,1,0.6231,experiments/hey_mycroft/dataset/negatives/not_wake_word_subset/not_wake_word_06930.wav
0,1,0.6264,/home/miro/Workspace/MachineLearningProjects/ww-trainer/experiments/hey_mycroft/dataset/negatives/processed/000370.wav
0,1,0.6143,experiments/hey_mycroft/dataset/negatives/not_wake_word_subset/not_wake_word_01201.wav
0,1,0.5706,experiments/hey_mycroft/dataset/negatives/not_wake_word_subset/not_wake_word_02456.wav
0,1,0.6418,experiments/hey_mycroft/dataset/negatives/not_wake_word_subset/not_wake_word_06039.wav
0,1,0.5671,experiments/hey_mycroft/dataset/negatives/not_wake_word_subset/not_wake_word_04808.wav
0,1,0.5502,experiments/hey_mycroft/dataset/negatives/not_wake_word_subset/not_wake_word_02714.wav
0,1,0.5552,experiments/hey_mycroft/dataset/negatives/not_wake_word_subset/not_wake_word_00602.wav
0,1,0.6346,experiments/hey_mycroft/dataset/negatives/not_wake_word_subset/not_wake_word_02185.wav
0,1,0.6339,experiments/hey_mycroft/dataset/negatives/not_wake_word_subset/not_wake_word_05540.wav
0,1,0.5931,experiments/hey_mycroft/dataset/negatives/not_wake_word_subset/not_wake_word_00829.wav
0,1,0.5884,experiments/hey_mycroft/dataset/negatives/not_wake_word_subset/not_wake_word_04141.wav
0,1,0.5799,experiments/hey_mycroft/dataset/negatives/not_wake_word_subset/not_wake_word_08985.wav
0,1,0.6067,/home/miro/Workspace/MachineLearningProjects/ww-trainer/experiments/hey_mycroft/dataset/negatives/processed/000680.wav
0,1,0.5872,experiments/hey_mycroft/dataset/negatives/not_wake_word_subset/not_wake_word_00933.wav
0,1,0.5808,experiments/hey_mycroft/dataset/negatives/not_wake_word_subset/not_wake_word_03614.wav
0,1,0.6055,experiments/hey_mycroft/dataset/negatives/not_wake_word_subset/not_wake_word_06533.wav
0,1,0.6208,experiments/hey_mycroft/dataset/negatives/not_wake_word_subset/not_wake_word_06562.wav
0,1,0.6100,experiments/hey_mycroft/dataset/negatives/not_wake_word_subset/not_wake_word_01085.wav
0,1,0.6137,experiments/hey_mycroft/dataset/negatives/not_wake_word_subset/not_wake_word_04090.wav
0,1,0.6142,/home/miro/Workspace/MachineLearningProjects/ww-trainer/experiments/hey_mycroft/dataset/negatives/processed/000053.wav
0,1,0.6116,experiments/hey_mycroft/dataset/negatives/not_wake_word_subset/not_wake_word_02574.wav
0,1,0.6459,experiments/hey_mycroft/dataset/negatives/not_wake_word_subset/not_wake_word_01309.wav
0,1,0.5881,experiments/hey_mycroft/dataset/negatives/not_wake_word_subset/not_wake_word_06826.wav
0,1,0.5401,experiments/hey_mycroft/dataset/negatives/not_wake_word_subset/not_wake_word_03116.wav
0,1,0.5693,/home/miro/Workspace/MachineLearningProjects/ww-trainer/experiments/hey_mycroft/dataset/negatives/processed/000440.wav
0,1,0.5649,/home/miro/Workspace/MachineLearningProjects/ww-trainer/experiments/hey_mycroft/dataset/negatives/processed/001184.wav
0,1,0.6415,experiments/hey_mycroft/dataset/negatives/not_wake_word_subset/not_wake_word_07439.wav
0,1,0.6091,experiments/hey_mycroft/dataset/negatives/not_wake_word_subset/not_wake_word_02590.wav
0,1,0.5349,experiments/hey_mycroft/dataset/negatives/not_wake_word_subset/not_wake_word_09619.wav
0,1,0.5852,experiments/hey_mycroft/dataset/negatives/not_wake_word_subset/not_wake_word_05083.wav
0,1,0.5506,/home/miro/Workspace/MachineLearningProjects/ww-trainer/experiments/hey_mycroft/dataset/negatives/processed/001447.wav
0,1,0.6323,experiments/hey_mycroft/dataset/negatives/not_wake_word_subset/not_wake_word_03879.wav
0,1,0.6205,experiments/hey_mycroft/dataset/negatives/not_wake_word_subset/not_wake_word_03139.wav
0,1,0.6331,experiments/hey_mycroft/dataset/negatives/not_wake_word_subset/not_wake_word_04807.wav
0,1,0.6179,experiments/hey_mycroft/dataset/negatives/not_wake_word_subset/not_wake_word_09749.wav
0,1,0.6391,experiments/hey_mycroft/dataset/negatives/not_wake_word_subset/not_wake_word_09460.wav
0,1,0.6489,experiments/hey_mycroft/dataset/negatives/not_wake_word_subset/not_wake_word_02659.wav
0,1,0.6237,experiments/hey_mycroft/dataset/negatives/not_wake_word_subset/not_wake_word_03363.wav
0,1,0.5876,experiments/hey_mycroft/dataset/negatives/not_wake_word_subset/not_wake_word_04273.wav
0,1,0.6037,experiments/hey_mycroft/dataset/negatives/not_wake_word_subset/not_wake_word_03181.wav
0,1,0.5916,experiments/hey_mycroft/dataset/negatives/not_wake_word_subset/not_wake_word_05968.wav
0,1,0.6302,experiments/hey_mycroft/dataset/negatives/not_wake_word_subset/not_wake_word_08415.wav
0,1,0.6152,experiments/hey_mycroft/dataset/negatives/not_wake_word_subset/not_wake_word_05934.wav
0,1,0.5300,/home/miro/Workspace/MachineLearningProjects/ww-trainer/experiments/hey_mycroft/dataset/negatives/processed/001030.wav
0,1,0.6343,experiments/hey_mycroft/dataset/negatives/not_wake_word_subset/not_wake_word_08891.wav
0,1,0.5972,experiments/hey_mycroft/dataset/negatives/not_wake_word_subset/not_wake_word_05239.wav
0,1,0.6120,experiments/hey_mycroft/dataset/negatives/not_wake_word_subset/not_wake_word_01338.wav
0,1,0.5904,experiments/hey_mycroft/dataset/negatives/not_wake_word_subset/not_wake_word_01332.wav
0,1,0.6277,experiments/hey_mycroft/dataset/negatives/not_wake_word_subset/not_wake_word_09572.wav
0,1,0.5991,experiments/hey_mycroft/dataset/negatives/not_wake_word_subset/not_wake_word_09486.wav
0,1,0.5433,/home/miro/Workspace/MachineLearningProjects/ww-trainer/experiments/hey_mycroft/dataset/negatives/processed/001350.wav
0,1,0.5792,experiments/hey_mycroft/dataset/negatives/not_wake_word_subset/not_wake_word_04758.wav
0,1,0.6271,/home/miro/Workspace/MachineLearningProjects/ww-trainer/experiments/hey_mycroft/dataset/negatives/processed/000764.wav
0,1,0.6303,experiments/hey_mycroft/dataset/negatives/not_wake_word_subset/not_wake_word_00619.wav
0,1,0.5745,experiments/hey_mycroft/dataset/negatives/not_wake_word_subset/not_wake_word_07230.wav
0,1,0.6110,experiments/hey_mycroft/dataset/negatives/not_wake_word_subset/not_wake_word_08848.wav
0,1,0.6418,/home/miro/Workspace/MachineLearningProjects/ww-trainer/experiments/hey_mycroft/dataset/negatives/processed/000845.wav
0,1,0.5847,experiments/hey_mycroft/dataset/negatives/not_wake_word_subset/not_wake_word_05794.wav
0,1,0.6389,experiments/hey_mycroft/dataset/negatives/not_wake_word_subset/not_wake_word_08152.wav
0,1,0.6278,experiments/hey_mycroft/dataset/negatives/not_wake_word_subset/not_wake_word_09901.wav
0,1,0.5895,experiments/hey_mycroft/dataset/negatives/not_wake_word_subset/not_wake_word_08884.wav
0,1,0.6383,experiments/hey_mycroft/dataset/negatives/not_wake_word_subset/not_wake_word_06397.wav
0,1,0.5971,experiments/hey_mycroft/dataset/negatives/not_wake_word_subset/not_wake_word_04136.wav
0,1,0.6033,experiments/hey_mycroft/dataset/negatives/not_wake_word_subset/not_wake_word_06874.wav
0,1,0.6074,experiments/hey_mycroft/dataset/negatives/not_wake_word_subset/not_wake_word_09032.wav
0,1,0.5827,experiments/hey_mycroft/dataset/negatives/not_wake_word_subset/not_wake_word_09227.wav
0,1,0.6338,experiments/hey_mycroft/dataset/negatives/not_wake_word_subset/not_wake_word_05563.wav
0,1,0.6163,experiments/hey_mycroft/dataset/negatives/not_wake_word_subset/not_wake_word_07433.wav
0,1,0.5940,experiments/hey_mycroft/dataset/negatives/not_wake_word_subset/not_wake_word_09852.wav
0,1,0.5534,experiments/hey_mycroft/dataset/negatives/not_wake_word_subset/not_wake_word_03994.wav
0,1,0.6125,experiments/hey_mycroft/dataset/negatives/not_wake_word_subset/not_wake_word_09509.wav
0,1,0.5529,experiments/hey_mycroft/dataset/negatives/not_wake_word_subset/not_wake_word_04506.wav
0,1,0.6182,experiments/hey_mycroft/dataset/negatives/not_wake_word_subset/not_wake_word_07745.wav
0,1,0.5943,experiments/hey_mycroft/dataset/negatives/not_wake_word_subset/not_wake_word_06057.wav
0,1,0.6257,experiments/hey_mycroft/dataset/negatives/not_wake_word_subset/not_wake_word_05328.wav
0,1,0.5963,/home/miro/Workspace/MachineLearningProjects/ww-trainer/experiments/hey_mycroft/dataset/negatives/processed/001825.wav
0,1,0.5817,/home/miro/Workspace/MachineLearningProjects/ww-trainer/experiments/hey_mycroft/dataset/negatives/processed/000546.wav
0,1,0.6264,experiments/hey_mycroft/dataset/negatives/not_wake_word_subset/not_wake_word_01769.wav
0,1,0.5977,experiments/hey_mycroft/dataset/negatives/not_wake_word_subset/not_wake_word_05170.wav
0,1,0.6371,experiments/hey_mycroft/dataset/negatives/not_wake_word_subset/not_wake_word_07683.wav
0,1,0.6023,experiments/hey_mycroft/dataset/negatives/not_wake_word_subset/not_wake_word_05447.wav
0,1,0.6390,experiments/hey_mycroft/dataset/negatives/not_wake_word_subset/not_wake_word_04527.wav
0,1,0.5867,/home/miro/Workspace/MachineLearningProjects/ww-trainer/experiments/hey_mycroft/dataset/negatives/processed/000387.wav
0,1,0.5972,experiments/hey_mycroft/dataset/negatives/not_wake_word_subset/not_wake_word_07917.wav
0,1,0.5461,experiments/hey_mycroft/dataset/negatives/not_wake_word_subset/not_wake_word_07607.wav
0,1,0.6114,/home/miro/Workspace/MachineLearningProjects/ww-trainer/experiments/hey_mycroft/dataset/negatives/processed/001921.wav
0,1,0.6189,experiments/hey_mycroft/dataset/negatives/not_wake_word_subset/not_wake_word_09108.wav
0,1,0.6155,experiments/hey_mycroft/dataset/negatives/not_wake_word_subset/not_wake_word_04461.wav
0,1,0.6490,experiments/hey_mycroft/dataset/negatives/not_wake_word_subset/not_wake_word_09371.wav
0,1,0.5910,experiments/hey_mycroft/dataset/negatives/not_wake_word_subset/not_wake_word_05171.wav
0,1,0.5741,experiments/hey_mycroft/dataset/negatives/not_wake_word_subset/not_wake_word_02939.wav
0,1,0.5890,experiments/hey_mycroft/dataset/negatives/not_wake_word_subset/not_wake_word_08710.wav
0,1,0.5725,/home/miro/Workspace/MachineLearningProjects/ww-trainer/experiments/hey_mycroft/dataset/negatives/processed/000363.wav
0,1,0.5637,experiments/hey_mycroft/dataset/negatives/not_wake_word_subset/not_wake_word_01895.wav
0,1,0.6143,experiments/hey_mycroft/dataset/negatives/not_wake_word_subset/not_wake_word_00511.wav
0,1,0.6354,experiments/hey_mycroft/dataset/negatives/not_wake_word_subset/not_wake_word_01833.wav
0,1,0.5746,experiments/hey_mycroft/dataset/negatives/not_wake_word_subset/not_wake_word_01983.wav
0,1,0.5579,experiments/hey_mycroft/dataset/negatives/not_wake_word_subset/not_wake_word_00921.wav
0,1,0.6132,experiments/hey_mycroft/dataset/negatives/not_wake_word_subset/not_wake_word_04814.wav
0,1,0.5666,/home/miro/Workspace/MachineLearningProjects/ww-trainer/experiments/hey_mycroft/dataset/negatives/processed/001103.wav
0,1,0.5896,experiments/hey_mycroft/dataset/negatives/not_wake_word_subset/not_wake_word_06312.wav
0,1,0.6001,experiments/hey_mycroft/dataset/negatives/not_wake_word_subset/not_wake_word_09560.wav
0,1,0.5859,experiments/hey_mycroft/dataset/negatives/not_wake_word_subset/not_wake_word_07803.wav
0,1,0.6228,experiments/hey_mycroft/dataset/negatives/not_wake_word_subset/not_wake_word_06119.wav
0,1,0.5572,experiments/hey_mycroft/dataset/negatives/not_wake_word_subset/not_wake_word_00642.wav
0,1,0.5640,experiments/hey_mycroft/dataset/negatives/not_wake_word_subset/not_wake_word_04151.wav
0,1,0.6099,experiments/hey_mycroft/dataset/negatives/not_wake_word_subset/not_wake_word_07619.wav
0,1,0.6126,/home/miro/Workspace/MachineLearningProjects/ww-trainer/experiments/hey_mycroft/dataset/negatives/processed/000813.wav
0,1,0.5880,experiments/hey_mycroft/dataset/negatives/not_wake_word_subset/not_wake_word_05180.wav
0,1,0.6231,experiments/hey_mycroft/dataset/negatives/not_wake_word_subset/not_wake_word_02371.wav
0,1,0.5374,experiments/hey_mycroft/dataset/negatives/not_wake_word_subset/not_wake_word_04809.wav
0,1,0.6292,experiments/hey_mycroft/dataset/negatives/not_wake_word_subset/not_wake_word_05379.wav
0,1,0.6336,/home/miro/Workspace/MachineLearningProjects/ww-trainer/experiments/hey_mycroft/dataset/negatives/processed/000044.wav
0,1,0.6423,experiments/hey_mycroft/dataset/negatives/not_wake_word_subset/not_wake_word_05189.wav
0,1,0.6154,experiments/hey_mycroft/dataset/negatives/not_wake_word_subset/not_wake_word_04134.wav
0,1,0.6329,experiments/hey_mycroft/dataset/negatives/not_wake_word_subset/not_wake_word_07505.wav
0,1,0.5947,experiments/hey_mycroft/dataset/negatives/not_wake_word_subset/not_wake_word_02539.wav
0,1,0.5904,/home/miro/Workspace/MachineLearningProjects/ww-trainer/experiments/hey_mycroft/dataset/negatives/processed/000253.wav
0,1,0.6044,experiments/hey_mycroft/dataset/negatives/not_wake_word_subset/not_wake_word_06972.wav
0,1,0.6048,experiments/hey_mycroft/dataset/negatives/not_wake_word_subset/not_wake_word_06359.wav
0,1,0.6045,experiments/hey_mycroft/dataset/negatives/not_wake_word_subset/not_wake_word_05410.wav
0,1,0.6148,experiments/hey_mycroft/dataset/negatives/not_wake_word_subset/not_wake_word_01658.wav
0,1,0.6014,experiments/hey_mycroft/dataset/negatives/not_wake_word_subset/not_wake_word_00283.wav
0,1,0.5648,/home/miro/Workspace/MachineLearningProjects/ww-trainer/experiments/hey_mycroft/dataset/negatives/processed/000034.wav
0,1,0.5927,experiments/hey_mycroft/dataset/negatives/not_wake_word_subset/not_wake_word_07020.wav
0,1,0.6076,/home/miro/Workspace/MachineLearningProjects/ww-trainer/experiments/hey_mycroft/dataset/negatives/processed/000718.wav
0,1,0.6097,experiments/hey_mycroft/dataset/negatives/not_wake_word_subset/not_wake_word_08825.wav
0,1,0.5860,experiments/hey_mycroft/dataset/negatives/not_wake_word_subset/not_wake_word_05512.wav
0,1,0.6304,experiments/hey_mycroft/dataset/negatives/not_wake_word_subset/not_wake_word_02530.wav
0,1,0.6168,experiments/hey_mycroft/dataset/negatives/not_wake_word_subset/not_wake_word_05586.wav
0,1,0.6043,experiments/hey_mycroft/dataset/negatives/not_wake_word_subset/not_wake_word_04656.wav
0,1,0.5651,experiments/hey_mycroft/dataset/negatives/not_wake_word_subset/not_wake_word_02678.wav
0,1,0.6031,experiments/hey_mycroft/dataset/negatives/not_wake_word_subset/not_wake_word_07634.wav
0,1,0.5797,experiments/hey_mycroft/dataset/negatives/not_wake_word_subset/not_wake_word_01965.wav
0,1,0.6322,experiments/hey_mycroft/dataset/negatives/not_wake_word_subset/not_wake_word_01119.wav
0,1,0.5842,experiments/hey_mycroft/dataset/negatives/not_wake_word_subset/not_wake_word_02292.wav
0,1,0.5817,experiments/hey_mycroft/dataset/negatives/not_wake_word_subset/not_wake_word_02176.wav
0,1,0.6200,experiments/hey_mycroft/dataset/negatives/not_wake_word_subset/not_wake_word_03458.wav
0,1,0.5954,experiments/hey_mycroft/dataset/negatives/not_wake_word_subset/not_wake_word_07612.wav
0,1,0.5717,experiments/hey_mycroft/dataset/negatives/not_wake_word_subset/not_wake_word_08160.wav
0,1,0.5923,experiments/hey_mycroft/dataset/negatives/not_wake_word_subset/not_wake_word_01146.wav
0,1,0.6271,/home/miro/Workspace/MachineLearningProjects/ww-trainer/experiments/hey_mycroft/dataset/negatives/processed/000621.wav
0,1,0.5873,experiments/hey_mycroft/dataset/negatives/not_wake_word_subset/not_wake_word_02609.wav
0,1,0.6237,experiments/hey_mycroft/dataset/negatives/not_wake_word_subset/not_wake_word_01055.wav
0,1,0.6307,experiments/hey_mycroft/dataset/negatives/not_wake_word_subset/not_wake_word_01536.wav
0,1,0.5853,experiments/hey_mycroft/dataset/negatives/not_wake_word_subset/not_wake_word_07111.wav
0,1,0.5937,experiments/hey_mycroft/dataset/negatives/not_wake_word_subset/not_wake_word_09612.wav
0,1,0.6488,experiments/hey_mycroft/dataset/negatives/not_wake_word_subset/not_wake_word_03433.wav
0,1,0.6043,/home/miro/Workspace/MachineLearningProjects/ww-trainer/experiments/hey_mycroft/dataset/negatives/processed/000443.wav
0,1,0.5973,experiments/hey_mycroft/dataset/negatives/not_wake_word_subset/not_wake_word_04131.wav
0,1,0.5866,experiments/hey_mycroft/dataset/negatives/not_wake_word_subset/not_wake_word_01772.wav
0,1,0.6318,experiments/hey_mycroft/dataset/negatives/not_wake_word_subset/not_wake_word_02166.wav
0,1,0.6240,experiments/hey_mycroft/dataset/negatives/not_wake_word_subset/not_wake_word_07693.wav
0,1,0.6465,experiments/hey_mycroft/dataset/negatives/not_wake_word_subset/not_wake_word_09936.wav
0,1,0.6149,experiments/hey_mycroft/dataset/negatives/not_wake_word_subset/not_wake_word_08180.wav
0,1,0.6066,experiments/hey_mycroft/dataset/negatives/not_wake_word_subset/not_wake_word_03869.wav
0,1,0.5923,experiments/hey_mycroft/dataset/negatives/not_wake_word_subset/not_wake_word_06679.wav
0,1,0.6270,experiments/hey_mycroft/dataset/negatives/not_wake_word_subset/not_wake_word_02532.wav
0,1,0.5904,/home/miro/Workspace/MachineLearningProjects/ww-trainer/experiments/hey_mycroft/dataset/negatives/processed/000466.wav
0,1,0.6151,experiments/hey_mycroft/dataset/negatives/not_wake_word_subset/not_wake_word_06746.wav
0,1,0.6274,experiments/hey_mycroft/dataset/negatives/not_wake_word_subset/not_wake_word_00686.wav
0,1,0.5781,experiments/hey_mycroft/dataset/negatives/not_wake_word_subset/not_wake_word_01181.wav
0,1,0.6069,experiments/hey_mycroft/dataset/negatives/not_wake_word_subset/not_wake_word_01645.wav
0,1,0.5280,experiments/hey_mycroft/dataset/negatives/not_wake_word_subset/not_wake_word_02450.wav
0,1,0.5847,experiments/hey_mycroft/dataset/negatives/not_wake_word_subset/not_wake_word_07499.wav
0,1,0.5997,experiments/hey_mycroft/dataset/negatives/not_wake_word_subset/not_wake_word_04893.wav
0,1,0.6337,experiments/hey_mycroft/dataset/negatives/not_wake_word_subset/not_wake_word_04890.wav
0,1,0.6194,experiments/hey_mycroft/dataset/negatives/not_wake_word_subset/not_wake_word_04531.wav
0,1,0.5831,/home/miro/Workspace/MachineLearningProjects/ww-trainer/experiments/hey_mycroft/dataset/negatives/processed/000207.wav
0,1,0.5935,experiments/hey_mycroft/dataset/negatives/not_wake_word_subset/not_wake_word_08614.wav
0,1,0.6083,experiments/hey_mycroft/dataset/negatives/not_wake_word_subset/not_wake_word_07685.wav
0,1,0.6391,experiments/hey_mycroft/dataset/negatives/not_wake_word_subset/not_wake_word_01128.wav
0,1,0.5182,/home/miro/Workspace/MachineLearningProjects/ww-trainer/experiments/hey_mycroft/dataset/negatives/processed/001773.wav
0,1,0.5837,experiments/hey_mycroft/dataset/negatives/not_wake_word_subset/not_wake_word_07260.wav
0,1,0.6159,/home/miro/Workspace/MachineLearningProjects/ww-trainer/experiments/hey_mycroft/dataset/negatives/processed/000344.wav
0,1,0.6445,experiments/hey_mycroft/dataset/negatives/not_wake_word_subset/not_wake_word_00059.wav
0,1,0.5832,/home/miro/Workspace/MachineLearningProjects/ww-trainer/experiments/hey_mycroft/dataset/negatives/processed/000946.wav
0,1,0.5863,experiments/hey_mycroft/dataset/negatives/not_wake_word_subset/not_wake_word_03872.wav
0,1,0.6028,experiments/hey_mycroft/dataset/negatives/not_wake_word_subset/not_wake_word_09621.wav
0,1,0.5974,/home/miro/Workspace/MachineLearningProjects/ww-trainer/experiments/hey_mycroft/dataset/negatives/processed/000345.wav
0,1,0.5924,/home/miro/Workspace/MachineLearningProjects/ww-trainer/experiments/hey_mycroft/dataset/negatives/processed/000221.wav
0,1,0.5586,/home/miro/Workspace/MachineLearningProjects/ww-trainer/experiments/hey_mycroft/dataset/negatives/processed/000037.wav
0,1,0.6111,experiments/hey_mycroft/dataset/negatives/not_wake_word_subset/not_wake_word_04211.wav
0,1,0.6268,experiments/hey_mycroft/dataset/negatives/not_wake_word_subset/not_wake_word_06524.wav
0,1,0.5766,experiments/hey_mycroft/dataset/negatives/not_wake_word_subset/not_wake_word_09449.wav
0,1,0.5870,experiments/hey_mycroft/dataset/negatives/not_wake_word_subset/not_wake_word_03596.wav
0,1,0.6303,experiments/hey_mycroft/dataset/negatives/not_wake_word_subset/not_wake_word_07156.wav
0,1,0.5904,/home/miro/Workspace/MachineLearningProjects/ww-trainer/experiments/hey_mycroft/dataset/negatives/processed/000466.wav
0,1,0.6100,/home/miro/Workspace/MachineLearningProjects/ww-trainer/experiments/hey_mycroft/dataset/negatives/processed/000065.wav
0,1,0.5962,experiments/hey_mycroft/dataset/negatives/not_wake_word_subset/not_wake_word_02589.wav
0,1,0.6436,/home/miro/Workspace/MachineLearningProjects/ww-trainer/experiments/hey_mycroft/dataset/negatives/processed/000835.wav
0,1,0.6089,experiments/hey_mycroft/dataset/negatives/not_wake_word_subset/not_wake_word_09544.wav
0,1,0.5816,experiments/hey_mycroft/dataset/negatives/not_wake_word_subset/not_wake_word_00133.wav
0,1,0.6163,experiments/hey_mycroft/dataset/negatives/not_wake_word_subset/not_wake_word_03229.wav
0,1,0.6063,experiments/hey_mycroft/dataset/negatives/not_wake_word_subset/not_wake_word_05097.wav
0,1,0.6382,experiments/hey_mycroft/dataset/negatives/not_wake_word_subset/not_wake_word_08048.wav
0,1,0.6332,experiments/hey_mycroft/dataset/negatives/not_wake_word_subset/not_wake_word_03395.wav
0,1,0.5951,experiments/hey_mycroft/dataset/negatives/not_wake_word_subset/not_wake_word_06253.wav
0,1,0.5748,/home/miro/Workspace/MachineLearningProjects/ww-trainer/experiments/hey_mycroft/dataset/negatives/processed/000430.wav
0,1,0.6304,experiments/hey_mycroft/dataset/negatives/not_wake_word_subset/not_wake_word_01312.wav
0,1,0.5703,experiments/hey_mycroft/dataset/negatives/not_wake_word_subset/not_wake_word_00319.wav
0,1,0.6151,experiments/hey_mycroft/dataset/negatives/not_wake_word_subset/not_wake_word_01034.wav
0,1,0.5742,experiments/hey_mycroft/dataset/negatives/not_wake_word_subset/not_wake_word_02998.wav
0,1,0.6491,experiments/hey_mycroft/dataset/negatives/not_wake_word_subset/not_wake_word_02997.wav
0,1,0.5929,experiments/hey_mycroft/dataset/negatives/not_wake_word_subset/not_wake_word_09107.wav
0,1,0.5463,/home/miro/Workspace/MachineLearningProjects/ww-trainer/experiments/hey_mycroft/dataset/negatives/processed/000910.wav
0,1,0.5512,experiments/hey_mycroft/dataset/negatives/not_wake_word_subset/not_wake_word_08728.wav
0,1,0.6342,/home/miro/Workspace/MachineLearningProjects/ww-trainer/experiments/hey_mycroft/dataset/negatives/processed/000228.wav
0,1,0.6041,experiments/hey_mycroft/dataset/negatives/not_wake_word_subset/not_wake_word_06247.wav
0,1,0.6023,experiments/hey_mycroft/dataset/negatives/not_wake_word_subset/not_wake_word_03867.wav
0,1,0.5489,experiments/hey_mycroft/dataset/negatives/not_wake_word_subset/not_wake_word_01480.wav
0,1,0.5373,experiments/hey_mycroft/dataset/negatives/not_wake_word_subset/not_wake_word_00372.wav
0,1,0.6242,experiments/hey_mycroft/dataset/negatives/not_wake_word_subset/not_wake_word_03812.wav
0,1,0.6407,experiments/hey_mycroft/dataset/negatives/not_wake_word_subset/not_wake_word_06164.wav
0,1,0.5715,experiments/hey_mycroft/dataset/negatives/not_wake_word_subset/not_wake_word_08432.wav
0,1,0.6347,experiments/hey_mycroft/dataset/negatives/not_wake_word_subset/not_wake_word_05122.wav
0,1,0.5548,experiments/hey_mycroft/dataset/negatives/not_wake_word_subset/not_wake_word_09626.wav
0,1,0.5924,experiments/hey_mycroft/dataset/negatives/not_wake_word_subset/not_wake_word_00862.wav
0,1,0.5877,experiments/hey_mycroft/dataset/negatives/not_wake_word_subset/not_wake_word_03021.wav
0,1,0.5755,experiments/hey_mycroft/dataset/negatives/not_wake_word_subset/not_wake_word_03264.wav
0,1,0.6238,experiments/hey_mycroft/dataset/negatives/not_wake_word_subset/not_wake_word_07815.wav
0,1,0.5560,/home/miro/Workspace/MachineLearningProjects/ww-trainer/experiments/hey_mycroft/dataset/negatives/processed/001051.wav
0,1,0.5886,experiments/hey_mycroft/dataset/negatives/not_wake_word_subset/not_wake_word_07435.wav
0,1,0.6074,experiments/hey_mycroft/dataset/negatives/not_wake_word_subset/not_wake_word_02256.wav
0,1,0.5715,experiments/hey_mycroft/dataset/negatives/not_wake_word_subset/not_wake_word_06844.wav
0,1,0.6286,experiments/hey_mycroft/dataset/negatives/not_wake_word_subset/not_wake_word_08200.wav
0,1,0.6147,experiments/hey_mycroft/dataset/negatives/not_wake_word_subset/not_wake_word_08100.wav
0,1,0.5987,experiments/hey_mycroft/dataset/negatives/not_wake_word_subset/not_wake_word_03511.wav
0,1,0.5665,experiments/hey_mycroft/dataset/negatives/not_wake_word_subset/not_wake_word_09639.wav
0,1,0.6493,experiments/hey_mycroft/dataset/negatives/not_wake_word_subset/not_wake_word_02550.wav
0,1,0.5760,experiments/hey_mycroft/dataset/negatives/not_wake_word_subset/not_wake_word_02719.wav
0,1,0.6309,experiments/hey_mycroft/dataset/negatives/not_wake_word_subset/not_wake_word_05457.wav
0,1,0.6111,experiments/hey_mycroft/dataset/negatives/not_wake_word_subset/not_wake_word_00783.wav
0,1,0.5807,experiments/hey_mycroft/dataset/negatives/not_wake_word_subset/not_wake_word_07345.wav
0,1,0.6300,experiments/hey_mycroft/dataset/negatives/not_wake_word_subset/not_wake_word_05326.wav
0,1,0.6246,experiments/hey_mycroft/dataset/negatives/not_wake_word_subset/not_wake_word_09481.wav
0,1,0.6226,experiments/hey_mycroft/dataset/negatives/not_wake_word_subset/not_wake_word_09755.wav
0,1,0.6206,experiments/hey_mycroft/dataset/negatives/not_wake_word_subset/not_wake_word_00898.wav
0,1,0.6023,experiments/hey_mycroft/dataset/negatives/not_wake_word_subset/not_wake_word_05719.wav
0,1,0.5987,experiments/hey_mycroft/dataset/negatives/not_wake_word_subset/not_wake_word_02755.wav
0,1,0.6223,experiments/hey_mycroft/dataset/negatives/not_wake_word_subset/not_wake_word_05910.wav
0,1,0.5825,experiments/hey_mycroft/dataset/negatives/not_wake_word_subset/not_wake_word_03951.wav
0,1,0.6178,/home/miro/Workspace/MachineLearningProjects/ww-trainer/experiments/hey_mycroft/dataset/negatives/processed/000723.wav
0,1,0.6396,experiments/hey_mycroft/dataset/negatives/not_wake_word_subset/not_wake_word_01331.wav
0,1,0.6381,experiments/hey_mycroft/dataset/negatives/not_wake_word_subset/not_wake_word_00728.wav
0,1,0.5492,/home/miro/Workspace/MachineLearningProjects/ww-trainer/experiments/hey_mycroft/dataset/negatives/processed/000039.wav
0,1,0.6075,experiments/hey_mycroft/dataset/negatives/not_wake_word_subset/not_wake_word_04952.wav
0,1,0.6073,experiments/hey_mycroft/dataset/negatives/not_wake_word_subset/not_wake_word_01546.wav
0,1,0.6078,experiments/hey_mycroft/dataset/negatives/not_wake_word_subset/not_wake_word_04847.wav
0,1,0.5031,/home/miro/Workspace/MachineLearningProjects/ww-trainer/experiments/hey_mycroft/dataset/negatives/processed/001461.wav
0,1,0.5756,experiments/hey_mycroft/dataset/negatives/not_wake_word_subset/not_wake_word_04682.wav
0,1,0.5797,/home/miro/Workspace/MachineLearningProjects/ww-trainer/experiments/hey_mycroft/dataset/negatives/processed/000527.wav
0,1,0.5325,experiments/hey_mycroft/dataset/negatives/not_wake_word_subset/not_wake_word_09747.wav
0,1,0.5422,experiments/hey_mycroft/dataset/negatives/not_wake_word_subset/not_wake_word_00159.wav
0,1,0.6355,experiments/hey_mycroft/dataset/negatives/not_wake_word_subset/not_wake_word_04353.wav
0,1,0.6221,/home/miro/Workspace/MachineLearningProjects/ww-trainer/experiments/hey_mycroft/dataset/negatives/processed/000727.wav
0,1,0.5979,experiments/hey_mycroft/dataset/negatives/not_wake_word_subset/not_wake_word_02579.wav
0,1,0.6202,experiments/hey_mycroft/dataset/negatives/not_wake_word_subset/not_wake_word_07136.wav
0,1,0.6212,experiments/hey_mycroft/dataset/negatives/not_wake_word_subset/not_wake_word_08467.wav
0,1,0.6162,experiments/hey_mycroft/dataset/negatives/not_wake_word_subset/not_wake_word_03389.wav
0,1,0.5881,/home/miro/Workspace/MachineLearningProjects/ww-trainer/experiments/hey_mycroft/dataset/negatives/processed/000294.wav
0,1,0.5752,experiments/hey_mycroft/dataset/negatives/not_wake_word_subset/not_wake_word_01443.wav
0,1,0.6164,experiments/hey_mycroft/dataset/negatives/not_wake_word_subset/not_wake_word_06627.wav
0,1,0.5447,/home/miro/Workspace/MachineLearningProjects/ww-trainer/experiments/hey_mycroft/dataset/negatives/processed/001047.wav
0,1,0.6294,experiments/hey_mycroft/dataset/negatives/not_wake_word_subset/not_wake_word_07974.wav
0,1,0.6165,/home/miro/Workspace/MachineLearningProjects/ww-trainer/experiments/hey_mycroft/dataset/negatives/processed/000330.wav
0,1,0.5894,/home/miro/Workspace/MachineLearningProjects/ww-trainer/experiments/hey_mycroft/dataset/negatives/processed/000649.wav
0,1,0.5893,experiments/hey_mycroft/dataset/negatives/not_wake_word_subset/not_wake_word_03834.wav
0,1,0.5943,experiments/hey_mycroft/dataset/negatives/not_wake_word_subset/not_wake_word_03451.wav
0,1,0.6319,experiments/hey_mycroft/dataset/negatives/not_wake_word_subset/not_wake_word_04874.wav
0,1,0.6201,experiments/hey_mycroft/dataset/negatives/not_wake_word_subset/not_wake_word_02031.wav
0,1,0.6244,experiments/hey_mycroft/dataset/negatives/not_wake_word_subset/not_wake_word_09775.wav
0,1,0.6355,experiments/hey_mycroft/dataset/negatives/not_wake_word_subset/not_wake_word_05222.wav
0,1,0.6137,experiments/hey_mycroft/dataset/negatives/not_wake_word_subset/not_wake_word_09382.wav
0,1,0.6103,experiments/hey_mycroft/dataset/negatives/not_wake_word_subset/not_wake_word_01791.wav
0,1,0.6479,experiments/hey_mycroft/dataset/negatives/not_wake_word_subset/not_wake_word_08699.wav
0,1,0.6104,experiments/hey_mycroft/dataset/negatives/not_wake_word_subset/not_wake_word_01413.wav
0,1,0.6066,/home/miro/Workspace/MachineLearningProjects/ww-trainer/experiments/hey_mycroft/dataset/negatives/processed/000642.wav
0,1,0.5859,experiments/hey_mycroft/dataset/negatives/not_wake_word_subset/not_wake_word_07801.wav
0,1,0.6315,experiments/hey_mycroft/dataset/negatives/not_wake_word_subset/not_wake_word_08267.wav
0,1,0.6339,experiments/hey_mycroft/dataset/negatives/not_wake_word_subset/not_wake_word_03147.wav
0,1,0.5583,/home/miro/Workspace/MachineLearningProjects/ww-trainer/experiments/hey_mycroft/dataset/negatives/processed/000314.wav
0,1,0.6232,experiments/hey_mycroft/dataset/negatives/not_wake_word_subset/not_wake_word_08032.wav
0,1,0.6246,experiments/hey_mycroft/dataset/negatives/not_wake_word_subset/not_wake_word_06571.wav
0,1,0.5860,experiments/hey_mycroft/dataset/negatives/not_wake_word_subset/not_wake_word_02891.wav
0,1,0.6492,/home/miro/Workspace/MachineLearningProjects/ww-trainer/experiments/hey_mycroft/dataset/negatives/processed/000657.wav
0,1,0.6416,experiments/hey_mycroft/dataset/negatives/not_wake_word_subset/not_wake_word_01481.wav
0,1,0.6320,/home/miro/Workspace/MachineLearningProjects/ww-trainer/experiments/hey_mycroft/dataset/negatives/processed/000233.wav
0,1,0.5757,/home/miro/Workspace/MachineLearningProjects/ww-trainer/experiments/hey_mycroft/dataset/negatives/processed/000285.wav
0,1,0.5941,/home/miro/Workspace/MachineLearningProjects/ww-trainer/experiments/hey_mycroft/dataset/negatives/processed/000800.wav
0,1,0.5040,/home/miro/Workspace/MachineLearningProjects/ww-trainer/experiments/hey_mycroft/dataset/negatives/processed/000935.wav
0,1,0.6214,experiments/hey_mycroft/dataset/negatives/not_wake_word_subset/not_wake_word_02486.wav
0,1,0.6373,experiments/hey_mycroft/dataset/negatives/not_wake_word_subset/not_wake_word_03304.wav
0,1,0.6223,experiments/hey_mycroft/dataset/negatives/not_wake_word_subset/not_wake_word_03454.wav
0,1,0.5928,experiments/hey_mycroft/dataset/negatives/not_wake_word_subset/not_wake_word_00267.wav
0,1,0.6082,experiments/hey_mycroft/dataset/negatives/not_wake_word_subset/not_wake_word_03979.wav
0,1,0.6009,experiments/hey_mycroft/dataset/negatives/not_wake_word_subset/not_wake_word_09535.wav
0,1,0.6105,experiments/hey_mycroft/dataset/negatives/not_wake_word_subset/not_wake_word_02537.wav
0,1,0.5874,experiments/hey_mycroft/dataset/negatives/not_wake_word_subset/not_wake_word_09845.wav
0,1,0.5971,experiments/hey_mycroft/dataset/negatives/not_wake_word_subset/not_wake_word_06567.wav
0,1,0.6384,experiments/hey_mycroft/dataset/negatives/not_wake_word_subset/not_wake_word_08411.wav
0,1,0.5889,experiments/hey_mycroft/dataset/negatives/not_wake_word_subset/not_wake_word_07252.wav
0,1,0.5651,/home/miro/Workspace/MachineLearningProjects/ww-trainer/experiments/hey_mycroft/dataset/negatives/processed/000128.wav
0,1,0.6215,/home/miro/Workspace/MachineLearningProjects/ww-trainer/experiments/hey_mycroft/dataset/negatives/processed/000119.wav
0,1,0.5909,experiments/hey_mycroft/dataset/negatives/not_wake_word_subset/not_wake_word_05314.wav
0,1,0.6186,experiments/hey_mycroft/dataset/negatives/not_wake_word_subset/not_wake_word_09044.wav
0,1,0.6404,experiments/hey_mycroft/dataset/negatives/not_wake_word_subset/not_wake_word_08923.wav
0,1,0.5795,/home/miro/Workspace/MachineLearningProjects/ww-trainer/experiments/hey_mycroft/dataset/negatives/processed/000313.wav
0,1,0.6073,/home/miro/Workspace/MachineLearningProjects/ww-trainer/experiments/hey_mycroft/dataset/negatives/processed/000078.wav
0,1,0.6092,experiments/hey_mycroft/dataset/negatives/not_wake_word_subset/not_wake_word_07178.wav
0,1,0.5900,experiments/hey_mycroft/dataset/negatives/not_wake_word_subset/not_wake_word_05882.wav
0,1,0.6023,experiments/hey_mycroft/dataset/negatives/not_wake_word_subset/not_wake_word_09506.wav
0,1,0.6434,experiments/hey_mycroft/dataset/negatives/not_wake_word_subset/not_wake_word_06382.wav
0,1,0.5894,/home/miro/Workspace/MachineLearningProjects/ww-trainer/experiments/hey_mycroft/dataset/negatives/processed/000450.wav
0,1,0.6211,experiments/hey_mycroft/dataset/negatives/not_wake_word_subset/not_wake_word_00515.wav
0,1,0.5855,experiments/hey_mycroft/dataset/negatives/not_wake_word_subset/not_wake_word_08822.wav
0,1,0.6216,/home/miro/Workspace/MachineLearningProjects/ww-trainer/experiments/hey_mycroft/dataset/negatives/processed/000831.wav
0,1,0.6448,experiments/hey_mycroft/dataset/negatives/not_wake_word_subset/not_wake_word_08984.wav
0,1,0.6319,experiments/hey_mycroft/dataset/negatives/not_wake_word_subset/not_wake_word_06771.wav
0,1,0.6148,experiments/hey_mycroft/dataset/negatives/not_wake_word_subset/not_wake_word_09398.wav
0,1,0.5801,experiments/hey_mycroft/dataset/negatives/not_wake_word_subset/not_wake_word_02171.wav
0,1,0.5794,experiments/hey_mycroft/dataset/negatives/not_wake_word_subset/not_wake_word_03233.wav
0,1,0.6132,experiments/hey_mycroft/dataset/negatives/not_wake_word_subset/not_wake_word_04584.wav
0,1,0.6006,experiments/hey_mycroft/dataset/negatives/not_wake_word_subset/not_wake_word_07706.wav
0,1,0.6237,experiments/hey_mycroft/dataset/negatives/not_wake_word_subset/not_wake_word_06935.wav
0,1,0.6183,experiments/hey_mycroft/dataset/negatives/not_wake_word_subset/not_wake_word_07205.wav
0,1,0.6195,experiments/hey_mycroft/dataset/negatives/not_wake_word_subset/not_wake_word_06485.wav
0,1,0.6225,experiments/hey_mycroft/dataset/negatives/not_wake_word_subset/not_wake_word_00154.wav
0,1,0.5606,/home/miro/Workspace/MachineLearningProjects/ww-trainer/experiments/hey_mycroft/dataset/negatives/processed/001804.wav
0,1,0.6214,experiments/hey_mycroft/dataset/negatives/not_wake_word_subset/not_wake_word_07076.wav
0,1,0.6250,/home/miro/Workspace/MachineLearningProjects/ww-trainer/experiments/hey_mycroft/dataset/negatives/processed/000175.wav
0,1,0.6250,experiments/hey_mycroft/dataset/negatives/not_wake_word_subset/not_wake_word_07844.wav
0,1,0.5492,/home/miro/Workspace/MachineLearningProjects/ww-trainer/experiments/hey_mycroft/dataset/negatives/processed/000039.wav
0,1,0.6058,experiments/hey_mycroft/dataset/negatives/not_wake_word_subset/not_wake_word_07942.wav
0,1,0.6439,experiments/hey_mycroft/dataset/negatives/not_wake_word_subset/not_wake_word_08118.wav
0,1,0.5696,experiments/hey_mycroft/dataset/negatives/not_wake_word_subset/not_wake_word_03920.wav
0,1,0.6442,experiments/hey_mycroft/dataset/negatives/not_wake_word_subset/not_wake_word_04346.wav
0,1,0.5813,experiments/hey_mycroft/dataset/negatives/not_wake_word_subset/not_wake_word_08713.wav
0,1,0.6321,experiments/hey_mycroft/dataset/negatives/not_wake_word_subset/not_wake_word_04334.wav
0,1,0.5742,experiments/hey_mycroft/dataset/negatives/not_wake_word_subset/not_wake_word_06709.wav
0,1,0.6114,experiments/hey_mycroft/dataset/negatives/not_wake_word_subset/not_wake_word_07386.wav
0,1,0.5819,/home/miro/Workspace/MachineLearningProjects/ww-trainer/experiments/hey_mycroft/dataset/negatives/processed/000736.wav
0,1,0.6089,experiments/hey_mycroft/dataset/negatives/not_wake_word_subset/not_wake_word_02829.wav
0,1,0.6127,experiments/hey_mycroft/dataset/negatives/not_wake_word_subset/not_wake_word_00959.wav
0,1,0.6315,experiments/hey_mycroft/dataset/negatives/not_wake_word_subset/not_wake_word_06422.wav
0,1,0.6338,experiments/hey_mycroft/dataset/negatives/not_wake_word_subset/not_wake_word_05963.wav
0,1,0.6321,experiments/hey_mycroft/dataset/negatives/not_wake_word_subset/not_wake_word_02805.wav
0,1,0.6275,experiments/hey_mycroft/dataset/negatives/not_wake_word_subset/not_wake_word_03510.wav
0,1,0.6418,experiments/hey_mycroft/dataset/negatives/not_wake_word_subset/not_wake_word_02010.wav
0,1,0.5912,experiments/hey_mycroft/dataset/negatives/not_wake_word_subset/not_wake_word_05627.wav
0,1,0.5751,experiments/hey_mycroft/dataset/negatives/not_wake_word_subset/not_wake_word_07700.wav
0,1,0.5839,experiments/hey_mycroft/dataset/negatives/not_wake_word_subset/not_wake_word_07479.wav
0,1,0.5774,experiments/hey_mycroft/dataset/negatives/not_wake_word_subset/not_wake_word_06956.wav
0,1,0.6184,experiments/hey_mycroft/dataset/negatives/not_wake_word_subset/not_wake_word_08646.wav
0,1,0.6163,experiments/hey_mycroft/dataset/negatives/not_wake_word_subset/not_wake_word_05753.wav
0,1,0.6339,/home/miro/Workspace/MachineLearningProjects/ww-trainer/experiments/hey_mycroft/dataset/negatives/processed/001945.wav
0,1,0.5848,experiments/hey_mycroft/dataset/negatives/not_wake_word_subset/not_wake_word_04690.wav
0,1,0.5769,experiments/hey_mycroft/dataset/negatives/not_wake_word_subset/not_wake_word_04350.wav
0,1,0.5350,experiments/hey_mycroft/dataset/negatives/not_wake_word_subset/not_wake_word_00476.wav
0,1,0.6092,experiments/hey_mycroft/dataset/negatives/not_wake_word_subset/not_wake_word_00503.wav
0,1,0.6088,experiments/hey_mycroft/dataset/negatives/not_wake_word_subset/not_wake_word_07369.wav
0,1,0.5980,experiments/hey_mycroft/dataset/negatives/not_wake_word_subset/not_wake_word_03771.wav
0,1,0.6253,experiments/hey_mycroft/dataset/negatives/not_wake_word_subset/not_wake_word_07556.wav
0,1,0.5691,/home/miro/Workspace/MachineLearningProjects/ww-trainer/experiments/hey_mycroft/dataset/negatives/processed/000320.wav
0,1,0.5906,experiments/hey_mycroft/dataset/negatives/not_wake_word_subset/not_wake_word_03921.wav
0,1,0.5890,experiments/hey_mycroft/dataset/negatives/not_wake_word_subset/not_wake_word_05181.wav
0,1,0.6179,experiments/hey_mycroft/dataset/negatives/not_wake_word_subset/not_wake_word_03682.wav
0,1,0.5344,experiments/hey_mycroft/dataset/negatives/not_wake_word_subset/not_wake_word_08247.wav
0,1,0.5912,experiments/hey_mycroft/dataset/negatives/not_wake_word_subset/not_wake_word_06262.wav
0,1,0.5814,experiments/hey_mycroft/dataset/negatives/not_wake_word_subset/not_wake_word_07958.wav
0,1,0.6268,/home/miro/Workspace/MachineLearningProjects/ww-trainer/experiments/hey_mycroft/dataset/negatives/processed/000239.wav
0,1,0.5730,/home/miro/Workspace/MachineLearningProjects/ww-trainer/experiments/hey_mycroft/dataset/negatives/processed/000269.wav
0,1,0.5951,experiments/hey_mycroft/dataset/negatives/not_wake_word_subset/not_wake_word_02903.wav
0,1,0.6088,experiments/hey_mycroft/dataset/negatives/not_wake_word_subset/not_wake_word_06752.wav
0,1,0.5462,experiments/hey_mycroft/dataset/negatives/not_wake_word_subset/not_wake_word_02648.wav
0,1,0.6175,experiments/hey_mycroft/dataset/negatives/not_wake_word_subset/not_wake_word_01912.wav
0,1,0.5854,experiments/hey_mycroft/dataset/negatives/not_wake_word_subset/not_wake_word_02420.wav
0,1,0.5084,experiments/hey_mycroft/dataset/negatives/not_wake_word_subset/not_wake_word_05805.wav
0,1,0.6375,/home/miro/Workspace/MachineLearningProjects/ww-trainer/experiments/hey_mycroft/dataset/negatives/processed/000842.wav
0,1,0.5303,experiments/hey_mycroft/dataset/negatives/not_wake_word_subset/not_wake_word_04426.wav
0,1,0.5478,experiments/hey_mycroft/dataset/negatives/not_wake_word_subset/not_wake_word_05508.wav
0,1,0.5972,experiments/hey_mycroft/dataset/negatives/not_wake_word_subset/not_wake_word_03146.wav
0,1,0.5720,experiments/hey_mycroft/dataset/negatives/not_wake_word_subset/not_wake_word_07270.wav
0,1,0.5572,/home/miro/Workspace/MachineLearningProjects/ww-trainer/experiments/hey_mycroft/dataset/negatives/processed/000513.wav
0,1,0.6025,experiments/hey_mycroft/dataset/negatives/not_wake_word_subset/not_wake_word_09145.wav
0,1,0.5987,experiments/hey_mycroft/dataset/negatives/not_wake_word_subset/not_wake_word_04617.wav
0,1,0.6004,experiments/hey_mycroft/dataset/negatives/not_wake_word_subset/not_wake_word_04340.wav
0,1,0.6072,experiments/hey_mycroft/dataset/negatives/not_wake_word_subset/not_wake_word_02647.wav
0,1,0.6420,experiments/hey_mycroft/dataset/negatives/not_wake_word_subset/not_wake_word_01071.wav
0,1,0.5970,experiments/hey_mycroft/dataset/negatives/not_wake_word_subset/not_wake_word_06109.wav
0,1,0.5398,/home/miro/Workspace/MachineLearningProjects/ww-trainer/experiments/hey_mycroft/dataset/negatives/processed/001533.wav
0,1,0.5677,experiments/hey_mycroft/dataset/negatives/not_wake_word_subset/not_wake_word_09857.wav
0,1,0.5812,experiments/hey_mycroft/dataset/negatives/not_wake_word_subset/not_wake_word_07245.wav
0,1,0.6248,experiments/hey_mycroft/dataset/negatives/not_wake_word_subset/not_wake_word_03220.wav
0,1,0.5482,/home/miro/Workspace/MachineLearningProjects/ww-trainer/experiments/hey_mycroft/dataset/negatives/processed/001588.wav
0,1,0.6216,experiments/hey_mycroft/dataset/negatives/not_wake_word_subset/not_wake_word_04555.wav
0,1,0.5928,experiments/hey_mycroft/dataset/negatives/not_wake_word_subset/not_wake_word_06933.wav
0,1,0.5769,experiments/hey_mycroft/dataset/negatives/not_wake_word_subset/not_wake_word_02104.wav
0,1,0.5899,experiments/hey_mycroft/dataset/negatives/not_wake_word_subset/not_wake_word_05846.wav
0,1,0.6374,experiments/hey_mycroft/dataset/negatives/not_wake_word_subset/not_wake_word_01941.wav
0,1,0.6060,experiments/hey_mycroft/dataset/negatives/not_wake_word_subset/not_wake_word_05054.wav
0,1,0.6244,/home/miro/Workspace/MachineLearningProjects/ww-trainer/experiments/hey_mycroft/dataset/negatives/processed/000182.wav
0,1,0.5053,/home/miro/Workspace/MachineLearningProjects/ww-trainer/experiments/hey_mycroft/dataset/negatives/processed/001601.wav
0,1,0.5984,experiments/hey_mycroft/dataset/negatives/not_wake_word_subset/not_wake_word_03405.wav
0,1,0.6220,experiments/hey_mycroft/dataset/negatives/not_wake_word_subset/not_wake_word_00137.wav
0,1,0.6280,experiments/hey_mycroft/dataset/negatives/not_wake_word_subset/not_wake_word_00232.wav
0,1,0.6234,experiments/hey_mycroft/dataset/negatives/not_wake_word_subset/not_wake_word_00751.wav
0,1,0.6069,/home/miro/Workspace/MachineLearningProjects/ww-trainer/experiments/hey_mycroft/dataset/negatives/processed/000757.wav
0,1,0.5612,/home/miro/Workspace/MachineLearningProjects/ww-trainer/experiments/hey_mycroft/dataset/negatives/processed/000400.wav
0,1,0.6336,experiments/hey_mycroft/dataset/negatives/not_wake_word_subset/not_wake_word_02255.wav
0,1,0.5819,/home/miro/Workspace/MachineLearningProjects/ww-trainer/experiments/hey_mycroft/dataset/negatives/processed/000736.wav
0,1,0.6438,experiments/hey_mycroft/dataset/negatives/not_wake_word_subset/not_wake_word_08901.wav
0,1,0.6422,experiments/hey_mycroft/dataset/negatives/not_wake_word_subset/not_wake_word_06732.wav
0,1,0.6177,experiments/hey_mycroft/dataset/negatives/not_wake_word_subset/not_wake_word_09807.wav
0,1,0.6085,experiments/hey_mycroft/dataset/negatives/not_wake_word_subset/not_wake_word_03034.wav
0,1,0.6389,/home/miro/Workspace/MachineLearningProjects/ww-trainer/experiments/hey_mycroft/dataset/negatives/processed/000694.wav
0,1,0.6261,/home/miro/Workspace/MachineLearningProjects/ww-trainer/experiments/hey_mycroft/dataset/negatives/processed/000174.wav
0,1,0.6137,experiments/hey_mycroft/dataset/negatives/not_wake_word_subset/not_wake_word_06798.wav
0,1,0.5761,/home/miro/Workspace/MachineLearningProjects/ww-trainer/experiments/hey_mycroft/dataset/negatives/processed/000150.wav
0,1,0.6188,experiments/hey_mycroft/dataset/negatives/not_wake_word_subset/not_wake_word_08752.wav
0,1,0.5604,experiments/hey_mycroft/dataset/negatives/not_wake_word_subset/not_wake_word_07691.wav
0,1,0.5573,experiments/hey_mycroft/dataset/negatives/not_wake_word_subset/not_wake_word_03891.wav
0,1,0.5554,experiments/hey_mycroft/dataset/negatives/not_wake_word_subset/not_wake_word_06736.wav
0,1,0.6232,experiments/hey_mycroft/dataset/negatives/not_wake_word_subset/not_wake_word_04558.wav
0,1,0.6148,experiments/hey_mycroft/dataset/negatives/not_wake_word_subset/not_wake_word_04935.wav
0,1,0.5941,experiments/hey_mycroft/dataset/negatives/not_wake_word_subset/not_wake_word_03007.wav
0,1,0.6137,experiments/hey_mycroft/dataset/negatives/not_wake_word_subset/not_wake_word_06210.wav
0,1,0.6275,experiments/hey_mycroft/dataset/negatives/not_wake_word_subset/not_wake_word_05762.wav
0,1,0.6423,experiments/hey_mycroft/dataset/negatives/not_wake_word_subset/not_wake_word_07561.wav
0,1,0.6329,experiments/hey_mycroft/dataset/negatives/not_wake_word_subset/not_wake_word_00054.wav
0,1,0.5858,/home/miro/Workspace/MachineLearningProjects/ww-trainer/experiments/hey_mycroft/dataset/negatives/processed/000449.wav
0,1,0.6071,experiments/hey_mycroft/dataset/negatives/not_wake_word_subset/not_wake_word_03426.wav
0,1,0.6469,experiments/hey_mycroft/dataset/negatives/not_wake_word_subset/not_wake_word_00917.wav
0,1,0.5925,experiments/hey_mycroft/dataset/negatives/not_wake_word_subset/not_wake_word_08836.wav
0,1,0.6087,experiments/hey_mycroft/dataset/negatives/not_wake_word_subset/not_wake_word_08057.wav
0,1,0.5904,/home/miro/Workspace/MachineLearningProjects/ww-trainer/experiments/hey_mycroft/dataset/negatives/processed/000749.wav
0,1,0.6325,experiments/hey_mycroft/dataset/negatives/not_wake_word_subset/not_wake_word_01102.wav
0,1,0.6227,experiments/hey_mycroft/dataset/negatives/not_wake_word_subset/not_wake_word_05465.wav
0,1,0.6408,experiments/hey_mycroft/dataset/negatives/not_wake_word_subset/not_wake_word_04051.wav
0,1,0.6314,experiments/hey_mycroft/dataset/negatives/not_wake_word_subset/not_wake_word_04892.wav
0,1,0.5198,/home/miro/Workspace/MachineLearningProjects/ww-trainer/experiments/hey_mycroft/dataset/negatives/processed/001906.wav
0,1,0.5761,/home/miro/Workspace/MachineLearningProjects/ww-trainer/experiments/hey_mycroft/dataset/negatives/processed/000547.wav
0,1,0.5670,experiments/hey_mycroft/dataset/negatives/not_wake_word_subset/not_wake_word_05156.wav
0,1,0.5407,experiments/hey_mycroft/dataset/negatives/not_wake_word_subset/not_wake_word_03894.wav
0,1,0.5406,/home/miro/Workspace/MachineLearningProjects/ww-trainer/experiments/hey_mycroft/dataset/negatives/processed/000346.wav
0,1,0.5372,experiments/hey_mycroft/dataset/negatives/not_wake_word_subset/not_wake_word_01797.wav
0,1,0.5812,experiments/hey_mycroft/dataset/negatives/not_wake_word_subset/not_wake_word_09450.wav
0,1,0.5277,experiments/hey_mycroft/dataset/negatives/not_wake_word_subset/not_wake_word_09321.wav
0,1,0.5701,experiments/hey_mycroft/dataset/negatives/not_wake_word_subset/not_wake_word_08969.wav
0,1,0.5619,experiments/hey_mycroft/dataset/negatives/not_wake_word_subset/not_wake_word_06659.wav
0,1,0.5625,experiments/hey_mycroft/dataset/negatives/not_wake_word_subset/not_wake_word_01376.wav
0,1,0.5955,experiments/hey_mycroft/dataset/negatives/not_wake_word_subset/not_wake_word_04701.wav
0,1,0.5570,experiments/hey_mycroft/dataset/negatives/not_wake_word_subset/not_wake_word_03259.wav
0,1,0.6309,experiments/hey_mycroft/dataset/negatives/not_wake_word_subset/not_wake_word_09381.wav
0,1,0.5887,experiments/hey_mycroft/dataset/negatives/not_wake_word_subset/not_wake_word_06690.wav
0,1,0.6394,experiments/hey_mycroft/dataset/negatives/not_wake_word_subset/not_wake_word_06258.wav
0,1,0.5797,experiments/hey_mycroft/dataset/negatives/not_wake_word_subset/not_wake_word_08640.wav
0,1,0.6086,experiments/hey_mycroft/dataset/negatives/not_wake_word_subset/not_wake_word_06456.wav
0,1,0.5608,experiments/hey_mycroft/dataset/negatives/not_wake_word_subset/not_wake_word_01194.wav
0,1,0.6306,experiments/hey_mycroft/dataset/negatives/not_wake_word_subset/not_wake_word_02763.wav
0,1,0.6250,experiments/hey_mycroft/dataset/negatives/not_wake_word_subset/not_wake_word_08999.wav
0,1,0.5407,experiments/hey_mycroft/dataset/negatives/not_wake_word_subset/not_wake_word_05071.wav
0,1,0.6411,experiments/hey_mycroft/dataset/negatives/not_wake_word_subset/not_wake_word_06050.wav
0,1,0.6411,experiments/hey_mycroft/dataset/negatives/not_wake_word_subset/not_wake_word_06940.wav
0,1,0.6270,experiments/hey_mycroft/dataset/negatives/not_wake_word_subset/not_wake_word_09818.wav
0,1,0.5858,experiments/hey_mycroft/dataset/negatives/not_wake_word_subset/not_wake_word_07120.wav
0,1,0.6030,experiments/hey_mycroft/dataset/negatives/not_wake_word_subset/not_wake_word_07139.wav
0,1,0.6123,experiments/hey_mycroft/dataset/negatives/not_wake_word_subset/not_wake_word_01675.wav
0,1,0.6218,/home/miro/Workspace/MachineLearningProjects/ww-trainer/experiments/hey_mycroft/dataset/negatives/processed/000225.wav
0,1,0.6070,experiments/hey_mycroft/dataset/negatives/not_wake_word_subset/not_wake_word_08835.wav
0,1,0.6608,/home/miro/Workspace/MachineLearningProjects/ww-trainer/experiments/hey_mycroft/dataset/negatives/processed/000980.wav
0,1,0.6469,/home/miro/Workspace/MachineLearningProjects/ww-trainer/experiments/hey_mycroft/dataset/negatives/processed/000837.wav
0,1,0.5334,experiments/hey_mycroft/dataset/negatives/not_wake_word_subset/not_wake_word_08519.wav
0,1,0.6094,experiments/hey_mycroft/dataset/negatives/not_wake_word_subset/not_wake_word_07223.wav
0,1,0.5794,experiments/hey_mycroft/dataset/negatives/not_wake_word_subset/not_wake_word_09053.wav
0,1,0.6290,experiments/hey_mycroft/dataset/negatives/not_wake_word_subset/not_wake_word_05737.wav
0,1,0.6026,experiments/hey_mycroft/dataset/negatives/not_wake_word_subset/not_wake_word_00673.wav
0,1,0.5936,experiments/hey_mycroft/dataset/negatives/not_wake_word_subset/not_wake_word_04507.wav
0,1,0.5731,experiments/hey_mycroft/dataset/negatives/not_wake_word_subset/not_wake_word_02886.wav
0,1,0.6174,experiments/hey_mycroft/dataset/negatives/not_wake_word_subset/not_wake_word_09443.wav
0,1,0.5448,/home/miro/Workspace/MachineLearningProjects/ww-trainer/experiments/hey_mycroft/dataset/negatives/processed/000914.wav
0,1,0.6519,experiments/hey_mycroft/dataset/negatives/not_wake_word_subset/not_wake_word_03887.wav
0,1,0.5655,experiments/hey_mycroft/dataset/negatives/not_wake_word_subset/not_wake_word_02452.wav
0,1,0.6310,experiments/hey_mycroft/dataset/negatives/not_wake_word_subset/not_wake_word_00201.wav
0,1,0.5932,experiments/hey_mycroft/dataset/negatives/not_wake_word_subset/not_wake_word_01030.wav
0,1,0.5058,/home/miro/Workspace/MachineLearningProjects/ww-trainer/experiments/hey_mycroft/dataset/negatives/processed/001975.wav
0,1,0.5045,/home/miro/Workspace/MachineLearningProjects/ww-trainer/experiments/hey_mycroft/dataset/negatives/processed/001202.wav
0,1,0.6325,experiments/hey_mycroft/dataset/negatives/not_wake_word_subset/not_wake_word_01777.wav
0,1,0.5977,experiments/hey_mycroft/dataset/negatives/not_wake_word_subset/not_wake_word_00330.wav
0,1,0.6355,experiments/hey_mycroft/dataset/negatives/not_wake_word_subset/not_wake_word_04120.wav
0,1,0.6178,/home/miro/Workspace/MachineLearningProjects/ww-trainer/experiments/hey_mycroft/dataset/negatives/processed/000812.wav
0,1,0.5946,experiments/hey_mycroft/dataset/negatives/not_wake_word_subset/not_wake_word_07968.wav
0,1,0.6127,experiments/hey_mycroft/dataset/negatives/not_wake_word_subset/not_wake_word_03506.wav
0,1,0.6209,experiments/hey_mycroft/dataset/negatives/not_wake_word_subset/not_wake_word_02504.wav
0,1,0.5880,experiments/hey_mycroft/dataset/negatives/not_wake_word_subset/not_wake_word_07124.wav
0,1,0.5972,experiments/hey_mycroft/dataset/negatives/not_wake_word_subset/not_wake_word_09610.wav
0,1,0.5618,/home/miro/Workspace/MachineLearningProjects/ww-trainer/experiments/hey_mycroft/dataset/negatives/processed/000928.wav
0,1,0.5922,experiments/hey_mycroft/dataset/negatives/not_wake_word_subset/not_wake_word_08043.wav
0,1,0.5883,experiments/hey_mycroft/dataset/negatives/not_wake_word_subset/not_wake_word_09470.wav
0,1,0.5329,experiments/hey_mycroft/dataset/negatives/not_wake_word_subset/not_wake_word_08222.wav
0,1,0.5761,/home/miro/Workspace/MachineLearningProjects/ww-trainer/experiments/hey_mycroft/dataset/negatives/processed/000150.wav
0,1,0.5877,/home/miro/Workspace/MachineLearningProjects/ww-trainer/experiments/hey_mycroft/dataset/negatives/processed/000012.wav
0,1,0.6336,experiments/hey_mycroft/dataset/negatives/not_wake_word_subset/not_wake_word_07202.wav
0,1,0.5929,experiments/hey_mycroft/dataset/negatives/not_wake_word_subset/not_wake_word_07207.wav
0,1,0.6219,/home/miro/Workspace/MachineLearningProjects/ww-trainer/experiments/hey_mycroft/dataset/negatives/processed/000177.wav
0,1,0.6334,experiments/hey_mycroft/dataset/negatives/not_wake_word_subset/not_wake_word_05420.wav
0,1,0.5779,experiments/hey_mycroft/dataset/negatives/not_wake_word_subset/not_wake_word_07487.wav
0,1,0.6153,experiments/hey_mycroft/dataset/negatives/not_wake_word_subset/not_wake_word_04466.wav
0,1,0.5953,experiments/hey_mycroft/dataset/negatives/not_wake_word_subset/not_wake_word_05767.wav
0,1,0.6142,experiments/hey_mycroft/dataset/negatives/not_wake_word_subset/not_wake_word_01439.wav
0,1,0.6132,experiments/hey_mycroft/dataset/negatives/not_wake_word_subset/not_wake_word_05515.wav
0,1,0.6302,experiments/hey_mycroft/dataset/negatives/not_wake_word_subset/not_wake_word_04671.wav
0,1,0.5555,/home/miro/Workspace/MachineLearningProjects/ww-trainer/experiments/hey_mycroft/dataset/negatives/processed/000517.wav
0,1,0.5255,experiments/hey_mycroft/dataset/negatives/not_wake_word_subset/not_wake_word_01863.wav
0,1,0.6164,/home/miro/Workspace/MachineLearningProjects/ww-trainer/experiments/hey_mycroft/dataset/negatives/processed/000058.wav
0,1,0.5995,experiments/hey_mycroft/dataset/negatives/not_wake_word_subset/not_wake_word_09166.wav
0,1,0.5880,/home/miro/Workspace/MachineLearningProjects/ww-trainer/experiments/hey_mycroft/dataset/negatives/processed/000501.wav
0,1,0.6069,experiments/hey_mycroft/dataset/negatives/not_wake_word_subset/not_wake_word_07173.wav
0,1,0.6104,experiments/hey_mycroft/dataset/negatives/not_wake_word_subset/not_wake_word_01336.wav
0,1,0.5927,experiments/hey_mycroft/dataset/negatives/not_wake_word_subset/not_wake_word_08197.wav
0,1,0.5741,experiments/hey_mycroft/dataset/negatives/not_wake_word_subset/not_wake_word_07217.wav
0,1,0.5815,/home/miro/Workspace/MachineLearningProjects/ww-trainer/experiments/hey_mycroft/dataset/negatives/processed/000301.wav
0,1,0.5500,experiments/hey_mycroft/dataset/negatives/not_wake_word_subset/not_wake_word_05560.wav
0,1,0.5994,experiments/hey_mycroft/dataset/negatives/not_wake_word_subset/not_wake_word_07034.wav
0,1,0.5566,experiments/hey_mycroft/dataset/negatives/not_wake_word_subset/not_wake_word_08084.wav
0,1,0.5913,experiments/hey_mycroft/dataset/negatives/not_wake_word_subset/not_wake_word_02400.wav
0,1,0.5886,experiments/hey_mycroft/dataset/negatives/not_wake_word_subset/not_wake_word_06813.wav
0,1,0.5660,experiments/hey_mycroft/dataset/negatives/not_wake_word_subset/not_wake_word_00950.wav
0,1,0.5939,experiments/hey_mycroft/dataset/negatives/not_wake_word_subset/not_wake_word_07044.wav
0,1,0.6060,experiments/hey_mycroft/dataset/negatives/not_wake_word_subset/not_wake_word_04003.wav
0,1,0.5593,experiments/hey_mycroft/dataset/negatives/not_wake_word_subset/not_wake_word_04739.wav
0,1,0.6275,experiments/hey_mycroft/dataset/negatives/not_wake_word_subset/not_wake_word_07067.wav
0,1,0.6271,experiments/hey_mycroft/dataset/negatives/not_wake_word_subset/not_wake_word_04500.wav
0,1,0.6198,experiments/hey_mycroft/dataset/negatives/not_wake_word_subset/not_wake_word_07356.wav
0,1,0.6340,experiments/hey_mycroft/dataset/negatives/not_wake_word_subset/not_wake_word_06276.wav
0,1,0.6373,experiments/hey_mycroft/dataset/negatives/not_wake_word_subset/not_wake_word_00535.wav
0,1,0.5907,experiments/hey_mycroft/dataset/negatives/not_wake_word_subset/not_wake_word_04041.wav
0,1,0.6053,experiments/hey_mycroft/dataset/negatives/not_wake_word_subset/not_wake_word_05443.wav
0,1,0.6072,experiments/hey_mycroft/dataset/negatives/not_wake_word_subset/not_wake_word_05384.wav
0,1,0.5590,experiments/hey_mycroft/dataset/negatives/not_wake_word_subset/not_wake_word_02354.wav
0,1,0.5881,experiments/hey_mycroft/dataset/negatives/not_wake_word_subset/not_wake_word_06225.wav
0,1,0.6148,experiments/hey_mycroft/dataset/negatives/not_wake_word_subset/not_wake_word_05139.wav
0,1,0.6192,experiments/hey_mycroft/dataset/negatives/not_wake_word_subset/not_wake_word_06993.wav
0,1,0.6491,/home/miro/Workspace/MachineLearningProjects/ww-trainer/experiments/hey_mycroft/dataset/negatives/processed/000660.wav
0,1,0.6347,experiments/hey_mycroft/dataset/negatives/not_wake_word_subset/not_wake_word_01623.wav
0,1,0.5937,experiments/hey_mycroft/dataset/negatives/not_wake_word_subset/not_wake_word_05195.wav
0,1,0.5874,/home/miro/Workspace/MachineLearningProjects/ww-trainer/experiments/hey_mycroft/dataset/negatives/processed/000439.wav
0,1,0.5409,experiments/hey_mycroft/dataset/negatives/not_wake_word_subset/not_wake_word_05554.wav
0,1,0.5934,experiments/hey_mycroft/dataset/negatives/not_wake_word_subset/not_wake_word_09656.wav
0,1,0.5826,/home/miro/Workspace/MachineLearningProjects/ww-trainer/experiments/hey_mycroft/dataset/negatives/processed/000003.wav
0,1,0.6458,experiments/hey_mycroft/dataset/negatives/not_wake_word_subset/not_wake_word_07273.wav
0,1,0.6367,experiments/hey_mycroft/dataset/negatives/not_wake_word_subset/not_wake_word_04097.wav
0,1,0.5853,experiments/hey_mycroft/dataset/negatives/not_wake_word_subset/not_wake_word_06172.wav
0,1,0.5920,experiments/hey_mycroft/dataset/negatives/not_wake_word_subset/not_wake_word_00754.wav
0,1,0.6057,experiments/hey_mycroft/dataset/negatives/not_wake_word_subset/not_wake_word_01763.wav
0,1,0.5974,experiments/hey_mycroft/dataset/negatives/not_wake_word_subset/not_wake_word_04838.wav
0,1,0.5781,/home/miro/Workspace/MachineLearningProjects/ww-trainer/experiments/hey_mycroft/dataset/negatives/processed/000530.wav
0,1,0.6420,experiments/hey_mycroft/dataset/negatives/not_wake_word_subset/not_wake_word_08831.wav
0,1,0.5731,experiments/hey_mycroft/dataset/negatives/not_wake_word_subset/not_wake_word_05569.wav
0,1,0.6229,experiments/hey_mycroft/dataset/negatives/not_wake_word_subset/not_wake_word_07047.wav
0,1,0.5598,experiments/hey_mycroft/dataset/negatives/not_wake_word_subset/not_wake_word_02878.wav
0,1,0.5909,/home/miro/Workspace/MachineLearningProjects/ww-trainer/experiments/hey_mycroft/dataset/negatives/processed/000742.wav
0,1,0.6195,/home/miro/Workspace/MachineLearningProjects/ww-trainer/experiments/hey_mycroft/dataset/negatives/processed/000118.wav
0,1,0.5734,experiments/hey_mycroft/dataset/negatives/not_wake_word_subset/not_wake_word_07617.wav
0,1,0.5875,/home/miro/Workspace/MachineLearningProjects/ww-trainer/experiments/hey_mycroft/dataset/negatives/processed/000741.wav
0,1,0.6341,experiments/hey_mycroft/dataset/negatives/not_wake_word_subset/not_wake_word_01182.wav
0,1,0.5831,experiments/hey_mycroft/dataset/negatives/not_wake_word_subset/not_wake_word_02816.wav
0,1,0.6433,experiments/hey_mycroft/dataset/negatives/not_wake_word_subset/not_wake_word_01233.wav
0,1,0.6050,experiments/hey_mycroft/dataset/negatives/not_wake_word_subset/not_wake_word_01655.wav
0,1,0.6249,experiments/hey_mycroft/dataset/negatives/not_wake_word_subset/not_wake_word_03525.wav
0,1,0.6326,experiments/hey_mycroft/dataset/negatives/not_wake_word_subset/not_wake_word_02307.wav
0,1,0.6090,/home/miro/Workspace/MachineLearningProjects/ww-trainer/experiments/hey_mycroft/dataset/negatives/processed/000518.wav
0,1,0.5853,experiments/hey_mycroft/dataset/negatives/not_wake_word_subset/not_wake_word_07008.wav
0,1,0.6159,experiments/hey_mycroft/dataset/negatives/not_wake_word_subset/not_wake_word_02608.wav
0,1,0.5322,/home/miro/Workspace/MachineLearningProjects/ww-trainer/experiments/hey_mycroft/dataset/negatives/processed/000141.wav
0,1,0.6086,experiments/hey_mycroft/dataset/negatives/not_wake_word_subset/not_wake_word_05232.wav
0,1,0.6193,experiments/hey_mycroft/dataset/negatives/not_wake_word_subset/not_wake_word_09490.wav
0,1,0.6051,experiments/hey_mycroft/dataset/negatives/not_wake_word_subset/not_wake_word_09184.wav
0,1,0.6141,experiments/hey_mycroft/dataset/negatives/not_wake_word_subset/not_wake_word_05364.wav
0,1,0.6221,experiments/hey_mycroft/dataset/negatives/not_wake_word_subset/not_wake_word_01221.wav
0,1,0.6384,experiments/hey_mycroft/dataset/negatives/not_wake_word_subset/not_wake_word_03645.wav
0,1,0.6204,experiments/hey_mycroft/dataset/negatives/not_wake_word_subset/not_wake_word_04936.wav
0,1,0.6099,experiments/hey_mycroft/dataset/negatives/not_wake_word_subset/not_wake_word_00208.wav
0,1,0.5715,experiments/hey_mycroft/dataset/negatives/not_wake_word_subset/not_wake_word_00908.wav
0,1,0.6183,experiments/hey_mycroft/dataset/negatives/not_wake_word_subset/not_wake_word_05591.wav
0,1,0.5604,experiments/hey_mycroft/dataset/negatives/not_wake_word_subset/not_wake_word_06867.wav
0,1,0.6063,experiments/hey_mycroft/dataset/negatives/not_wake_word_subset/not_wake_word_02068.wav
0,1,0.6344,experiments/hey_mycroft/dataset/negatives/not_wake_word_subset/not_wake_word_07203.wav
0,1,0.7430,/home/miro/Workspace/MachineLearningProjects/ww-trainer/experiments/hey_mycroft/dataset/negatives/processed/001817.wav
0,1,0.6110,experiments/hey_mycroft/dataset/negatives/not_wake_word_subset/not_wake_word_06670.wav
0,1,0.6157,experiments/hey_mycroft/dataset/negatives/not_wake_word_subset/not_wake_word_04372.wav
0,1,0.5829,experiments/hey_mycroft/dataset/negatives/not_wake_word_subset/not_wake_word_08215.wav
0,1,0.5700,experiments/hey_mycroft/dataset/negatives/not_wake_word_subset/not_wake_word_01078.wav
0,1,0.6065,experiments/hey_mycroft/dataset/negatives/not_wake_word_subset/not_wake_word_05547.wav
0,1,0.6345,experiments/hey_mycroft/dataset/negatives/not_wake_word_subset/not_wake_word_09892.wav
0,1,0.6403,experiments/hey_mycroft/dataset/negatives/not_wake_word_subset/not_wake_word_05520.wav
0,1,0.6306,experiments/hey_mycroft/dataset/negatives/not_wake_word_subset/not_wake_word_04505.wav
0,1,0.6115,experiments/hey_mycroft/dataset/negatives/not_wake_word_subset/not_wake_word_02974.wav
0,1,0.5416,/home/miro/Workspace/MachineLearningProjects/ww-trainer/experiments/hey_mycroft/dataset/negatives/processed/001966.wav
0,1,0.5161,experiments/hey_mycroft/dataset/negatives/not_wake_word_subset/not_wake_word_02852.wav
0,1,0.5831,/home/miro/Workspace/MachineLearningProjects/ww-trainer/experiments/hey_mycroft/dataset/negatives/processed/000319.wav
0,1,0.5592,experiments/hey_mycroft/dataset/negatives/not_wake_word_subset/not_wake_word_00097.wav
0,1,0.5888,experiments/hey_mycroft/dataset/negatives/not_wake_word_subset/not_wake_word_05068.wav
0,1,0.6556,experiments/hey_mycroft/dataset/negatives/not_wake_word_subset/not_wake_word_06496.wav
0,1,0.5707,/home/miro/Workspace/MachineLearningProjects/ww-trainer/experiments/hey_mycroft/dataset/negatives/processed/000458.wav
0,1,0.6086,experiments/hey_mycroft/dataset/negatives/not_wake_word_subset/not_wake_word_08743.wav
0,1,0.5892,experiments/hey_mycroft/dataset/negatives/not_wake_word_subset/not_wake_word_06303.wav
0,1,0.6443,experiments/hey_mycroft/dataset/negatives/not_wake_word_subset/not_wake_word_06044.wav
0,1,0.5977,experiments/hey_mycroft/dataset/negatives/not_wake_word_subset/not_wake_word_02610.wav
0,1,0.6005,experiments/hey_mycroft/dataset/negatives/not_wake_word_subset/not_wake_word_06243.wav
0,1,0.5662,/home/miro/Workspace/MachineLearningProjects/ww-trainer/experiments/hey_mycroft/dataset/negatives/processed/000303.wav
0,1,0.6389,experiments/hey_mycroft/dataset/negatives/not_wake_word_subset/not_wake_word_06499.wav
0,1,0.6137,experiments/hey_mycroft/dataset/negatives/not_wake_word_subset/not_wake_word_01966.wav
0,1,0.6292,experiments/hey_mycroft/dataset/negatives/not_wake_word_subset/not_wake_word_05322.wav
0,1,0.5391,/home/miro/Workspace/MachineLearningProjects/ww-trainer/experiments/hey_mycroft/dataset/negatives/processed/000944.wav
0,1,0.6456,experiments/hey_mycroft/dataset/negatives/not_wake_word_subset/not_wake_word_08972.wav
0,1,0.6007,experiments/hey_mycroft/dataset/negatives/not_wake_word_subset/not_wake_word_09062.wav
0,1,0.6077,/home/miro/Workspace/MachineLearningProjects/ww-trainer/experiments/hey_mycroft/dataset/negatives/processed/000064.wav
0,1,0.5016,/home/miro/Workspace/MachineLearningProjects/ww-trainer/experiments/hey_mycroft/dataset/negatives/processed/000408.wav
0,1,0.5678,experiments/hey_mycroft/dataset/negatives/not_wake_word_subset/not_wake_word_07741.wav
0,1,0.6098,/home/miro/Workspace/MachineLearningProjects/ww-trainer/experiments/hey_mycroft/dataset/negatives/processed/000213.wav
0,1,0.5826,experiments/hey_mycroft/dataset/negatives/not_wake_word_subset/not_wake_word_03296.wav
0,1,0.6154,experiments/hey_mycroft/dataset/negatives/not_wake_word_subset/not_wake_word_04781.wav
0,1,0.6264,experiments/hey_mycroft/dataset/negatives/not_wake_word_subset/not_wake_word_04521.wav
0,1,0.5814,experiments/hey_mycroft/dataset/negatives/not_wake_word_subset/not_wake_word_00091.wav
0,1,0.6209,experiments/hey_mycroft/dataset/negatives/not_wake_word_subset/not_wake_word_09360.wav
0,1,0.5809,experiments/hey_mycroft/dataset/negatives/not_wake_word_subset/not_wake_word_04093.wav
0,1,0.5609,experiments/hey_mycroft/dataset/negatives/not_wake_word_subset/not_wake_word_09865.wav
0,1,0.5812,experiments/hey_mycroft/dataset/negatives/not_wake_word_subset/not_wake_word_01236.wav
0,1,0.5330,/home/miro/Workspace/MachineLearningProjects/ww-trainer/experiments/hey_mycroft/dataset/negatives/processed/001520.wav
0,1,0.6294,experiments/hey_mycroft/dataset/negatives/not_wake_word_subset/not_wake_word_01869.wav
0,1,0.6210,experiments/hey_mycroft/dataset/negatives/not_wake_word_subset/not_wake_word_05199.wav
0,1,0.6214,experiments/hey_mycroft/dataset/negatives/not_wake_word_subset/not_wake_word_09675.wav
0,1,0.6305,experiments/hey_mycroft/dataset/negatives/not_wake_word_subset/not_wake_word_04732.wav
0,1,0.5981,experiments/hey_mycroft/dataset/negatives/not_wake_word_subset/not_wake_word_05287.wav
0,1,0.5927,experiments/hey_mycroft/dataset/negatives/not_wake_word_subset/not_wake_word_05942.wav
0,1,0.5984,experiments/hey_mycroft/dataset/negatives/not_wake_word_subset/not_wake_word_00727.wav
0,1,0.5893,experiments/hey_mycroft/dataset/negatives/not_wake_word_subset/not_wake_word_09273.wav
0,1,0.5963,experiments/hey_mycroft/dataset/negatives/not_wake_word_subset/not_wake_word_04265.wav
0,1,0.6209,experiments/hey_mycroft/dataset/negatives/not_wake_word_subset/not_wake_word_01167.wav
0,1,0.5205,/home/miro/Workspace/MachineLearningProjects/ww-trainer/experiments/hey_mycroft/dataset/negatives/processed/000911.wav
0,1,0.6340,experiments/hey_mycroft/dataset/negatives/not_wake_word_subset/not_wake_word_00531.wav
0,1,0.6447,experiments/hey_mycroft/dataset/negatives/not_wake_word_subset/not_wake_word_02592.wav
0,1,0.6357,experiments/hey_mycroft/dataset/negatives/not_wake_word_subset/not_wake_word_04844.wav
0,1,0.6144,experiments/hey_mycroft/dataset/negatives/not_wake_word_subset/not_wake_word_01531.wav
0,1,0.6069,experiments/hey_mycroft/dataset/negatives/not_wake_word_subset/not_wake_word_09587.wav
0,1,0.5670,experiments/hey_mycroft/dataset/negatives/not_wake_word_subset/not_wake_word_01100.wav
0,1,0.6024,experiments/hey_mycroft/dataset/negatives/not_wake_word_subset/not_wake_word_00746.wav
0,1,0.6059,experiments/hey_mycroft/dataset/negatives/not_wake_word_subset/not_wake_word_02527.wav
0,1,0.6172,experiments/hey_mycroft/dataset/negatives/not_wake_word_subset/not_wake_word_04497.wav
0,1,0.6269,experiments/hey_mycroft/dataset/negatives/not_wake_word_subset/not_wake_word_08956.wav
0,1,0.6092,experiments/hey_mycroft/dataset/negatives/not_wake_word_subset/not_wake_word_03110.wav
0,1,0.5711,experiments/hey_mycroft/dataset/negatives/not_wake_word_subset/not_wake_word_06731.wav
0,1,0.5432,experiments/hey_mycroft/dataset/negatives/not_wake_word_subset/not_wake_word_05356.wav
0,1,0.5321,/home/miro/Workspace/MachineLearningProjects/ww-trainer/experiments/hey_mycroft/dataset/negatives/processed/000493.wav
0,1,0.5044,experiments/hey_mycroft/dataset/negatives/not_wake_word_subset/not_wake_word_09528.wav
0,1,0.5504,experiments/hey_mycroft/dataset/negatives/not_wake_word_subset/not_wake_word_03528.wav
0,1,0.5884,experiments/hey_mycroft/dataset/negatives/not_wake_word_subset/not_wake_word_05764.wav
0,1,0.5439,experiments/hey_mycroft/dataset/negatives/not_wake_word_subset/not_wake_word_05214.wav
0,1,0.5271,experiments/hey_mycroft/dataset/negatives/not_wake_word_subset/not_wake_word_09288.wav
0,1,0.5903,/home/miro/Workspace/MachineLearningProjects/ww-trainer/experiments/hey_mycroft/dataset/negatives/processed/000829.wav
0,1,0.5597,experiments/hey_mycroft/dataset/negatives/not_wake_word_subset/not_wake_word_01375.wav
0,1,0.5771,experiments/hey_mycroft/dataset/negatives/not_wake_word_subset/not_wake_word_05148.wav
0,1,0.5447,experiments/hey_mycroft/dataset/negatives/not_wake_word_subset/not_wake_word_05024.wav
0,1,0.5187,experiments/hey_mycroft/dataset/negatives/not_wake_word_subset/not_wake_word_05728.wav
0,1,0.5017,experiments/hey_mycroft/dataset/negatives/not_wake_word_subset/not_wake_word_07405.wav
0,1,0.5852,experiments/hey_mycroft/dataset/negatives/not_wake_word_subset/not_wake_word_08308.wav
0,1,0.6426,/home/miro/Workspace/MachineLearningProjects/ww-trainer/experiments/hey_mycroft/dataset/negatives/processed/000697.wav
0,1,0.5648,/home/miro/Workspace/MachineLearningProjects/ww-trainer/experiments/hey_mycroft/dataset/negatives/processed/000034.wav
0,1,0.6272,experiments/hey_mycroft/dataset/negatives/not_wake_word_subset/not_wake_word_08698.wav
0,1,0.6371,experiments/hey_mycroft/dataset/negatives/not_wake_word_subset/not_wake_word_09202.wav
0,1,0.6270,/home/miro/Workspace/MachineLearningProjects/ww-trainer/experiments/hey_mycroft/dataset/negatives/processed/000765.wav
0,1,0.6357,experiments/hey_mycroft/dataset/negatives/not_wake_word_subset/not_wake_word_01628.wav
0,1,0.6286,experiments/hey_mycroft/dataset/negatives/not_wake_word_subset/not_wake_word_02241.wav
0,1,0.6267,experiments/hey_mycroft/dataset/negatives/not_wake_word_subset/not_wake_word_01631.wav
0,1,0.6385,/home/miro/Workspace/MachineLearningProjects/ww-trainer/experiments/hey_mycroft/dataset/negatives/processed/000701.wav
0,1,0.6146,experiments/hey_mycroft/dataset/negatives/not_wake_word_subset/not_wake_word_00129.wav
0,1,0.6176,experiments/hey_mycroft/dataset/negatives/not_wake_word_subset/not_wake_word_07214.wav
0,1,0.5907,experiments/hey_mycroft/dataset/negatives/not_wake_word_subset/not_wake_word_01189.wav
0,1,0.6326,experiments/hey_mycroft/dataset/negatives/not_wake_word_subset/not_wake_word_07451.wav
0,1,0.5955,experiments/hey_mycroft/dataset/negatives/not_wake_word_subset/not_wake_word_04907.wav
0,1,0.5877,experiments/hey_mycroft/dataset/negatives/not_wake_word_subset/not_wake_word_09584.wav
0,1,0.6114,/home/miro/Workspace/MachineLearningProjects/ww-trainer/experiments/hey_mycroft/dataset/negatives/processed/000048.wav
0,1,0.6190,experiments/hey_mycroft/dataset/negatives/not_wake_word_subset/not_wake_word_02201.wav
0,1,0.5017,/home/miro/Workspace/MachineLearningProjects/ww-trainer/experiments/hey_mycroft/dataset/negatives/processed/001212.wav
0,1,0.6354,experiments/hey_mycroft/dataset/negatives/not_wake_word_subset/not_wake_word_09243.wav
0,1,0.5897,/home/miro/Workspace/MachineLearningProjects/ww-trainer/experiments/hey_mycroft/dataset/negatives/processed/000252.wav
0,1,0.5810,/home/miro/Workspace/MachineLearningProjects/ww-trainer/experiments/hey_mycroft/dataset/negatives/processed/000436.wav
0,1,0.5865,experiments/hey_mycroft/dataset/negatives/not_wake_word_subset/not_wake_word_08801.wav
0,1,0.6130,experiments/hey_mycroft/dataset/negatives/not_wake_word_subset/not_wake_word_01246.wav
0,1,0.6304,experiments/hey_mycroft/dataset/negatives/not_wake_word_subset/not_wake_word_00087.wav
0,1,0.6256,experiments/hey_mycroft/dataset/negatives/not_wake_word_subset/not_wake_word_08314.wav
0,1,0.5912,experiments/hey_mycroft/dataset/negatives/not_wake_word_subset/not_wake_word_09498.wav
0,1,0.5321,/home/miro/Workspace/MachineLearningProjects/ww-trainer/experiments/hey_mycroft/dataset/negatives/processed/000945.wav
0,1,0.5502,experiments/hey_mycroft/dataset/negatives/not_wake_word_subset/not_wake_word_03270.wav
0,1,0.5890,experiments/hey_mycroft/dataset/negatives/not_wake_word_subset/not_wake_word_02160.wav
0,1,0.5699,/home/miro/Workspace/MachineLearningProjects/ww-trainer/experiments/hey_mycroft/dataset/negatives/processed/000128.wav
0,1,0.5807,experiments/hey_mycroft/dataset/negatives/not_wake_word_subset/not_wake_word_08313.wav
0,1,0.5135,experiments/hey_mycroft/dataset/negatives/not_wake_word_subset/not_wake_word_07238.wav
0,1,0.5833,experiments/hey_mycroft/dataset/negatives/not_wake_word_subset/not_wake_word_04194.wav
0,1,0.5664,experiments/hey_mycroft/dataset/negatives/not_wake_word_subset/not_wake_word_00421.wav
0,1,0.6337,experiments/hey_mycroft/dataset/negatives/not_wake_word_subset/not_wake_word_08962.wav
0,1,0.5769,experiments/hey_mycroft/dataset/negatives/not_wake_word_subset/not_wake_word_02040.wav
0,1,0.5685,experiments/hey_mycroft/dataset/negatives/not_wake_word_subset/not_wake_word_06548.wav
0,1,0.6230,experiments/hey_mycroft/dataset/negatives/not_wake_word_subset/not_wake_word_03503.wav
0,1,0.6470,experiments/hey_mycroft/dataset/negatives/not_wake_word_subset/not_wake_word_08680.wav
0,1,0.6192,experiments/hey_mycroft/dataset/negatives/not_wake_word_subset/not_wake_word_05909.wav
0,1,0.6220,experiments/hey_mycroft/dataset/negatives/not_wake_word_subset/not_wake_word_01748.wav
0,1,0.5685,experiments/hey_mycroft/dataset/negatives/not_wake_word_subset/not_wake_word_03695.wav
0,1,0.6082,experiments/hey_mycroft/dataset/negatives/not_wake_word_subset/not_wake_word_05130.wav
0,1,0.5560,experiments/hey_mycroft/dataset/negatives/not_wake_word_subset/not_wake_word_07080.wav
0,1,0.6103,experiments/hey_mycroft/dataset/negatives/not_wake_word_subset/not_wake_word_05931.wav
0,1,0.5822,experiments/hey_mycroft/dataset/negatives/not_wake_word_subset/not_wake_word_02115.wav
0,1,0.6480,experiments/hey_mycroft/dataset/negatives/not_wake_word_subset/not_wake_word_07485.wav
0,1,0.5984,experiments/hey_mycroft/dataset/negatives/not_wake_word_subset/not_wake_word_01680.wav
0,1,0.6058,experiments/hey_mycroft/dataset/negatives/not_wake_word_subset/not_wake_word_05781.wav
0,1,0.5970,experiments/hey_mycroft/dataset/negatives/not_wake_word_subset/not_wake_word_00660.wav
0,1,0.5800,experiments/hey_mycroft/dataset/negatives/not_wake_word_subset/not_wake_word_01389.wav
0,1,0.6324,experiments/hey_mycroft/dataset/negatives/not_wake_word_subset/not_wake_word_00879.wav
0,1,0.6471,experiments/hey_mycroft/dataset/negatives/not_wake_word_subset/not_wake_word_01981.wav
0,1,0.5987,experiments/hey_mycroft/dataset/negatives/not_wake_word_subset/not_wake_word_02254.wav
0,1,0.5262,experiments/hey_mycroft/dataset/negatives/not_wake_word_subset/not_wake_word_01403.wav
0,1,0.5160,experiments/hey_mycroft/dataset/negatives/not_wake_word_subset/not_wake_word_04280.wav
0,1,0.5304,experiments/hey_mycroft/dataset/negatives/not_wake_word_subset/not_wake_word_07566.wav
0,1,0.5413,/home/miro/Workspace/MachineLearningProjects/ww-trainer/experiments/hey_mycroft/dataset/negatives/processed/000536.wav
0,1,0.5281,experiments/hey_mycroft/dataset/negatives/not_wake_word_subset/not_wake_word_02562.wav
0,1,0.6204,experiments/hey_mycroft/dataset/negatives/not_wake_word_subset/not_wake_word_00342.wav
0,1,0.6369,experiments/hey_mycroft/dataset/negatives/not_wake_word_subset/not_wake_word_02656.wav
0,1,0.6080,/home/miro/Workspace/MachineLearningProjects/ww-trainer/experiments/hey_mycroft/dataset/negatives/processed/000823.wav
0,1,0.5339,experiments/hey_mycroft/dataset/negatives/not_wake_word_subset/not_wake_word_02348.wav
0,1,0.5912,experiments/hey_mycroft/dataset/negatives/not_wake_word_subset/not_wake_word_01497.wav
0,1,0.5454,experiments/hey_mycroft/dataset/negatives/not_wake_word_subset/not_wake_word_01344.wav
0,1,0.6024,experiments/hey_mycroft/dataset/negatives/not_wake_word_subset/not_wake_word_09671.wav
0,1,0.6018,experiments/hey_mycroft/dataset/negatives/not_wake_word_subset/not_wake_word_02957.wav
0,1,0.6286,experiments/hey_mycroft/dataset/negatives/not_wake_word_subset/not_wake_word_07843.wav
0,1,0.5822,experiments/hey_mycroft/dataset/negatives/not_wake_word_subset/not_wake_word_08376.wav
0,1,0.6288,experiments/hey_mycroft/dataset/negatives/not_wake_word_subset/not_wake_word_06268.wav
0,1,0.6101,experiments/hey_mycroft/dataset/negatives/not_wake_word_subset/not_wake_word_05928.wav
0,1,0.6265,experiments/hey_mycroft/dataset/negatives/not_wake_word_subset/not_wake_word_08446.wav
0,1,0.5660,experiments/hey_mycroft/dataset/negatives/not_wake_word_subset/not_wake_word_01004.wav
0,1,0.6142,experiments/hey_mycroft/dataset/negatives/not_wake_word_subset/not_wake_word_05863.wav
0,1,0.5245,/home/miro/Workspace/MachineLearningProjects/ww-trainer/experiments/hey_mycroft/dataset/negatives/processed/001022.wav
0,1,0.5764,experiments/hey_mycroft/dataset/negatives/not_wake_word_subset/not_wake_word_00399.wav
0,1,0.6216,experiments/hey_mycroft/dataset/negatives/not_wake_word_subset/not_wake_word_02074.wav
0,1,0.5879,experiments/hey_mycroft/dataset/negatives/not_wake_word_subset/not_wake_word_04107.wav
0,1,0.6087,experiments/hey_mycroft/dataset/negatives/not_wake_word_subset/not_wake_word_00189.wav
0,1,0.6292,experiments/hey_mycroft/dataset/negatives/not_wake_word_subset/not_wake_word_02951.wav
0,1,0.6193,experiments/hey_mycroft/dataset/negatives/not_wake_word_subset/not_wake_word_07963.wav
0,1,0.5150,experiments/hey_mycroft/dataset/negatives/not_wake_word_subset/not_wake_word_07492.wav
0,1,0.5399,/home/miro/Workspace/MachineLearningProjects/ww-trainer/experiments/hey_mycroft/dataset/negatives/processed/000276.wav
0,1,0.5718,experiments/hey_mycroft/dataset/negatives/not_wake_word_subset/not_wake_word_03045.wav
0,1,0.5861,experiments/hey_mycroft/dataset/negatives/not_wake_word_subset/not_wake_word_07229.wav
0,1,0.5786,experiments/hey_mycroft/dataset/negatives/not_wake_word_subset/not_wake_word_03698.wav
0,1,0.5871,experiments/hey_mycroft/dataset/negatives/not_wake_word_subset/not_wake_word_03132.wav
0,1,0.6348,experiments/hey_mycroft/dataset/negatives/not_wake_word_subset/not_wake_word_00858.wav
0,1,0.5507,experiments/hey_mycroft/dataset/negatives/not_wake_word_subset/not_wake_word_08838.wav
0,1,0.6312,/home/miro/Workspace/MachineLearningProjects/ww-trainer/experiments/hey_mycroft/dataset/negatives/processed/000201.wav
0,1,0.5788,/home/miro/Workspace/MachineLearningProjects/ww-trainer/experiments/hey_mycroft/dataset/negatives/processed/000802.wav
0,1,0.6182,/home/miro/Workspace/MachineLearningProjects/ww-trainer/experiments/hey_mycroft/dataset/negatives/processed/000830.wav
0,1,0.6055,experiments/hey_mycroft/dataset/negatives/not_wake_word_subset/not_wake_word_09352.wav
0,1,0.6256,experiments/hey_mycroft/dataset/negatives/not_wake_word_subset/not_wake_word_03069.wav
0,1,0.5850,experiments/hey_mycroft/dataset/negatives/not_wake_word_subset/not_wake_word_05969.wav
0,1,0.6000,/home/miro/Workspace/MachineLearningProjects/ww-trainer/experiments/hey_mycroft/dataset/negatives/processed/000069.wav
0,1,0.6403,/home/miro/Workspace/MachineLearningProjects/ww-trainer/experiments/hey_mycroft/dataset/negatives/processed/000839.wav
0,1,0.5877,/home/miro/Workspace/MachineLearningProjects/ww-trainer/experiments/hey_mycroft/dataset/negatives/processed/000087.wav
0,1,0.6291,/home/miro/Workspace/MachineLearningProjects/ww-trainer/experiments/hey_mycroft/dataset/negatives/processed/000627.wav
0,1,0.6295,experiments/hey_mycroft/dataset/negatives/not_wake_word_subset/not_wake_word_09376.wav
0,1,0.5913,experiments/hey_mycroft/dataset/negatives/not_wake_word_subset/not_wake_word_07895.wav
0,1,0.6088,experiments/hey_mycroft/dataset/negatives/not_wake_word_subset/not_wake_word_04416.wav
0,1,0.6032,experiments/hey_mycroft/dataset/negatives/not_wake_word_subset/not_wake_word_02622.wav
0,1,0.6209,/home/miro/Workspace/MachineLearningProjects/ww-trainer/experiments/hey_mycroft/dataset/negatives/processed/000108.wav
0,1,0.5743,experiments/hey_mycroft/dataset/negatives/not_wake_word_subset/not_wake_word_07759.wav
0,1,0.6144,experiments/hey_mycroft/dataset/negatives/not_wake_word_subset/not_wake_word_07725.wav
0,1,0.5898,experiments/hey_mycroft/dataset/negatives/not_wake_word_subset/not_wake_word_06071.wav
0,1,0.6354,experiments/hey_mycroft/dataset/negatives/not_wake_word_subset/not_wake_word_04742.wav
0,1,0.5419,experiments/hey_mycroft/dataset/negatives/not_wake_word_subset/not_wake_word_01685.wav
0,1,0.6204,experiments/hey_mycroft/dataset/negatives/not_wake_word_subset/not_wake_word_03930.wav
0,1,0.5542,experiments/hey_mycroft/dataset/negatives/not_wake_word_subset/not_wake_word_08328.wav
0,1,0.6235,experiments/hey_mycroft/dataset/negatives/not_wake_word_subset/not_wake_word_09531.wav
0,1,0.6173,experiments/hey_mycroft/dataset/negatives/not_wake_word_subset/not_wake_word_07923.wav
0,1,0.5973,experiments/hey_mycroft/dataset/negatives/not_wake_word_subset/not_wake_word_02353.wav
0,1,0.5333,experiments/hey_mycroft/dataset/negatives/not_wake_word_subset/not_wake_word_01390.wav
0,1,0.5479,experiments/hey_mycroft/dataset/negatives/not_wake_word_subset/not_wake_word_06525.wav
0,1,0.5375,experiments/hey_mycroft/dataset/negatives/not_wake_word_subset/not_wake_word_03112.wav
0,1,0.5651,/home/miro/Workspace/MachineLearningProjects/ww-trainer/experiments/hey_mycroft/dataset/negatives/processed/000054.wav
0,1,0.5171,experiments/hey_mycroft/dataset/negatives/not_wake_word_subset/not_wake_word_06985.wav
0,1,0.5991,experiments/hey_mycroft/dataset/negatives/not_wake_word_subset/not_wake_word_08562.wav
0,1,0.6181,/home/miro/Workspace/MachineLearningProjects/ww-trainer/experiments/hey_mycroft/dataset/negatives/processed/000194.wav
0,1,0.5381,experiments/hey_mycroft/dataset/negatives/not_wake_word_subset/not_wake_word_04633.wav
0,1,0.6205,experiments/hey_mycroft/dataset/negatives/not_wake_word_subset/not_wake_word_09188.wav
0,1,0.5981,experiments/hey_mycroft/dataset/negatives/not_wake_word_subset/not_wake_word_00340.wav
0,1,0.5804,experiments/hey_mycroft/dataset/negatives/not_wake_word_subset/not_wake_word_03442.wav
0,1,0.5980,experiments/hey_mycroft/dataset/negatives/not_wake_word_subset/not_wake_word_00600.wav
0,1,0.6101,experiments/hey_mycroft/dataset/negatives/not_wake_word_subset/not_wake_word_09286.wav
0,1,0.5439,/home/miro/Workspace/MachineLearningProjects/ww-trainer/experiments/hey_mycroft/dataset/negatives/processed/001291.wav
0,1,0.5137,/home/miro/Workspace/MachineLearningProjects/ww-trainer/experiments/hey_mycroft/dataset/negatives/processed/000988.wav
0,1,0.6262,experiments/hey_mycroft/dataset/negatives/not_wake_word_subset/not_wake_word_01107.wav
0,1,0.5452,experiments/hey_mycroft/dataset/negatives/not_wake_word_subset/not_wake_word_02497.wav
0,1,0.5996,experiments/hey_mycroft/dataset/negatives/not_wake_word_subset/not_wake_word_03516.wav
0,1,0.5862,experiments/hey_mycroft/dataset/negatives/not_wake_word_subset/not_wake_word_09222.wav
0,1,0.5909,/home/miro/Workspace/MachineLearningProjects/ww-trainer/experiments/hey_mycroft/dataset/negatives/processed/000742.wav
0,1,0.5664,experiments/hey_mycroft/dataset/negatives/not_wake_word_subset/not_wake_word_02069.wav
0,1,0.5301,experiments/hey_mycroft/dataset/negatives/not_wake_word_subset/not_wake_word_00244.wav
0,1,0.6412,/home/miro/Workspace/MachineLearningProjects/ww-trainer/experiments/hey_mycroft/dataset/negatives/processed/001145.wav
0,1,0.5135,experiments/hey_mycroft/dataset/negatives/not_wake_word_subset/not_wake_word_03534.wav
0,1,0.5966,experiments/hey_mycroft/dataset/negatives/not_wake_word_subset/not_wake_word_05923.wav
0,1,0.5688,experiments/hey_mycroft/dataset/negatives/not_wake_word_subset/not_wake_word_09599.wav
0,1,0.5995,experiments/hey_mycroft/dataset/negatives/not_wake_word_subset/not_wake_word_00711.wav
0,1,0.5730,experiments/hey_mycroft/dataset/negatives/not_wake_word_subset/not_wake_word_04352.wav
0,1,0.5938,experiments/hey_mycroft/dataset/negatives/not_wake_word_subset/not_wake_word_04729.wav
0,1,0.5666,experiments/hey_mycroft/dataset/negatives/not_wake_word_subset/not_wake_word_01490.wav
0,1,0.6213,experiments/hey_mycroft/dataset/negatives/not_wake_word_subset/not_wake_word_09489.wav
0,1,0.6082,experiments/hey_mycroft/dataset/negatives/not_wake_word_subset/not_wake_word_06227.wav
0,1,0.6228,experiments/hey_mycroft/dataset/negatives/not_wake_word_subset/not_wake_word_04034.wav
0,1,0.6536,experiments/hey_mycroft/dataset/negatives/not_wake_word_subset/not_wake_word_09875.wav
0,1,0.6271,experiments/hey_mycroft/dataset/negatives/not_wake_word_subset/not_wake_word_08281.wav
0,1,0.6050,experiments/hey_mycroft/dataset/negatives/not_wake_word_subset/not_wake_word_04263.wav
0,1,0.5993,experiments/hey_mycroft/dataset/negatives/not_wake_word_subset/not_wake_word_08690.wav
0,1,0.5878,/home/miro/Workspace/MachineLearningProjects/ww-trainer/experiments/hey_mycroft/dataset/negatives/processed/000099.wav
0,1,0.5540,/home/miro/Workspace/MachineLearningProjects/ww-trainer/experiments/hey_mycroft/dataset/negatives/processed/000321.wav
0,1,0.6522,experiments/hey_mycroft/dataset/negatives/not_wake_word_subset/not_wake_word_08792.wav
0,1,0.5805,/home/miro/Workspace/MachineLearningProjects/ww-trainer/experiments/hey_mycroft/dataset/negatives/processed/000151.wav
0,1,0.5975,experiments/hey_mycroft/dataset/negatives/not_wake_word_subset/not_wake_word_01404.wav
0,1,0.6223,/home/miro/Workspace/MachineLearningProjects/ww-trainer/experiments/hey_mycroft/dataset/negatives/processed/000611.wav
0,1,0.6100,experiments/hey_mycroft/dataset/negatives/not_wake_word_subset/not_wake_word_04156.wav
0,1,0.5709,experiments/hey_mycroft/dataset/negatives/not_wake_word_subset/not_wake_word_07623.wav
0,1,0.6053,experiments/hey_mycroft/dataset/negatives/not_wake_word_subset/not_wake_word_02725.wav
0,1,0.6023,experiments/hey_mycroft/dataset/negatives/not_wake_word_subset/not_wake_word_01036.wav
0,1,0.6371,experiments/hey_mycroft/dataset/negatives/not_wake_word_subset/not_wake_word_09247.wav
0,1,0.6098,experiments/hey_mycroft/dataset/negatives/not_wake_word_subset/not_wake_word_04295.wav
0,1,0.5551,experiments/hey_mycroft/dataset/negatives/not_wake_word_subset/not_wake_word_01592.wav
0,1,0.6203,experiments/hey_mycroft/dataset/negatives/not_wake_word_subset/not_wake_word_00894.wav
0,1,0.5037,/home/miro/Workspace/MachineLearningProjects/ww-trainer/experiments/hey_mycroft/dataset/negatives/processed/001211.wav
0,1,0.6078,experiments/hey_mycroft/dataset/negatives/not_wake_word_subset/not_wake_word_03589.wav
0,1,0.6131,experiments/hey_mycroft/dataset/negatives/not_wake_word_subset/not_wake_word_06992.wav
0,1,0.6169,experiments/hey_mycroft/dataset/negatives/not_wake_word_subset/not_wake_word_07373.wav
0,1,0.6089,experiments/hey_mycroft/dataset/negatives/not_wake_word_subset/not_wake_word_00424.wav
0,1,0.6354,experiments/hey_mycroft/dataset/negatives/not_wake_word_subset/not_wake_word_05237.wav
0,1,0.6200,/home/miro/Workspace/MachineLearningProjects/ww-trainer/experiments/hey_mycroft/dataset/negatives/processed/000046.wav
0,1,0.6400,experiments/hey_mycroft/dataset/negatives/not_wake_word_subset/not_wake_word_05503.wav
0,1,0.6239,experiments/hey_mycroft/dataset/negatives/not_wake_word_subset/not_wake_word_08033.wav
0,1,0.5671,experiments/hey_mycroft/dataset/negatives/not_wake_word_subset/not_wake_word_08321.wav
0,1,0.6441,experiments/hey_mycroft/dataset/negatives/not_wake_word_subset/not_wake_word_09385.wav
0,1,0.5849,/home/miro/Workspace/MachineLearningProjects/ww-trainer/experiments/hey_mycroft/dataset/negatives/processed/000300.wav
0,1,0.6181,experiments/hey_mycroft/dataset/negatives/not_wake_word_subset/not_wake_word_02627.wav
0,1,0.6218,experiments/hey_mycroft/dataset/negatives/not_wake_word_subset/not_wake_word_01881.wav
0,1,0.6185,experiments/hey_mycroft/dataset/negatives/not_wake_word_subset/not_wake_word_08364.wav
0,1,0.6239,experiments/hey_mycroft/dataset/negatives/not_wake_word_subset/not_wake_word_02493.wav
0,1,0.5534,experiments/hey_mycroft/dataset/negatives/not_wake_word_subset/not_wake_word_01634.wav
0,1,0.6334,experiments/hey_mycroft/dataset/negatives/not_wake_word_subset/not_wake_word_08424.wav
0,1,0.6086,experiments/hey_mycroft/dataset/negatives/not_wake_word_subset/not_wake_word_05701.wav
0,1,0.6317,experiments/hey_mycroft/dataset/negatives/not_wake_word_subset/not_wake_word_01648.wav
0,1,0.6175,experiments/hey_mycroft/dataset/negatives/not_wake_word_subset/not_wake_word_03690.wav
0,1,0.6080,experiments/hey_mycroft/dataset/negatives/not_wake_word_subset/not_wake_word_05108.wav
0,1,0.6200,experiments/hey_mycroft/dataset/negatives/not_wake_word_subset/not_wake_word_01170.wav
0,1,0.5919,experiments/hey_mycroft/dataset/negatives/not_wake_word_subset/not_wake_word_03630.wav
0,1,0.5905,experiments/hey_mycroft/dataset/negatives/not_wake_word_subset/not_wake_word_03863.wav
0,1,0.6205,experiments/hey_mycroft/dataset/negatives/not_wake_word_subset/not_wake_word_01802.wav
0,1,0.5727,experiments/hey_mycroft/dataset/negatives/not_wake_word_subset/not_wake_word_06127.wav
0,1,0.6246,experiments/hey_mycroft/dataset/negatives/not_wake_word_subset/not_wake_word_04011.wav
0,1,0.5996,experiments/hey_mycroft/dataset/negatives/not_wake_word_subset/not_wake_word_02145.wav
0,1,0.6041,experiments/hey_mycroft/dataset/negatives/not_wake_word_subset/not_wake_word_02472.wav
0,1,0.6577,experiments/hey_mycroft/dataset/negatives/not_wake_word_subset/not_wake_word_09125.wav
0,1,0.5973,experiments/hey_mycroft/dataset/negatives/not_wake_word_subset/not_wake_word_01525.wav
0,1,0.6069,experiments/hey_mycroft/dataset/negatives/not_wake_word_subset/not_wake_word_02237.wav
0,1,0.6368,experiments/hey_mycroft/dataset/negatives/not_wake_word_subset/not_wake_word_03217.wav
0,1,0.6467,experiments/hey_mycroft/dataset/negatives/not_wake_word_subset/not_wake_word_03847.wav
0,1,0.6147,experiments/hey_mycroft/dataset/negatives/not_wake_word_subset/not_wake_word_06233.wav
0,1,0.6332,experiments/hey_mycroft/dataset/negatives/not_wake_word_subset/not_wake_word_00716.wav
0,1,0.6046,experiments/hey_mycroft/dataset/negatives/not_wake_word_subset/not_wake_word_01205.wav
0,1,0.6014,experiments/hey_mycroft/dataset/negatives/not_wake_word_subset/not_wake_word_07680.wav
0,1,0.5721,experiments/hey_mycroft/dataset/negatives/not_wake_word_subset/not_wake_word_07610.wav
0,1,0.5601,experiments/hey_mycroft/dataset/negatives/not_wake_word_subset/not_wake_word_06966.wav
0,1,0.6317,experiments/hey_mycroft/dataset/negatives/not_wake_word_subset/not_wake_word_02601.wav
0,1,0.6040,experiments/hey_mycroft/dataset/negatives/not_wake_word_subset/not_wake_word_08239.wav
0,1,0.5976,experiments/hey_mycroft/dataset/negatives/not_wake_word_subset/not_wake_word_02113.wav
0,1,0.5565,experiments/hey_mycroft/dataset/negatives/not_wake_word_subset/not_wake_word_02585.wav
0,1,0.6267,experiments/hey_mycroft/dataset/negatives/not_wake_word_subset/not_wake_word_01299.wav
0,1,0.6447,experiments/hey_mycroft/dataset/negatives/not_wake_word_subset/not_wake_word_00420.wav
0,1,0.6192,experiments/hey_mycroft/dataset/negatives/not_wake_word_subset/not_wake_word_01883.wav
0,1,0.5769,/home/miro/Workspace/MachineLearningProjects/ww-trainer/experiments/hey_mycroft/dataset/negatives/processed/001273.wav
0,1,0.5882,experiments/hey_mycroft/dataset/negatives/not_wake_word_subset/not_wake_word_00745.wav
0,1,0.6143,experiments/hey_mycroft/dataset/negatives/not_wake_word_subset/not_wake_word_04423.wav
0,1,0.5663,/home/miro/Workspace/MachineLearningProjects/ww-trainer/experiments/hey_mycroft/dataset/negatives/processed/000324.wav
0,1,0.5621,experiments/hey_mycroft/dataset/negatives/not_wake_word_subset/not_wake_word_04001.wav
0,1,0.6261,experiments/hey_mycroft/dataset/negatives/not_wake_word_subset/not_wake_word_02148.wav
0,1,0.6133,experiments/hey_mycroft/dataset/negatives/not_wake_word_subset/not_wake_word_07362.wav
0,1,0.6245,experiments/hey_mycroft/dataset/negatives/not_wake_word_subset/not_wake_word_03120.wav
0,1,0.6368,experiments/hey_mycroft/dataset/negatives/not_wake_word_subset/not_wake_word_05851.wav
0,1,0.5775,experiments/hey_mycroft/dataset/negatives/not_wake_word_subset/not_wake_word_00824.wav
0,1,0.6197,experiments/hey_mycroft/dataset/negatives/not_wake_word_subset/not_wake_word_07254.wav
0,1,0.5796,experiments/hey_mycroft/dataset/negatives/not_wake_word_subset/not_wake_word_07954.wav
0,1,0.5978,experiments/hey_mycroft/dataset/negatives/not_wake_word_subset/not_wake_word_04177.wav
0,1,0.5893,/home/miro/Workspace/MachineLearningProjects/ww-trainer/experiments/hey_mycroft/dataset/negatives/processed/000297.wav
0,1,0.5869,experiments/hey_mycroft/dataset/negatives/not_wake_word_subset/not_wake_word_07057.wav
0,1,0.6185,experiments/hey_mycroft/dataset/negatives/not_wake_word_subset/not_wake_word_01235.wav
0,1,0.5864,experiments/hey_mycroft/dataset/negatives/not_wake_word_subset/not_wake_word_02859.wav
0,1,0.6082,experiments/hey_mycroft/dataset/negatives/not_wake_word_subset/not_wake_word_06257.wav
0,1,0.6047,experiments/hey_mycroft/dataset/negatives/not_wake_word_subset/not_wake_word_04336.wav
0,1,0.6365,experiments/hey_mycroft/dataset/negatives/not_wake_word_subset/not_wake_word_09718.wav
0,1,0.6381,experiments/hey_mycroft/dataset/negatives/not_wake_word_subset/not_wake_word_06241.wav
0,1,0.6232,/home/miro/Workspace/MachineLearningProjects/ww-trainer/experiments/hey_mycroft/dataset/negatives/processed/000339.wav
0,1,0.5894,experiments/hey_mycroft/dataset/negatives/not_wake_word_subset/not_wake_word_07669.wav
0,1,0.5853,experiments/hey_mycroft/dataset/negatives/not_wake_word_subset/not_wake_word_04746.wav
0,1,0.6155,experiments/hey_mycroft/dataset/negatives/not_wake_word_subset/not_wake_word_02869.wav
0,1,0.5998,experiments/hey_mycroft/dataset/negatives/not_wake_word_subset/not_wake_word_06799.wav
0,1,0.5969,experiments/hey_mycroft/dataset/negatives/not_wake_word_subset/not_wake_word_04106.wav
0,1,0.5727,experiments/hey_mycroft/dataset/negatives/not_wake_word_subset/not_wake_word_00628.wav
0,1,0.5930,experiments/hey_mycroft/dataset/negatives/not_wake_word_subset/not_wake_word_07613.wav
0,1,0.6090,/home/miro/Workspace/MachineLearningProjects/ww-trainer/experiments/hey_mycroft/dataset/negatives/processed/000557.wav
0,1,0.5893,experiments/hey_mycroft/dataset/negatives/not_wake_word_subset/not_wake_word_06891.wav
0,1,0.6160,/home/miro/Workspace/MachineLearningProjects/ww-trainer/experiments/hey_mycroft/dataset/negatives/processed/000055.wav
0,1,0.6314,experiments/hey_mycroft/dataset/negatives/not_wake_word_subset/not_wake_word_01141.wav
0,1,0.5347,/home/miro/Workspace/MachineLearningProjects/ww-trainer/experiments/hey_mycroft/dataset/negatives/processed/000135.wav
0,1,0.5766,experiments/hey_mycroft/dataset/negatives/not_wake_word_subset/not_wake_word_08702.wav
0,1,0.5958,/home/miro/Workspace/MachineLearningProjects/ww-trainer/experiments/hey_mycroft/dataset/negatives/processed/000684.wav
0,1,0.6237,/home/miro/Workspace/MachineLearningProjects/ww-trainer/experiments/hey_mycroft/dataset/negatives/processed/000232.wav
0,1,0.5911,/home/miro/Workspace/MachineLearningProjects/ww-trainer/experiments/hey_mycroft/dataset/negatives/processed/000361.wav
0,1,0.6422,experiments/hey_mycroft/dataset/negatives/not_wake_word_subset/not_wake_word_07079.wav
0,1,0.5947,experiments/hey_mycroft/dataset/negatives/not_wake_word_subset/not_wake_word_01502.wav
0,1,0.6282,experiments/hey_mycroft/dataset/negatives/not_wake_word_subset/not_wake_word_08929.wav
0,1,0.5960,experiments/hey_mycroft/dataset/negatives/not_wake_word_subset/not_wake_word_07407.wav
0,1,0.5927,experiments/hey_mycroft/dataset/negatives/not_wake_word_subset/not_wake_word_08028.wav
0,1,0.5924,experiments/hey_mycroft/dataset/negatives/not_wake_word_subset/not_wake_word_03734.wav
0,1,0.5432,experiments/hey_mycroft/dataset/negatives/not_wake_word_subset/not_wake_word_08786.wav
0,1,0.5898,/home/miro/Workspace/MachineLearningProjects/ww-trainer/experiments/hey_mycroft/dataset/negatives/processed/000427.wav
0,1,0.5559,experiments/hey_mycroft/dataset/negatives/not_wake_word_subset/not_wake_word_03681.wav
0,1,0.5526,/home/miro/Workspace/MachineLearningProjects/ww-trainer/experiments/hey_mycroft/dataset/negatives/processed/000942.wav
0,1,0.5420,/home/miro/Workspace/MachineLearningProjects/ww-trainer/experiments/hey_mycroft/dataset/negatives/processed/001083.wav
0,1,0.5848,experiments/hey_mycroft/dataset/negatives/not_wake_word_subset/not_wake_word_01875.wav
0,1,0.6455,experiments/hey_mycroft/dataset/negatives/not_wake_word_subset/not_wake_word_00321.wav
0,1,0.6084,experiments/hey_mycroft/dataset/negatives/not_wake_word_subset/not_wake_word_04862.wav
0,1,0.6117,experiments/hey_mycroft/dataset/negatives/not_wake_word_subset/not_wake_word_07936.wav
0,1,0.5762,experiments/hey_mycroft/dataset/negatives/not_wake_word_subset/not_wake_word_08409.wav
0,1,0.5481,experiments/hey_mycroft/dataset/negatives/not_wake_word_subset/not_wake_word_02882.wav
0,1,0.5517,experiments/hey_mycroft/dataset/negatives/not_wake_word_subset/not_wake_word_09990.wav
0,1,0.6093,experiments/hey_mycroft/dataset/negatives/not_wake_word_subset/not_wake_word_03567.wav
0,1,0.5756,experiments/hey_mycroft/dataset/negatives/not_wake_word_subset/not_wake_word_04361.wav
0,1,0.5645,experiments/hey_mycroft/dataset/negatives/not_wake_word_subset/not_wake_word_05689.wav
0,1,0.5296,experiments/hey_mycroft/dataset/negatives/not_wake_word_subset/not_wake_word_01787.wav
0,1,0.5458,experiments/hey_mycroft/dataset/negatives/not_wake_word_subset/not_wake_word_03227.wav
0,1,0.5821,experiments/hey_mycroft/dataset/negatives/not_wake_word_subset/not_wake_word_01214.wav
0,1,0.6118,experiments/hey_mycroft/dataset/negatives/not_wake_word_subset/not_wake_word_06348.wav
0,1,0.6203,/home/miro/Workspace/MachineLearningProjects/ww-trainer/experiments/hey_mycroft/dataset/negatives/processed/000227.wav
0,1,0.6262,experiments/hey_mycroft/dataset/negatives/not_wake_word_subset/not_wake_word_07160.wav
0,1,0.6030,experiments/hey_mycroft/dataset/negatives/not_wake_word_subset/not_wake_word_00360.wav
0,1,0.6047,experiments/hey_mycroft/dataset/negatives/not_wake_word_subset/not_wake_word_04957.wav
0,1,0.6381,/home/miro/Workspace/MachineLearningProjects/ww-trainer/experiments/hey_mycroft/dataset/negatives/processed/000694.wav
0,1,0.5945,experiments/hey_mycroft/dataset/negatives/not_wake_word_subset/not_wake_word_04343.wav
0,1,0.5953,experiments/hey_mycroft/dataset/negatives/not_wake_word_subset/not_wake_word_02505.wav
0,1,0.6151,experiments/hey_mycroft/dataset/negatives/not_wake_word_subset/not_wake_word_08505.wav
0,1,0.5863,/home/miro/Workspace/MachineLearningProjects/ww-trainer/experiments/hey_mycroft/dataset/negatives/processed/000571.wav
0,1,0.5032,experiments/hey_mycroft/dataset/negatives/not_wake_word_subset/not_wake_word_00270.wav
0,1,0.6160,experiments/hey_mycroft/dataset/negatives/not_wake_word_subset/not_wake_word_00521.wav
0,1,0.6235,experiments/hey_mycroft/dataset/negatives/not_wake_word_subset/not_wake_word_05414.wav
0,1,0.5845,experiments/hey_mycroft/dataset/negatives/not_wake_word_subset/not_wake_word_09958.wav
0,1,0.5735,experiments/hey_mycroft/dataset/negatives/not_wake_word_subset/not_wake_word_08593.wav
0,1,0.5985,experiments/hey_mycroft/dataset/negatives/not_wake_word_subset/not_wake_word_01042.wav
0,1,0.6228,experiments/hey_mycroft/dataset/negatives/not_wake_word_subset/not_wake_word_09300.wav
0,1,0.5937,experiments/hey_mycroft/dataset/negatives/not_wake_word_subset/not_wake_word_05402.wav
0,1,0.5686,experiments/hey_mycroft/dataset/negatives/not_wake_word_subset/not_wake_word_04804.wav
0,1,0.6154,/home/miro/Workspace/MachineLearningProjects/ww-trainer/experiments/hey_mycroft/dataset/negatives/processed/000107.wav
0,1,0.5004,experiments/hey_mycroft/dataset/negatives/not_wake_word_subset/not_wake_word_08319.wav
0,1,0.6353,experiments/hey_mycroft/dataset/negatives/not_wake_word_subset/not_wake_word_06573.wav
0,1,0.5741,/home/miro/Workspace/MachineLearningProjects/ww-trainer/experiments/hey_mycroft/dataset/negatives/processed/000952.wav
0,1,0.6420,experiments/hey_mycroft/dataset/negatives/not_wake_word_subset/not_wake_word_02507.wav
0,1,0.6152,experiments/hey_mycroft/dataset/negatives/not_wake_word_subset/not_wake_word_03822.wav
0,1,0.5933,experiments/hey_mycroft/dataset/negatives/not_wake_word_subset/not_wake_word_08864.wav
0,1,0.5987,experiments/hey_mycroft/dataset/negatives/not_wake_word_subset/not_wake_word_04543.wav
0,1,0.5987,experiments/hey_mycroft/dataset/negatives/not_wake_word_subset/not_wake_word_05121.wav
0,1,0.6029,experiments/hey_mycroft/dataset/negatives/not_wake_word_subset/not_wake_word_02291.wav
0,1,0.5314,experiments/hey_mycroft/dataset/negatives/not_wake_word_subset/not_wake_word_07312.wav
0,1,0.5785,experiments/hey_mycroft/dataset/negatives/not_wake_word_subset/not_wake_word_02341.wav
0,1,0.5909,experiments/hey_mycroft/dataset/negatives/not_wake_word_subset/not_wake_word_01828.wav
0,1,0.6461,experiments/hey_mycroft/dataset/negatives/not_wake_word_subset/not_wake_word_05633.wav
0,1,0.6283,experiments/hey_mycroft/dataset/negatives/not_wake_word_subset/not_wake_word_03594.wav
0,1,0.6238,experiments/hey_mycroft/dataset/negatives/not_wake_word_subset/not_wake_word_09720.wav
0,1,0.6240,experiments/hey_mycroft/dataset/negatives/not_wake_word_subset/not_wake_word_06066.wav
0,1,0.5594,/home/miro/Workspace/MachineLearningProjects/ww-trainer/experiments/hey_mycroft/dataset/negatives/processed/000162.wav
0,1,0.6053,experiments/hey_mycroft/dataset/negatives/not_wake_word_subset/not_wake_word_09262.wav
0,1,0.5967,experiments/hey_mycroft/dataset/negatives/not_wake_word_subset/not_wake_word_06623.wav
0,1,0.5593,experiments/hey_mycroft/dataset/negatives/not_wake_word_subset/not_wake_word_08280.wav
0,1,0.5951,experiments/hey_mycroft/dataset/negatives/not_wake_word_subset/not_wake_word_05568.wav
0,1,0.6246,experiments/hey_mycroft/dataset/negatives/not_wake_word_subset/not_wake_word_04055.wav
0,1,0.5495,/home/miro/Workspace/MachineLearningProjects/ww-trainer/experiments/hey_mycroft/dataset/negatives/processed/001367.wav
0,1,0.6172,/home/miro/Workspace/MachineLearningProjects/ww-trainer/experiments/hey_mycroft/dataset/negatives/processed/000068.wav
0,1,0.5370,/home/miro/Workspace/MachineLearningProjects/ww-trainer/experiments/hey_mycroft/dataset/negatives/processed/000142.wav
0,1,0.6017,experiments/hey_mycroft/dataset/negatives/not_wake_word_subset/not_wake_word_04733.wav
0,1,0.5658,/home/miro/Workspace/MachineLearningProjects/ww-trainer/experiments/hey_mycroft/dataset/negatives/processed/000283.wav
0,1,0.5897,experiments/hey_mycroft/dataset/negatives/not_wake_word_subset/not_wake_word_02698.wav
0,1,0.6152,/home/miro/Workspace/MachineLearningProjects/ww-trainer/experiments/hey_mycroft/dataset/negatives/processed/000758.wav
0,1,0.6127,/home/miro/Workspace/MachineLearningProjects/ww-trainer/experiments/hey_mycroft/dataset/negatives/processed/000561.wav
0,1,0.6019,experiments/hey_mycroft/dataset/negatives/not_wake_word_subset/not_wake_word_01211.wav
0,1,0.5706,experiments/hey_mycroft/dataset/negatives/not_wake_word_subset/not_wake_word_04115.wav
0,1,0.6389,experiments/hey_mycroft/dataset/negatives/not_wake_word_subset/not_wake_word_09403.wav
0,1,0.5318,/home/miro/Workspace/MachineLearningProjects/ww-trainer/experiments/hey_mycroft/dataset/negatives/processed/001007.wav
0,1,0.5843,experiments/hey_mycroft/dataset/negatives/not_wake_word_subset/not_wake_word_09370.wav
0,1,0.6296,experiments/hey_mycroft/dataset/negatives/not_wake_word_subset/not_wake_word_08729.wav
0,1,0.6370,experiments/hey_mycroft/dataset/negatives/not_wake_word_subset/not_wake_word_04247.wav
0,1,0.6163,experiments/hey_mycroft/dataset/negatives/not_wake_word_subset/not_wake_word_09088.wav
0,1,0.5879,/home/miro/Workspace/MachineLearningProjects/ww-trainer/experiments/hey_mycroft/dataset/negatives/processed/000096.wav
0,1,0.5769,experiments/hey_mycroft/dataset/negatives/not_wake_word_subset/not_wake_word_05151.wav
0,1,0.6228,/home/miro/Workspace/MachineLearningProjects/ww-trainer/experiments/hey_mycroft/dataset/negatives/processed/000102.wav
0,1,0.6059,experiments/hey_mycroft/dataset/negatives/not_wake_word_subset/not_wake_word_03658.wav
0,1,0.6009,experiments/hey_mycroft/dataset/negatives/not_wake_word_subset/not_wake_word_01977.wav
0,1,0.6147,experiments/hey_mycroft/dataset/negatives/not_wake_word_subset/not_wake_word_00425.wav
0,1,0.6096,experiments/hey_mycroft/dataset/negatives/not_wake_word_subset/not_wake_word_03825.wav
0,1,0.6224,experiments/hey_mycroft/dataset/negatives/not_wake_word_subset/not_wake_word_07355.wav
0,1,0.5718,experiments/hey_mycroft/dataset/negatives/not_wake_word_subset/not_wake_word_07399.wav
0,1,0.6532,experiments/hey_mycroft/dataset/negatives/not_wake_word_subset/not_wake_word_09955.wav
0,1,0.6061,experiments/hey_mycroft/dataset/negatives/not_wake_word_subset/not_wake_word_05278.wav
0,1,0.5098,/home/miro/Workspace/MachineLearningProjects/ww-trainer/experiments/hey_mycroft/dataset/negatives/processed/000899.wav
0,1,0.6322,experiments/hey_mycroft/dataset/negatives/not_wake_word_subset/not_wake_word_05932.wav
0,1,0.6292,/home/miro/Workspace/MachineLearningProjects/ww-trainer/experiments/hey_mycroft/dataset/negatives/processed/000377.wav
0,1,0.5936,experiments/hey_mycroft/dataset/negatives/not_wake_word_subset/not_wake_word_05510.wav
0,1,0.6395,experiments/hey_mycroft/dataset/negatives/not_wake_word_subset/not_wake_word_09083.wav
0,1,0.5501,experiments/hey_mycroft/dataset/negatives/not_wake_word_subset/not_wake_word_08818.wav
0,1,0.6365,/home/miro/Workspace/MachineLearningProjects/ww-trainer/experiments/hey_mycroft/dataset/negatives/processed/000184.wav
0,1,0.6111,experiments/hey_mycroft/dataset/negatives/not_wake_word_subset/not_wake_word_03186.wav
0,1,0.6275,/home/miro/Workspace/MachineLearningProjects/ww-trainer/experiments/hey_mycroft/dataset/negatives/processed/000365.wav
0,1,0.6121,/home/miro/Workspace/MachineLearningProjects/ww-trainer/experiments/hey_mycroft/dataset/negatives/processed/000054.wav
0,1,0.5935,experiments/hey_mycroft/dataset/negatives/not_wake_word_subset/not_wake_word_00965.wav
0,1,0.5966,experiments/hey_mycroft/dataset/negatives/not_wake_word_subset/not_wake_word_07988.wav
0,1,0.5434,experiments/hey_mycroft/dataset/negatives/not_wake_word_subset/not_wake_word_02103.wav
0,1,0.6157,experiments/hey_mycroft/dataset/negatives/not_wake_word_subset/not_wake_word_06595.wav
0,1,0.5540,/home/miro/Workspace/MachineLearningProjects/ww-trainer/experiments/hey_mycroft/dataset/negatives/processed/000469.wav
0,1,0.6035,experiments/hey_mycroft/dataset/negatives/not_wake_word_subset/not_wake_word_00687.wav
0,1,0.6012,experiments/hey_mycroft/dataset/negatives/not_wake_word_subset/not_wake_word_06819.wav
0,1,0.6131,experiments/hey_mycroft/dataset/negatives/not_wake_word_subset/not_wake_word_07148.wav
0,1,0.6020,experiments/hey_mycroft/dataset/negatives/not_wake_word_subset/not_wake_word_08977.wav
0,1,0.5282,experiments/hey_mycroft/dataset/negatives/not_wake_word_subset/not_wake_word_05765.wav
0,1,0.5760,experiments/hey_mycroft/dataset/negatives/not_wake_word_subset/not_wake_word_07754.wav
0,1,0.5310,experiments/hey_mycroft/dataset/negatives/not_wake_word_subset/not_wake_word_08939.wav
0,1,0.5796,experiments/hey_mycroft/dataset/negatives/not_wake_word_subset/not_wake_word_08566.wav
0,1,0.5347,experiments/hey_mycroft/dataset/negatives/not_wake_word_subset/not_wake_word_07200.wav
0,1,0.5362,experiments/hey_mycroft/dataset/negatives/not_wake_word_subset/not_wake_word_05051.wav
0,1,0.5388,/home/miro/Workspace/MachineLearningProjects/ww-trainer/experiments/hey_mycroft/dataset/negatives/processed/000465.wav
0,1,0.6137,experiments/hey_mycroft/dataset/negatives/not_wake_word_subset/not_wake_word_00229.wav
0,1,0.6099,experiments/hey_mycroft/dataset/negatives/not_wake_word_subset/not_wake_word_05993.wav
0,1,0.5536,experiments/hey_mycroft/dataset/negatives/not_wake_word_subset/not_wake_word_06072.wav
0,1,0.5571,experiments/hey_mycroft/dataset/negatives/not_wake_word_subset/not_wake_word_04674.wav
0,1,0.5991,experiments/hey_mycroft/dataset/negatives/not_wake_word_subset/not_wake_word_08945.wav
0,1,0.5638,experiments/hey_mycroft/dataset/negatives/not_wake_word_subset/not_wake_word_03697.wav
0,1,0.5979,experiments/hey_mycroft/dataset/negatives/not_wake_word_subset/not_wake_word_09087.wav
0,1,0.6283,experiments/hey_mycroft/dataset/negatives/not_wake_word_subset/not_wake_word_05975.wav
0,1,0.6360,experiments/hey_mycroft/dataset/negatives/not_wake_word_subset/not_wake_word_07940.wav
0,1,0.6139,experiments/hey_mycroft/dataset/negatives/not_wake_word_subset/not_wake_word_02978.wav
0,1,0.5966,experiments/hey_mycroft/dataset/negatives/not_wake_word_subset/not_wake_word_08230.wav
0,1,0.6315,experiments/hey_mycroft/dataset/negatives/not_wake_word_subset/not_wake_word_03907.wav
0,1,0.6253,experiments/hey_mycroft/dataset/negatives/not_wake_word_subset/not_wake_word_07712.wav
0,1,0.6120,experiments/hey_mycroft/dataset/negatives/not_wake_word_subset/not_wake_word_01397.wav
0,1,0.6331,experiments/hey_mycroft/dataset/negatives/not_wake_word_subset/not_wake_word_05404.wav
0,1,0.6316,experiments/hey_mycroft/dataset/negatives/not_wake_word_subset/not_wake_word_03900.wav
0,1,0.5640,experiments/hey_mycroft/dataset/negatives/not_wake_word_subset/not_wake_word_02696.wav
0,1,0.6172,/home/miro/Workspace/MachineLearningProjects/ww-trainer/experiments/hey_mycroft/dataset/negatives/processed/000068.wav
0,1,0.5943,experiments/hey_mycroft/dataset/negatives/not_wake_word_subset/not_wake_word_05061.wav
0,1,0.6397,experiments/hey_mycroft/dataset/negatives/not_wake_word_subset/not_wake_word_05754.wav
0,1,0.5812,experiments/hey_mycroft/dataset/negatives/not_wake_word_subset/not_wake_word_04931.wav
0,1,0.6389,/home/miro/Workspace/MachineLearningProjects/ww-trainer/experiments/hey_mycroft/dataset/negatives/processed/001553.wav
0,1,0.6222,experiments/hey_mycroft/dataset/negatives/not_wake_word_subset/not_wake_word_04326.wav
0,1,0.6382,experiments/hey_mycroft/dataset/negatives/not_wake_word_subset/not_wake_word_03413.wav
0,1,0.5945,experiments/hey_mycroft/dataset/negatives/not_wake_word_subset/not_wake_word_09557.wav
0,1,0.5595,experiments/hey_mycroft/dataset/negatives/not_wake_word_subset/not_wake_word_02726.wav
0,1,0.5598,experiments/hey_mycroft/dataset/negatives/not_wake_word_subset/not_wake_word_05373.wav
0,1,0.6229,experiments/hey_mycroft/dataset/negatives/not_wake_word_subset/not_wake_word_01925.wav
0,1,0.5955,experiments/hey_mycroft/dataset/negatives/not_wake_word_subset/not_wake_word_00993.wav
0,1,0.6347,experiments/hey_mycroft/dataset/negatives/not_wake_word_subset/not_wake_word_01265.wav
0,1,0.6135,experiments/hey_mycroft/dataset/negatives/not_wake_word_subset/not_wake_word_04098.wav
0,1,0.6174,experiments/hey_mycroft/dataset/negatives/not_wake_word_subset/not_wake_word_00019.wav
0,1,0.6170,experiments/hey_mycroft/dataset/negatives/not_wake_word_subset/not_wake_word_06816.wav
0,1,0.6199,experiments/hey_mycroft/dataset/negatives/not_wake_word_subset/not_wake_word_08798.wav
0,1,0.6008,experiments/hey_mycroft/dataset/negatives/not_wake_word_subset/not_wake_word_06869.wav
0,1,0.6467,experiments/hey_mycroft/dataset/negatives/not_wake_word_subset/not_wake_word_09539.wav
0,1,0.6124,experiments/hey_mycroft/dataset/negatives/not_wake_word_subset/not_wake_word_00415.wav
0,1,0.6309,experiments/hey_mycroft/dataset/negatives/not_wake_word_subset/not_wake_word_03293.wav
0,1,0.5916,experiments/hey_mycroft/dataset/negatives/not_wake_word_subset/not_wake_word_00345.wav
0,1,0.5718,experiments/hey_mycroft/dataset/negatives/not_wake_word_subset/not_wake_word_03123.wav
0,1,0.5786,experiments/hey_mycroft/dataset/negatives/not_wake_word_subset/not_wake_word_07056.wav
0,1,0.5696,experiments/hey_mycroft/dataset/negatives/not_wake_word_subset/not_wake_word_00442.wav
0,1,0.6004,experiments/hey_mycroft/dataset/negatives/not_wake_word_subset/not_wake_word_02474.wav
0,1,0.5628,experiments/hey_mycroft/dataset/negatives/not_wake_word_subset/not_wake_word_08541.wav
0,1,0.5339,experiments/hey_mycroft/dataset/negatives/not_wake_word_subset/not_wake_word_09158.wav
0,1,0.6273,experiments/hey_mycroft/dataset/negatives/not_wake_word_subset/not_wake_word_03476.wav
0,1,0.5975,experiments/hey_mycroft/dataset/negatives/not_wake_word_subset/not_wake_word_00654.wav
0,1,0.6433,experiments/hey_mycroft/dataset/negatives/not_wake_word_subset/not_wake_word_09008.wav
0,1,0.6675,/home/miro/Workspace/MachineLearningProjects/ww-trainer/experiments/hey_mycroft/dataset/negatives/processed/001144.wav
0,1,0.6063,experiments/hey_mycroft/dataset/negatives/not_wake_word_subset/not_wake_word_02548.wav
0,1,0.5893,experiments/hey_mycroft/dataset/negatives/not_wake_word_subset/not_wake_word_05023.wav
0,1,0.6466,experiments/hey_mycroft/dataset/negatives/not_wake_word_subset/not_wake_word_09373.wav
0,1,0.5799,experiments/hey_mycroft/dataset/negatives/not_wake_word_subset/not_wake_word_03684.wav
0,1,0.6330,experiments/hey_mycroft/dataset/negatives/not_wake_word_subset/not_wake_word_03177.wav
0,1,0.5869,experiments/hey_mycroft/dataset/negatives/not_wake_word_subset/not_wake_word_05953.wav
0,1,0.5888,experiments/hey_mycroft/dataset/negatives/not_wake_word_subset/not_wake_word_00190.wav
0,1,0.5440,experiments/hey_mycroft/dataset/negatives/not_wake_word_subset/not_wake_word_04773.wav
0,1,0.6345,experiments/hey_mycroft/dataset/negatives/not_wake_word_subset/not_wake_word_01321.wav
0,1,0.6094,experiments/hey_mycroft/dataset/negatives/not_wake_word_subset/not_wake_word_02144.wav
0,1,0.5844,experiments/hey_mycroft/dataset/negatives/not_wake_word_subset/not_wake_word_02094.wav
0,1,0.5758,/home/miro/Workspace/MachineLearningProjects/ww-trainer/experiments/hey_mycroft/dataset/negatives/processed/000002.wav
0,1,0.5788,experiments/hey_mycroft/dataset/negatives/not_wake_word_subset/not_wake_word_08688.wav
0,1,0.5725,experiments/hey_mycroft/dataset/negatives/not_wake_word_subset/not_wake_word_02127.wav
0,1,0.5955,experiments/hey_mycroft/dataset/negatives/not_wake_word_subset/not_wake_word_02565.wav
0,1,0.5951,experiments/hey_mycroft/dataset/negatives/not_wake_word_subset/not_wake_word_09076.wav
0,1,0.6143,experiments/hey_mycroft/dataset/negatives/not_wake_word_subset/not_wake_word_07455.wav
0,1,0.5497,experiments/hey_mycroft/dataset/negatives/not_wake_word_subset/not_wake_word_02034.wav
0,1,0.6288,experiments/hey_mycroft/dataset/negatives/not_wake_word_subset/not_wake_word_02249.wav
0,1,0.5602,experiments/hey_mycroft/dataset/negatives/not_wake_word_subset/not_wake_word_04376.wav
0,1,0.6124,experiments/hey_mycroft/dataset/negatives/not_wake_word_subset/not_wake_word_05532.wav
0,1,0.6444,experiments/hey_mycroft/dataset/negatives/not_wake_word_subset/not_wake_word_08139.wav
0,1,0.5488,/home/miro/Workspace/MachineLearningProjects/ww-trainer/experiments/hey_mycroft/dataset/negatives/processed/000323.wav
0,1,0.5579,experiments/hey_mycroft/dataset/negatives/not_wake_word_subset/not_wake_word_03560.wav
0,1,0.6464,experiments/hey_mycroft/dataset/negatives/not_wake_word_subset/not_wake_word_01585.wav
0,1,0.5654,experiments/hey_mycroft/dataset/negatives/not_wake_word_subset/not_wake_word_08317.wav
0,1,0.5745,/home/miro/Workspace/MachineLearningProjects/ww-trainer/experiments/hey_mycroft/dataset/negatives/processed/000388.wav
0,1,0.6420,experiments/hey_mycroft/dataset/negatives/not_wake_word_subset/not_wake_word_04348.wav
0,1,0.5747,experiments/hey_mycroft/dataset/negatives/not_wake_word_subset/not_wake_word_03778.wav
0,1,0.6461,experiments/hey_mycroft/dataset/negatives/not_wake_word_subset/not_wake_word_01144.wav
0,1,0.6104,experiments/hey_mycroft/dataset/negatives/not_wake_word_subset/not_wake_word_01817.wav
0,1,0.5974,experiments/hey_mycroft/dataset/negatives/not_wake_word_subset/not_wake_word_08177.wav
0,1,0.5384,experiments/hey_mycroft/dataset/negatives/not_wake_word_subset/not_wake_word_00793.wav
0,1,0.6076,experiments/hey_mycroft/dataset/negatives/not_wake_word_subset/not_wake_word_08771.wav
0,1,0.6125,experiments/hey_mycroft/dataset/negatives/not_wake_word_subset/not_wake_word_08670.wav
0,1,0.5648,/home/miro/Workspace/MachineLearningProjects/ww-trainer/experiments/hey_mycroft/dataset/negatives/processed/000267.wav
0,1,0.6036,experiments/hey_mycroft/dataset/negatives/not_wake_word_subset/not_wake_word_02683.wav
0,1,0.6240,experiments/hey_mycroft/dataset/negatives/not_wake_word_subset/not_wake_word_05656.wav
0,1,0.6213,experiments/hey_mycroft/dataset/negatives/not_wake_word_subset/not_wake_word_09779.wav
0,1,0.6236,experiments/hey_mycroft/dataset/negatives/not_wake_word_subset/not_wake_word_00242.wav
0,1,0.5721,experiments/hey_mycroft/dataset/negatives/not_wake_word_subset/not_wake_word_00714.wav
0,1,0.6224,experiments/hey_mycroft/dataset/negatives/not_wake_word_subset/not_wake_word_01292.wav
0,1,0.6286,experiments/hey_mycroft/dataset/negatives/not_wake_word_subset/not_wake_word_04637.wav
0,1,0.5805,/home/miro/Workspace/MachineLearningProjects/ww-trainer/experiments/hey_mycroft/dataset/negatives/processed/000351.wav
0,1,0.6320,experiments/hey_mycroft/dataset/negatives/not_wake_word_subset/not_wake_word_05062.wav
0,1,0.6065,experiments/hey_mycroft/dataset/negatives/not_wake_word_subset/not_wake_word_06027.wav
0,1,0.5730,experiments/hey_mycroft/dataset/negatives/not_wake_word_subset/not_wake_word_02442.wav
0,1,0.5861,experiments/hey_mycroft/dataset/negatives/not_wake_word_subset/not_wake_word_06045.wav
0,1,0.6414,experiments/hey_mycroft/dataset/negatives/not_wake_word_subset/not_wake_word_00822.wav
0,1,0.5854,/home/miro/Workspace/MachineLearningProjects/ww-trainer/experiments/hey_mycroft/dataset/negatives/processed/000350.wav
0,1,0.5646,experiments/hey_mycroft/dataset/negatives/not_wake_word_subset/not_wake_word_00010.wav
0,1,0.5729,experiments/hey_mycroft/dataset/negatives/not_wake_word_subset/not_wake_word_05439.wav
0,1,0.6069,experiments/hey_mycroft/dataset/negatives/not_wake_word_subset/not_wake_word_04659.wav
0,1,0.6209,experiments/hey_mycroft/dataset/negatives/not_wake_word_subset/not_wake_word_05376.wav
0,1,0.6164,experiments/hey_mycroft/dataset/negatives/not_wake_word_subset/not_wake_word_04335.wav
0,1,0.6340,experiments/hey_mycroft/dataset/negatives/not_wake_word_subset/not_wake_word_04375.wav
0,1,0.5793,experiments/hey_mycroft/dataset/negatives/not_wake_word_subset/not_wake_word_00920.wav
0,1,0.6184,experiments/hey_mycroft/dataset/negatives/not_wake_word_subset/not_wake_word_05574.wav
0,1,0.5652,/home/miro/Workspace/MachineLearningProjects/ww-trainer/experiments/hey_mycroft/dataset/negatives/processed/000793.wav
0,1,0.5932,/home/miro/Workspace/MachineLearningProjects/ww-trainer/experiments/hey_mycroft/dataset/negatives/processed/000455.wav
0,1,0.6251,/home/miro/Workspace/MachineLearningProjects/ww-trainer/experiments/hey_mycroft/dataset/negatives/processed/000761.wav
0,1,0.6516,experiments/hey_mycroft/dataset/negatives/not_wake_word_subset/not_wake_word_08787.wav
0,1,0.5742,experiments/hey_mycroft/dataset/negatives/not_wake_word_subset/not_wake_word_03280.wav
0,1,0.5892,/home/miro/Workspace/MachineLearningProjects/ww-trainer/experiments/hey_mycroft/dataset/negatives/processed/000534.wav
0,1,0.6176,experiments/hey_mycroft/dataset/negatives/not_wake_word_subset/not_wake_word_05659.wav
0,1,0.5338,experiments/hey_mycroft/dataset/negatives/not_wake_word_subset/not_wake_word_00610.wav
0,1,0.5389,experiments/hey_mycroft/dataset/negatives/not_wake_word_subset/not_wake_word_02987.wav
0,1,0.6147,experiments/hey_mycroft/dataset/negatives/not_wake_word_subset/not_wake_word_03117.wav
0,1,0.5781,experiments/hey_mycroft/dataset/negatives/not_wake_word_subset/not_wake_word_06212.wav
0,1,0.6281,experiments/hey_mycroft/dataset/negatives/not_wake_word_subset/not_wake_word_04612.wav
0,1,0.5893,experiments/hey_mycroft/dataset/negatives/not_wake_word_subset/not_wake_word_08594.wav
0,1,0.6116,experiments/hey_mycroft/dataset/negatives/not_wake_word_subset/not_wake_word_06692.wav
0,1,0.5423,/home/miro/Workspace/MachineLearningProjects/ww-trainer/experiments/hey_mycroft/dataset/negatives/processed/000026.wav
0,1,0.5913,/home/miro/Workspace/MachineLearningProjects/ww-trainer/experiments/hey_mycroft/dataset/negatives/processed/000478.wav
0,1,0.5590,experiments/hey_mycroft/dataset/negatives/not_wake_word_subset/not_wake_word_01105.wav
0,1,0.5796,experiments/hey_mycroft/dataset/negatives/not_wake_word_subset/not_wake_word_05645.wav
0,1,0.5976,experiments/hey_mycroft/dataset/negatives/not_wake_word_subset/not_wake_word_09447.wav
0,1,0.6237,experiments/hey_mycroft/dataset/negatives/not_wake_word_subset/not_wake_word_02635.wav
0,1,0.5300,experiments/hey_mycroft/dataset/negatives/not_wake_word_subset/not_wake_word_07127.wav
0,1,0.5080,experiments/hey_mycroft/dataset/negatives/not_wake_word_subset/not_wake_word_04533.wav
0,1,0.6183,/home/miro/Workspace/MachineLearningProjects/ww-trainer/experiments/hey_mycroft/dataset/negatives/processed/001259.wav
0,1,0.5161,/home/miro/Workspace/MachineLearningProjects/ww-trainer/experiments/hey_mycroft/dataset/negatives/processed/001039.wav
0,1,0.6380,experiments/hey_mycroft/dataset/negatives/not_wake_word_subset/not_wake_word_01865.wav
0,1,0.6489,experiments/hey_mycroft/dataset/negatives/not_wake_word_subset/not_wake_word_07429.wav
0,1,0.5946,/home/miro/Workspace/MachineLearningProjects/ww-trainer/experiments/hey_mycroft/dataset/negatives/processed/000500.wav
0,1,0.5996,experiments/hey_mycroft/dataset/negatives/not_wake_word_subset/not_wake_word_06879.wav
0,1,0.6165,experiments/hey_mycroft/dataset/negatives/not_wake_word_subset/not_wake_word_02926.wav
0,1,0.6261,experiments/hey_mycroft/dataset/negatives/not_wake_word_subset/not_wake_word_03631.wav
0,1,0.6212,experiments/hey_mycroft/dataset/negatives/not_wake_word_subset/not_wake_word_00589.wav
0,1,0.6450,experiments/hey_mycroft/dataset/negatives/not_wake_word_subset/not_wake_word_02970.wav
0,1,0.6049,experiments/hey_mycroft/dataset/negatives/not_wake_word_subset/not_wake_word_09786.wav
0,1,0.5877,experiments/hey_mycroft/dataset/negatives/not_wake_word_subset/not_wake_word_09043.wav
0,1,0.6504,experiments/hey_mycroft/dataset/negatives/not_wake_word_subset/not_wake_word_04439.wav
0,1,0.6124,experiments/hey_mycroft/dataset/negatives/not_wake_word_subset/not_wake_word_09503.wav
0,1,0.6231,experiments/hey_mycroft/dataset/negatives/not_wake_word_subset/not_wake_word_02025.wav
0,1,0.6310,experiments/hey_mycroft/dataset/negatives/not_wake_word_subset/not_wake_word_02445.wav
0,1,0.6003,experiments/hey_mycroft/dataset/negatives/not_wake_word_subset/not_wake_word_06883.wav
0,1,0.6135,experiments/hey_mycroft/dataset/negatives/not_wake_word_subset/not_wake_word_00617.wav
0,1,0.6451,/home/miro/Workspace/MachineLearningProjects/ww-trainer/experiments/hey_mycroft/dataset/negatives/processed/000704.wav
0,1,0.5994,experiments/hey_mycroft/dataset/negatives/not_wake_word_subset/not_wake_word_00225.wav
0,1,0.6276,experiments/hey_mycroft/dataset/negatives/not_wake_word_subset/not_wake_word_06625.wav
0,1,0.5517,experiments/hey_mycroft/dataset/negatives/not_wake_word_subset/not_wake_word_08910.wav
0,1,0.6316,experiments/hey_mycroft/dataset/negatives/not_wake_word_subset/not_wake_word_08480.wav
0,1,0.6169,experiments/hey_mycroft/dataset/negatives/not_wake_word_subset/not_wake_word_02431.wav
0,1,0.6211,experiments/hey_mycroft/dataset/negatives/not_wake_word_subset/not_wake_word_08289.wav
0,1,0.6234,experiments/hey_mycroft/dataset/negatives/not_wake_word_subset/not_wake_word_05483.wav
0,1,0.6073,experiments/hey_mycroft/dataset/negatives/not_wake_word_subset/not_wake_word_06023.wav
0,1,0.6481,/home/miro/Workspace/MachineLearningProjects/ww-trainer/experiments/hey_mycroft/dataset/negatives/processed/000652.wav
0,1,0.6143,experiments/hey_mycroft/dataset/negatives/not_wake_word_subset/not_wake_word_04129.wav
0,1,0.5567,/home/miro/Workspace/MachineLearningProjects/ww-trainer/experiments/hey_mycroft/dataset/negatives/processed/000274.wav
0,1,0.6092,experiments/hey_mycroft/dataset/negatives/not_wake_word_subset/not_wake_word_07580.wav
0,1,0.5740,experiments/hey_mycroft/dataset/negatives/not_wake_word_subset/not_wake_word_00312.wav
0,1,0.6297,experiments/hey_mycroft/dataset/negatives/not_wake_word_subset/not_wake_word_01134.wav
0,1,0.6430,experiments/hey_mycroft/dataset/negatives/not_wake_word_subset/not_wake_word_04463.wav
0,1,0.6147,experiments/hey_mycroft/dataset/negatives/not_wake_word_subset/not_wake_word_07049.wav
0,1,0.6172,experiments/hey_mycroft/dataset/negatives/not_wake_word_subset/not_wake_word_00047.wav
0,1,0.6010,experiments/hey_mycroft/dataset/negatives/not_wake_word_subset/not_wake_word_04743.wav
0,1,0.5595,experiments/hey_mycroft/dataset/negatives/not_wake_word_subset/not_wake_word_04895.wav
0,1,0.6113,experiments/hey_mycroft/dataset/negatives/not_wake_word_subset/not_wake_word_07686.wav
0,1,0.6081,experiments/hey_mycroft/dataset/negatives/not_wake_word_subset/not_wake_word_02268.wav
0,1,0.6136,experiments/hey_mycroft/dataset/negatives/not_wake_word_subset/not_wake_word_04305.wav
0,1,0.5713,experiments/hey_mycroft/dataset/negatives/not_wake_word_subset/not_wake_word_02318.wav
0,1,0.5769,experiments/hey_mycroft/dataset/negatives/not_wake_word_subset/not_wake_word_03468.wav
0,1,0.6158,experiments/hey_mycroft/dataset/negatives/not_wake_word_subset/not_wake_word_07019.wav
0,1,0.6134,experiments/hey_mycroft/dataset/negatives/not_wake_word_subset/not_wake_word_07530.wav
0,1,0.6210,experiments/hey_mycroft/dataset/negatives/not_wake_word_subset/not_wake_word_06181.wav
0,1,0.6135,experiments/hey_mycroft/dataset/negatives/not_wake_word_subset/not_wake_word_05280.wav
0,1,0.6001,experiments/hey_mycroft/dataset/negatives/not_wake_word_subset/not_wake_word_09035.wav
0,1,0.5908,/home/miro/Workspace/MachineLearningProjects/ww-trainer/experiments/hey_mycroft/dataset/negatives/processed/000502.wav
0,1,0.5459,/home/miro/Workspace/MachineLearningProjects/ww-trainer/experiments/hey_mycroft/dataset/negatives/processed/001000.wav
0,1,0.5159,/home/miro/Workspace/MachineLearningProjects/ww-trainer/experiments/hey_mycroft/dataset/negatives/processed/000416.wav
0,1,0.5955,experiments/hey_mycroft/dataset/negatives/not_wake_word_subset/not_wake_word_09097.wav
0,1,0.6161,experiments/hey_mycroft/dataset/negatives/not_wake_word_subset/not_wake_word_04255.wav
0,1,0.6287,experiments/hey_mycroft/dataset/negatives/not_wake_word_subset/not_wake_word_03913.wav
0,1,0.6177,experiments/hey_mycroft/dataset/negatives/not_wake_word_subset/not_wake_word_07168.wav
0,1,0.5860,experiments/hey_mycroft/dataset/negatives/not_wake_word_subset/not_wake_word_02362.wav
0,1,0.6102,experiments/hey_mycroft/dataset/negatives/not_wake_word_subset/not_wake_word_09020.wav
0,1,0.5996,experiments/hey_mycroft/dataset/negatives/not_wake_word_subset/not_wake_word_01825.wav
0,1,0.6131,experiments/hey_mycroft/dataset/negatives/not_wake_word_subset/not_wake_word_08190.wav
0,1,0.6360,experiments/hey_mycroft/dataset/negatives/not_wake_word_subset/not_wake_word_08774.wav
0,1,0.5895,experiments/hey_mycroft/dataset/negatives/not_wake_word_subset/not_wake_word_04679.wav
0,1,0.5231,experiments/hey_mycroft/dataset/negatives/not_wake_word_subset/not_wake_word_04979.wav
0,1,0.5912,/home/miro/Workspace/MachineLearningProjects/ww-trainer/experiments/hey_mycroft/dataset/negatives/processed/000671.wav
0,1,0.6420,experiments/hey_mycroft/dataset/negatives/not_wake_word_subset/not_wake_word_03987.wav
0,1,0.6261,/home/miro/Workspace/MachineLearningProjects/ww-trainer/experiments/hey_mycroft/dataset/negatives/processed/000229.wav
0,1,0.6071,/home/miro/Workspace/MachineLearningProjects/ww-trainer/experiments/hey_mycroft/dataset/negatives/processed/000822.wav
0,1,0.5799,experiments/hey_mycroft/dataset/negatives/not_wake_word_subset/not_wake_word_04670.wav
0,1,0.5655,/home/miro/Workspace/MachineLearningProjects/ww-trainer/experiments/hey_mycroft/dataset/negatives/processed/000481.wav
0,1,0.6436,experiments/hey_mycroft/dataset/negatives/not_wake_word_subset/not_wake_word_09084.wav
0,1,0.5708,experiments/hey_mycroft/dataset/negatives/not_wake_word_subset/not_wake_word_09814.wav
0,1,0.6136,experiments/hey_mycroft/dataset/negatives/not_wake_word_subset/not_wake_word_02267.wav
0,1,0.6389,/home/miro/Workspace/MachineLearningProjects/ww-trainer/experiments/hey_mycroft/dataset/negatives/processed/000185.wav
0,1,0.5571,experiments/hey_mycroft/dataset/negatives/not_wake_word_subset/not_wake_word_08182.wav
0,1,0.6423,experiments/hey_mycroft/dataset/negatives/not_wake_word_subset/not_wake_word_00635.wav
0,1,0.6167,experiments/hey_mycroft/dataset/negatives/not_wake_word_subset/not_wake_word_02192.wav
0,1,0.5846,experiments/hey_mycroft/dataset/negatives/not_wake_word_subset/not_wake_word_09140.wav
0,1,0.5536,/home/miro/Workspace/MachineLearningProjects/ww-trainer/experiments/hey_mycroft/dataset/negatives/processed/000089.wav
0,1,0.6202,experiments/hey_mycroft/dataset/negatives/not_wake_word_subset/not_wake_word_06133.wav
0,1,0.5979,experiments/hey_mycroft/dataset/negatives/not_wake_word_subset/not_wake_word_01294.wav
0,1,0.6308,experiments/hey_mycroft/dataset/negatives/not_wake_word_subset/not_wake_word_06398.wav
0,1,0.6371,experiments/hey_mycroft/dataset/negatives/not_wake_word_subset/not_wake_word_00465.wav
0,1,0.5849,/home/miro/Workspace/MachineLearningProjects/ww-trainer/experiments/hey_mycroft/dataset/negatives/processed/000528.wav
0,1,0.6156,/home/miro/Workspace/MachineLearningProjects/ww-trainer/experiments/hey_mycroft/dataset/negatives/processed/001899.wav
0,1,0.5585,/home/miro/Workspace/MachineLearningProjects/ww-trainer/experiments/hey_mycroft/dataset/negatives/processed/000020.wav
0,1,0.5807,experiments/hey_mycroft/dataset/negatives/not_wake_word_subset/not_wake_word_04075.wav
0,1,0.5674,experiments/hey_mycroft/dataset/negatives/not_wake_word_subset/not_wake_word_04378.wav
0,1,0.6193,experiments/hey_mycroft/dataset/negatives/not_wake_word_subset/not_wake_word_08168.wav
0,1,0.6209,/home/miro/Workspace/MachineLearningProjects/ww-trainer/experiments/hey_mycroft/dataset/negatives/processed/000168.wav
0,1,0.6092,experiments/hey_mycroft/dataset/negatives/not_wake_word_subset/not_wake_word_06903.wav
0,1,0.6166,experiments/hey_mycroft/dataset/negatives/not_wake_word_subset/not_wake_word_01318.wav
0,1,0.6147,experiments/hey_mycroft/dataset/negatives/not_wake_word_subset/not_wake_word_05550.wav
0,1,0.6436,/home/miro/Workspace/MachineLearningProjects/ww-trainer/experiments/hey_mycroft/dataset/negatives/processed/000832.wav
0,1,0.5637,/home/miro/Workspace/MachineLearningProjects/ww-trainer/experiments/hey_mycroft/dataset/negatives/processed/001652.wav
0,1,0.5274,/home/miro/Workspace/MachineLearningProjects/ww-trainer/experiments/hey_mycroft/dataset/negatives/processed/001406.wav
0,1,0.5991,experiments/hey_mycroft/dataset/negatives/not_wake_word_subset/not_wake_word_09160.wav
0,1,0.6512,experiments/hey_mycroft/dataset/negatives/not_wake_word_subset/not_wake_word_01123.wav
0,1,0.6260,experiments/hey_mycroft/dataset/negatives/not_wake_word_subset/not_wake_word_05725.wav
0,1,0.6395,experiments/hey_mycroft/dataset/negatives/not_wake_word_subset/not_wake_word_00435.wav
0,1,0.6000,experiments/hey_mycroft/dataset/negatives/not_wake_word_subset/not_wake_word_03955.wav
0,1,0.5632,experiments/hey_mycroft/dataset/negatives/not_wake_word_subset/not_wake_word_02130.wav
0,1,0.6361,experiments/hey_mycroft/dataset/negatives/not_wake_word_subset/not_wake_word_06096.wav
0,1,0.5539,experiments/hey_mycroft/dataset/negatives/not_wake_word_subset/not_wake_word_05941.wav
0,1,0.5157,/home/miro/Workspace/MachineLearningProjects/ww-trainer/experiments/hey_mycroft/dataset/negatives/processed/000395.wav
0,1,0.6148,experiments/hey_mycroft/dataset/negatives/not_wake_word_subset/not_wake_word_08130.wav
0,1,0.6236,experiments/hey_mycroft/dataset/negatives/not_wake_word_subset/not_wake_word_02345.wav
0,1,0.6358,experiments/hey_mycroft/dataset/negatives/not_wake_word_subset/not_wake_word_07570.wav
0,1,0.5613,experiments/hey_mycroft/dataset/negatives/not_wake_word_subset/not_wake_word_06931.wav
0,1,0.6158,experiments/hey_mycroft/dataset/negatives/not_wake_word_subset/not_wake_word_09627.wav
0,1,0.5923,/home/miro/Workspace/MachineLearningProjects/ww-trainer/experiments/hey_mycroft/dataset/negatives/processed/000712.wav
0,1,0.5563,/home/miro/Workspace/MachineLearningProjects/ww-trainer/experiments/hey_mycroft/dataset/negatives/processed/000268.wav
0,1,0.5483,experiments/hey_mycroft/dataset/negatives/not_wake_word_subset/not_wake_word_06529.wav
0,1,0.5747,experiments/hey_mycroft/dataset/negatives/not_wake_word_subset/not_wake_word_00167.wav
0,1,0.5179,experiments/hey_mycroft/dataset/negatives/not_wake_word_subset/not_wake_word_01549.wav
0,1,0.6084,experiments/hey_mycroft/dataset/negatives/not_wake_word_subset/not_wake_word_04459.wav
0,1,0.6404,experiments/hey_mycroft/dataset/negatives/not_wake_word_subset/not_wake_word_04062.wav
0,1,0.6281,experiments/hey_mycroft/dataset/negatives/not_wake_word_subset/not_wake_word_04854.wav
0,1,0.6146,experiments/hey_mycroft/dataset/negatives/not_wake_word_subset/not_wake_word_08850.wav
0,1,0.6230,experiments/hey_mycroft/dataset/negatives/not_wake_word_subset/not_wake_word_05492.wav
0,1,0.5968,experiments/hey_mycroft/dataset/negatives/not_wake_word_subset/not_wake_word_04296.wav
0,1,0.5848,experiments/hey_mycroft/dataset/negatives/not_wake_word_subset/not_wake_word_03599.wav
0,1,0.6283,experiments/hey_mycroft/dataset/negatives/not_wake_word_subset/not_wake_word_02595.wav
0,1,0.5909,experiments/hey_mycroft/dataset/negatives/not_wake_word_subset/not_wake_word_04103.wav
0,1,0.6220,experiments/hey_mycroft/dataset/negatives/not_wake_word_subset/not_wake_word_06002.wav
0,1,0.6099,experiments/hey_mycroft/dataset/negatives/not_wake_word_subset/not_wake_word_02154.wav
0,1,0.5608,/home/miro/Workspace/MachineLearningProjects/ww-trainer/experiments/hey_mycroft/dataset/negatives/processed/001292.wav
0,1,0.6158,experiments/hey_mycroft/dataset/negatives/not_wake_word_subset/not_wake_word_04472.wav
0,1,0.5903,/home/miro/Workspace/MachineLearningProjects/ww-trainer/experiments/hey_mycroft/dataset/negatives/processed/000145.wav
0,1,0.5913,experiments/hey_mycroft/dataset/negatives/not_wake_word_subset/not_wake_word_07509.wav
0,1,0.6254,experiments/hey_mycroft/dataset/negatives/not_wake_word_subset/not_wake_word_07180.wav
0,1,0.6016,experiments/hey_mycroft/dataset/negatives/not_wake_word_subset/not_wake_word_06228.wav
0,1,0.5192,/home/miro/Workspace/MachineLearningProjects/ww-trainer/experiments/hey_mycroft/dataset/negatives/processed/001837.wav
0,1,0.6335,experiments/hey_mycroft/dataset/negatives/not_wake_word_subset/not_wake_word_03144.wav
0,1,0.5999,experiments/hey_mycroft/dataset/negatives/not_wake_word_subset/not_wake_word_00881.wav
0,1,0.6191,experiments/hey_mycroft/dataset/negatives/not_wake_word_subset/not_wake_word_02132.wav
0,1,0.6436,experiments/hey_mycroft/dataset/negatives/not_wake_word_subset/not_wake_word_01337.wav
0,1,0.5837,/home/miro/Workspace/MachineLearningProjects/ww-trainer/experiments/hey_mycroft/dataset/negatives/processed/001563.wav
0,1,0.6288,/home/miro/Workspace/MachineLearningProjects/ww-trainer/experiments/hey_mycroft/dataset/negatives/processed/000379.wav
0,1,0.5544,/home/miro/Workspace/MachineLearningProjects/ww-trainer/experiments/hey_mycroft/dataset/negatives/processed/001530.wav
0,1,0.6519,experiments/hey_mycroft/dataset/negatives/not_wake_word_subset/not_wake_word_01161.wav
0,1,0.5653,/home/miro/Workspace/MachineLearningProjects/ww-trainer/experiments/hey_mycroft/dataset/negatives/processed/001657.wav
0,1,0.6082,experiments/hey_mycroft/dataset/negatives/not_wake_word_subset/not_wake_word_04720.wav
0,1,0.6215,/home/miro/Workspace/MachineLearningProjects/ww-trainer/experiments/hey_mycroft/dataset/negatives/processed/000332.wav
0,1,0.6365,experiments/hey_mycroft/dataset/negatives/not_wake_word_subset/not_wake_word_04939.wav
0,1,0.6467,experiments/hey_mycroft/dataset/negatives/not_wake_word_subset/not_wake_word_00997.wav
0,1,0.6126,experiments/hey_mycroft/dataset/negatives/not_wake_word_subset/not_wake_word_09009.wav
0,1,0.5264,experiments/hey_mycroft/dataset/negatives/not_wake_word_subset/not_wake_word_08465.wav
0,1,0.5788,experiments/hey_mycroft/dataset/negatives/not_wake_word_subset/not_wake_word_05169.wav
0,1,0.5921,experiments/hey_mycroft/dataset/negatives/not_wake_word_subset/not_wake_word_06082.wav
0,1,0.5291,experiments/hey_mycroft/dataset/negatives/not_wake_word_subset/not_wake_word_03502.wav
0,1,0.5863,/home/miro/Workspace/MachineLearningProjects/ww-trainer/experiments/hey_mycroft/dataset/negatives/processed/000148.wav
0,1,0.6150,/home/miro/Workspace/MachineLearningProjects/ww-trainer/experiments/hey_mycroft/dataset/negatives/processed/000061.wav
0,1,0.6379,/home/miro/Workspace/MachineLearningProjects/ww-trainer/experiments/hey_mycroft/dataset/negatives/processed/000697.wav
0,1,0.5248,experiments/hey_mycroft/dataset/negatives/not_wake_word_subset/not_wake_word_06656.wav
0,1,0.6320,experiments/hey_mycroft/dataset/negatives/not_wake_word_subset/not_wake_word_02508.wav
0,1,0.6066,experiments/hey_mycroft/dataset/negatives/not_wake_word_subset/not_wake_word_06549.wav
0,1,0.6074,experiments/hey_mycroft/dataset/negatives/not_wake_word_subset/not_wake_word_02415.wav
0,1,0.5498,experiments/hey_mycroft/dataset/negatives/not_wake_word_subset/not_wake_word_09335.wav
0,1,0.5640,experiments/hey_mycroft/dataset/negatives/not_wake_word_subset/not_wake_word_08692.wav
0,1,0.5661,experiments/hey_mycroft/dataset/negatives/not_wake_word_subset/not_wake_word_08150.wav
0,1,0.5222,experiments/hey_mycroft/dataset/negatives/not_wake_word_subset/not_wake_word_01216.wav
0,1,0.6091,experiments/hey_mycroft/dataset/negatives/not_wake_word_subset/not_wake_word_03881.wav
0,1,0.6500,/home/miro/Workspace/MachineLearningProjects/ww-trainer/experiments/hey_mycroft/dataset/negatives/processed/000664.wav
0,1,0.6090,experiments/hey_mycroft/dataset/negatives/not_wake_word_subset/not_wake_word_05773.wav
0,1,0.6200,experiments/hey_mycroft/dataset/negatives/not_wake_word_subset/not_wake_word_00547.wav
0,1,0.6358,experiments/hey_mycroft/dataset/negatives/not_wake_word_subset/not_wake_word_05077.wav
0,1,0.6240,experiments/hey_mycroft/dataset/negatives/not_wake_word_subset/not_wake_word_08159.wav
0,1,0.5529,experiments/hey_mycroft/dataset/negatives/not_wake_word_subset/not_wake_word_01354.wav
0,1,0.5934,experiments/hey_mycroft/dataset/negatives/not_wake_word_subset/not_wake_word_00712.wav
0,1,0.5972,/home/miro/Workspace/MachineLearningProjects/ww-trainer/experiments/hey_mycroft/dataset/negatives/processed/000521.wav
0,1,0.5731,/home/miro/Workspace/MachineLearningProjects/ww-trainer/experiments/hey_mycroft/dataset/negatives/processed/000485.wav
0,1,0.6294,experiments/hey_mycroft/dataset/negatives/not_wake_word_subset/not_wake_word_07582.wav
0,1,0.6275,/home/miro/Workspace/MachineLearningProjects/ww-trainer/experiments/hey_mycroft/dataset/negatives/processed/000365.wav
0,1,0.5745,/home/miro/Workspace/MachineLearningProjects/ww-trainer/experiments/hey_mycroft/dataset/negatives/processed/000637.wav
0,1,0.6201,experiments/hey_mycroft/dataset/negatives/not_wake_word_subset/not_wake_word_02325.wav
0,1,0.5463,experiments/hey_mycroft/dataset/negatives/not_wake_word_subset/not_wake_word_07906.wav
0,1,0.5745,/home/miro/Workspace/MachineLearningProjects/ww-trainer/experiments/hey_mycroft/dataset/negatives/processed/000364.wav
0,1,0.5119,/home/miro/Workspace/MachineLearningProjects/ww-trainer/experiments/hey_mycroft/dataset/negatives/processed/000967.wav
0,1,0.5756,experiments/hey_mycroft/dataset/negatives/not_wake_word_subset/not_wake_word_02665.wav
0,1,0.6221,experiments/hey_mycroft/dataset/negatives/not_wake_word_subset/not_wake_word_00932.wav
0,1,0.5616,experiments/hey_mycroft/dataset/negatives/not_wake_word_subset/not_wake_word_02687.wav
0,1,0.6103,experiments/hey_mycroft/dataset/negatives/not_wake_word_subset/not_wake_word_04480.wav
0,1,0.6228,/home/miro/Workspace/MachineLearningProjects/ww-trainer/experiments/hey_mycroft/dataset/negatives/processed/000102.wav
0,1,0.6028,/home/miro/Workspace/MachineLearningProjects/ww-trainer/experiments/hey_mycroft/dataset/negatives/processed/000798.wav
0,1,0.6483,/home/miro/Workspace/MachineLearningProjects/ww-trainer/experiments/hey_mycroft/dataset/negatives/processed/001057.wav
0,1,0.5267,experiments/hey_mycroft/dataset/negatives/not_wake_word_subset/not_wake_word_07431.wav
0,1,0.5731,/home/miro/Workspace/MachineLearningProjects/ww-trainer/experiments/hey_mycroft/dataset/negatives/processed/000291.wav
0,1,0.5566,experiments/hey_mycroft/dataset/negatives/not_wake_word_subset/not_wake_word_04478.wav
0,1,0.6210,/home/miro/Workspace/MachineLearningProjects/ww-trainer/experiments/hey_mycroft/dataset/negatives/processed/000548.wav
0,1,0.6426,experiments/hey_mycroft/dataset/negatives/not_wake_word_subset/not_wake_word_09511.wav
0,1,0.5042,/home/miro/Workspace/MachineLearningProjects/ww-trainer/experiments/hey_mycroft/dataset/negatives/processed/001221.wav
0,1,0.5635,experiments/hey_mycroft/dataset/negatives/not_wake_word_subset/not_wake_word_03613.wav
0,1,0.5356,/home/miro/Workspace/MachineLearningProjects/ww-trainer/experiments/hey_mycroft/dataset/negatives/processed/001697.wav
0,1,0.6447,experiments/hey_mycroft/dataset/negatives/not_wake_word_subset/not_wake_word_07957.wav
0,1,0.5118,experiments/hey_mycroft/dataset/negatives/not_wake_word_subset/not_wake_word_09808.wav
0,1,0.6164,experiments/hey_mycroft/dataset/negatives/not_wake_word_subset/not_wake_word_04382.wav
0,1,0.5300,experiments/hey_mycroft/dataset/negatives/not_wake_word_subset/not_wake_word_08978.wav
0,1,0.6033,experiments/hey_mycroft/dataset/negatives/not_wake_word_subset/not_wake_word_07750.wav
0,1,0.5635,experiments/hey_mycroft/dataset/negatives/not_wake_word_subset/not_wake_word_01714.wav
0,1,0.6159,experiments/hey_mycroft/dataset/negatives/not_wake_word_subset/not_wake_word_00859.wav
0,1,0.5888,experiments/hey_mycroft/dataset/negatives/not_wake_word_subset/not_wake_word_07701.wav
0,1,0.5771,experiments/hey_mycroft/dataset/negatives/not_wake_word_subset/not_wake_word_07141.wav
0,1,0.6039,experiments/hey_mycroft/dataset/negatives/not_wake_word_subset/not_wake_word_06665.wav
0,1,0.5993,/home/miro/Workspace/MachineLearningProjects/ww-trainer/experiments/hey_mycroft/dataset/negatives/processed/000828.wav
0,1,0.5905,experiments/hey_mycroft/dataset/negatives/not_wake_word_subset/not_wake_word_06185.wav
0,1,0.5117,experiments/hey_mycroft/dataset/negatives/not_wake_word_subset/not_wake_word_06691.wav
0,1,0.5931,experiments/hey_mycroft/dataset/negatives/not_wake_word_subset/not_wake_word_06685.wav
0,1,0.5326,experiments/hey_mycroft/dataset/negatives/not_wake_word_subset/not_wake_word_09018.wav
0,1,0.5735,experiments/hey_mycroft/dataset/negatives/not_wake_word_subset/not_wake_word_04864.wav
0,1,0.6142,experiments/hey_mycroft/dataset/negatives/not_wake_word_subset/not_wake_word_04821.wav
0,1,0.6185,experiments/hey_mycroft/dataset/negatives/not_wake_word_subset/not_wake_word_04906.wav
0,1,0.6384,experiments/hey_mycroft/dataset/negatives/not_wake_word_subset/not_wake_word_02340.wav
0,1,0.6195,experiments/hey_mycroft/dataset/negatives/not_wake_word_subset/not_wake_word_01513.wav
0,1,0.5648,/home/miro/Workspace/MachineLearningProjects/ww-trainer/experiments/hey_mycroft/dataset/negatives/processed/001775.wav
0,1,0.5778,experiments/hey_mycroft/dataset/negatives/not_wake_word_subset/not_wake_word_01289.wav
0,1,0.6196,experiments/hey_mycroft/dataset/negatives/not_wake_word_subset/not_wake_word_05360.wav
0,1,0.6404,experiments/hey_mycroft/dataset/negatives/not_wake_word_subset/not_wake_word_07778.wav
0,1,0.5720,/home/miro/Workspace/MachineLearningProjects/ww-trainer/experiments/hey_mycroft/dataset/negatives/processed/000805.wav
0,1,0.5728,/home/miro/Workspace/MachineLearningProjects/ww-trainer/experiments/hey_mycroft/dataset/negatives/processed/001049.wav
0,1,0.5892,/home/miro/Workspace/MachineLearningProjects/ww-trainer/experiments/hey_mycroft/dataset/negatives/processed/000503.wav
0,1,0.6114,experiments/hey_mycroft/dataset/negatives/not_wake_word_subset/not_wake_word_08086.wav
0,1,0.5986,experiments/hey_mycroft/dataset/negatives/not_wake_word_subset/not_wake_word_09739.wav
0,1,0.5543,experiments/hey_mycroft/dataset/negatives/not_wake_word_subset/not_wake_word_00308.wav
0,1,0.5979,experiments/hey_mycroft/dataset/negatives/not_wake_word_subset/not_wake_word_09163.wav
0,1,0.6268,experiments/hey_mycroft/dataset/negatives/not_wake_word_subset/not_wake_word_02616.wav
0,1,0.5255,/home/miro/Workspace/MachineLearningProjects/ww-trainer/experiments/hey_mycroft/dataset/negatives/processed/001728.wav
0,1,0.5819,experiments/hey_mycroft/dataset/negatives/not_wake_word_subset/not_wake_word_07243.wav
0,1,0.5929,experiments/hey_mycroft/dataset/negatives/not_wake_word_subset/not_wake_word_02143.wav
0,1,0.6002,experiments/hey_mycroft/dataset/negatives/not_wake_word_subset/not_wake_word_07973.wav
0,1,0.5801,experiments/hey_mycroft/dataset/negatives/not_wake_word_subset/not_wake_word_02042.wav
0,1,0.6352,/home/miro/Workspace/MachineLearningProjects/ww-trainer/experiments/hey_mycroft/dataset/negatives/processed/000669.wav
0,1,0.6090,experiments/hey_mycroft/dataset/negatives/not_wake_word_subset/not_wake_word_09849.wav
0,1,0.5560,experiments/hey_mycroft/dataset/negatives/not_wake_word_subset/not_wake_word_07351.wav
0,1,0.6189,/home/miro/Workspace/MachineLearningProjects/ww-trainer/experiments/hey_mycroft/dataset/negatives/processed/000770.wav
0,1,0.6328,/home/miro/Workspace/MachineLearningProjects/ww-trainer/experiments/hey_mycroft/dataset/negatives/processed/000700.wav
0,1,0.6134,experiments/hey_mycroft/dataset/negatives/not_wake_word_subset/not_wake_word_07848.wav
0,1,0.6149,experiments/hey_mycroft/dataset/negatives/not_wake_word_subset/not_wake_word_07293.wav
0,1,0.5504,experiments/hey_mycroft/dataset/negatives/not_wake_word_subset/not_wake_word_04574.wav
0,1,0.6141,experiments/hey_mycroft/dataset/negatives/not_wake_word_subset/not_wake_word_09225.wav
0,1,0.6206,/home/miro/Workspace/MachineLearningProjects/ww-trainer/experiments/hey_mycroft/dataset/negatives/processed/000630.wav
0,1,0.6109,experiments/hey_mycroft/dataset/negatives/not_wake_word_subset/not_wake_word_03854.wav
0,1,0.6332,experiments/hey_mycroft/dataset/negatives/not_wake_word_subset/not_wake_word_04564.wav
0,1,0.5904,experiments/hey_mycroft/dataset/negatives/not_wake_word_subset/not_wake_word_08598.wav
0,1,0.6153,experiments/hey_mycroft/dataset/negatives/not_wake_word_subset/not_wake_word_01647.wav
0,1,0.5901,/home/miro/Workspace/MachineLearningProjects/ww-trainer/experiments/hey_mycroft/dataset/negatives/processed/001701.wav
0,1,0.5814,experiments/hey_mycroft/dataset/negatives/not_wake_word_subset/not_wake_word_03938.wav
0,1,0.5648,experiments/hey_mycroft/dataset/negatives/not_wake_word_subset/not_wake_word_07196.wav
0,1,0.6294,experiments/hey_mycroft/dataset/negatives/not_wake_word_subset/not_wake_word_07828.wav
0,1,0.6472,experiments/hey_mycroft/dataset/negatives/not_wake_word_subset/not_wake_word_09864.wav
0,1,0.5916,/home/miro/Workspace/MachineLearningProjects/ww-trainer/experiments/hey_mycroft/dataset/negatives/processed/000744.wav
0,1,0.6333,experiments/hey_mycroft/dataset/negatives/not_wake_word_subset/not_wake_word_03996.wav
0,1,0.6224,experiments/hey_mycroft/dataset/negatives/not_wake_word_subset/not_wake_word_04066.wav
0,1,0.6306,experiments/hey_mycroft/dataset/negatives/not_wake_word_subset/not_wake_word_02288.wav
0,1,0.6058,experiments/hey_mycroft/dataset/negatives/not_wake_word_subset/not_wake_word_06698.wav
0,1,0.6341,experiments/hey_mycroft/dataset/negatives/not_wake_word_subset/not_wake_word_02843.wav
0,1,0.5879,experiments/hey_mycroft/dataset/negatives/not_wake_word_subset/not_wake_word_04067.wav
0,1,0.5598,experiments/hey_mycroft/dataset/negatives/not_wake_word_subset/not_wake_word_01114.wav
0,1,0.5418,experiments/hey_mycroft/dataset/negatives/not_wake_word_subset/not_wake_word_09598.wav
0,1,0.6024,experiments/hey_mycroft/dataset/negatives/not_wake_word_subset/not_wake_word_07518.wav
0,1,0.5459,/home/miro/Workspace/MachineLearningProjects/ww-trainer/experiments/hey_mycroft/dataset/negatives/processed/000308.wav
0,1,0.5917,experiments/hey_mycroft/dataset/negatives/not_wake_word_subset/not_wake_word_06952.wav
0,1,0.5958,/home/miro/Workspace/MachineLearningProjects/ww-trainer/experiments/hey_mycroft/dataset/negatives/processed/000454.wav
0,1,0.6019,/home/miro/Workspace/MachineLearningProjects/ww-trainer/experiments/hey_mycroft/dataset/negatives/processed/000549.wav
0,1,0.6009,/home/miro/Workspace/MachineLearningProjects/ww-trainer/experiments/hey_mycroft/dataset/negatives/processed/000689.wav
0,1,0.6245,experiments/hey_mycroft/dataset/negatives/not_wake_word_subset/not_wake_word_05154.wav
0,1,0.5252,experiments/hey_mycroft/dataset/negatives/not_wake_word_subset/not_wake_word_00423.wav
0,1,0.5425,/home/miro/Workspace/MachineLearningProjects/ww-trainer/experiments/hey_mycroft/dataset/negatives/processed/001023.wav
0,1,0.5789,experiments/hey_mycroft/dataset/negatives/not_wake_word_subset/not_wake_word_09212.wav
0,1,0.5990,experiments/hey_mycroft/dataset/negatives/not_wake_word_subset/not_wake_word_04082.wav
0,1,0.6004,experiments/hey_mycroft/dataset/negatives/not_wake_word_subset/not_wake_word_06884.wav
0,1,0.5965,experiments/hey_mycroft/dataset/negatives/not_wake_word_subset/not_wake_word_02853.wav
0,1,0.6299,experiments/hey_mycroft/dataset/negatives/not_wake_word_subset/not_wake_word_01382.wav
0,1,0.6322,experiments/hey_mycroft/dataset/negatives/not_wake_word_subset/not_wake_word_05422.wav
0,1,0.5722,experiments/hey_mycroft/dataset/negatives/not_wake_word_subset/not_wake_word_09885.wav
0,1,0.5932,experiments/hey_mycroft/dataset/negatives/not_wake_word_subset/not_wake_word_03815.wav
0,1,0.5483,experiments/hey_mycroft/dataset/negatives/not_wake_word_subset/not_wake_word_02393.wav
0,1,0.5957,experiments/hey_mycroft/dataset/negatives/not_wake_word_subset/not_wake_word_06300.wav
0,1,0.6243,/home/miro/Workspace/MachineLearningProjects/ww-trainer/experiments/hey_mycroft/dataset/negatives/processed/000625.wav
0,1,0.5900,experiments/hey_mycroft/dataset/negatives/not_wake_word_subset/not_wake_word_01342.wav
0,1,0.5608,experiments/hey_mycroft/dataset/negatives/not_wake_word_subset/not_wake_word_07406.wav
0,1,0.6223,experiments/hey_mycroft/dataset/negatives/not_wake_word_subset/not_wake_word_08116.wav
0,1,0.5154,experiments/hey_mycroft/dataset/negatives/not_wake_word_subset/not_wake_word_06786.wav
0,1,0.5499,experiments/hey_mycroft/dataset/negatives/not_wake_word_subset/not_wake_word_09104.wav
0,1,0.5982,experiments/hey_mycroft/dataset/negatives/not_wake_word_subset/not_wake_word_07650.wav
0,1,0.5889,experiments/hey_mycroft/dataset/negatives/not_wake_word_subset/not_wake_word_01396.wav
0,1,0.6135,experiments/hey_mycroft/dataset/negatives/not_wake_word_subset/not_wake_word_02729.wav
0,1,0.5621,experiments/hey_mycroft/dataset/negatives/not_wake_word_subset/not_wake_word_00401.wav
0,1,0.6319,experiments/hey_mycroft/dataset/negatives/not_wake_word_subset/not_wake_word_08402.wav
0,1,0.5642,experiments/hey_mycroft/dataset/negatives/not_wake_word_subset/not_wake_word_01234.wav
0,1,0.6217,experiments/hey_mycroft/dataset/negatives/not_wake_word_subset/not_wake_word_02287.wav
0,1,0.5597,experiments/hey_mycroft/dataset/negatives/not_wake_word_subset/not_wake_word_08770.wav
0,1,0.5930,experiments/hey_mycroft/dataset/negatives/not_wake_word_subset/not_wake_word_03653.wav
0,1,0.5508,experiments/hey_mycroft/dataset/negatives/not_wake_word_subset/not_wake_word_05448.wav
0,1,0.5466,experiments/hey_mycroft/dataset/negatives/not_wake_word_subset/not_wake_word_06597.wav
0,1,0.6185,experiments/hey_mycroft/dataset/negatives/not_wake_word_subset/not_wake_word_06465.wav
0,1,0.5998,experiments/hey_mycroft/dataset/negatives/not_wake_word_subset/not_wake_word_06230.wav
0,1,0.6125,experiments/hey_mycroft/dataset/negatives/not_wake_word_subset/not_wake_word_08656.wav
0,1,0.5098,experiments/hey_mycroft/dataset/negatives/not_wake_word_subset/not_wake_word_01420.wav
0,1,0.6097,experiments/hey_mycroft/dataset/negatives/not_wake_word_subset/not_wake_word_05073.wav
0,1,0.6109,experiments/hey_mycroft/dataset/negatives/not_wake_word_subset/not_wake_word_04499.wav
0,1,0.5600,experiments/hey_mycroft/dataset/negatives/not_wake_word_subset/not_wake_word_01613.wav
0,1,0.5638,/home/miro/Workspace/MachineLearningProjects/ww-trainer/experiments/hey_mycroft/dataset/negatives/processed/001102.wav
0,1,0.6093,experiments/hey_mycroft/dataset/negatives/not_wake_word_subset/not_wake_word_04688.wav
0,1,0.5867,/home/miro/Workspace/MachineLearningProjects/ww-trainer/experiments/hey_mycroft/dataset/negatives/processed/000387.wav
0,1,0.6284,experiments/hey_mycroft/dataset/negatives/not_wake_word_subset/not_wake_word_05960.wav
0,1,0.6214,experiments/hey_mycroft/dataset/negatives/not_wake_word_subset/not_wake_word_09310.wav
0,1,0.6289,experiments/hey_mycroft/dataset/negatives/not_wake_word_subset/not_wake_word_00846.wav
0,1,0.6420,experiments/hey_mycroft/dataset/negatives/not_wake_word_subset/not_wake_word_01681.wav
0,1,0.5656,experiments/hey_mycroft/dataset/negatives/not_wake_word_subset/not_wake_word_03343.wav
0,1,0.5824,experiments/hey_mycroft/dataset/negatives/not_wake_word_subset/not_wake_word_07484.wav
0,1,0.6275,/home/miro/Workspace/MachineLearningProjects/ww-trainer/experiments/hey_mycroft/dataset/negatives/processed/001032.wav
0,1,0.6262,experiments/hey_mycroft/dataset/negatives/not_wake_word_subset/not_wake_word_00153.wav
0,1,0.6506,experiments/hey_mycroft/dataset/negatives/not_wake_word_subset/not_wake_word_06335.wav
0,1,0.5696,experiments/hey_mycroft/dataset/negatives/not_wake_word_subset/not_wake_word_09664.wav
0,1,0.5992,experiments/hey_mycroft/dataset/negatives/not_wake_word_subset/not_wake_word_01984.wav
0,1,0.6354,experiments/hey_mycroft/dataset/negatives/not_wake_word_subset/not_wake_word_05806.wav
0,1,0.5057,/home/miro/Workspace/MachineLearningProjects/ww-trainer/experiments/hey_mycroft/dataset/negatives/processed/000411.wav
0,1,0.5881,experiments/hey_mycroft/dataset/negatives/not_wake_word_subset/not_wake_word_01558.wav
0,1,0.6181,experiments/hey_mycroft/dataset/negatives/not_wake_word_subset/not_wake_word_00299.wav
0,1,0.6480,experiments/hey_mycroft/dataset/negatives/not_wake_word_subset/not_wake_word_03842.wav
0,1,0.6215,experiments/hey_mycroft/dataset/negatives/not_wake_word_subset/not_wake_word_01260.wav
0,1,0.6246,experiments/hey_mycroft/dataset/negatives/not_wake_word_subset/not_wake_word_07343.wav
0,1,0.5896,experiments/hey_mycroft/dataset/negatives/not_wake_word_subset/not_wake_word_02996.wav
0,1,0.6220,experiments/hey_mycroft/dataset/negatives/not_wake_word_subset/not_wake_word_03457.wav
0,1,0.6290,experiments/hey_mycroft/dataset/negatives/not_wake_word_subset/not_wake_word_07793.wav
0,1,0.5447,experiments/hey_mycroft/dataset/negatives/not_wake_word_subset/not_wake_word_04845.wav
0,1,0.6146,experiments/hey_mycroft/dataset/negatives/not_wake_word_subset/not_wake_word_03899.wav
0,1,0.6092,experiments/hey_mycroft/dataset/negatives/not_wake_word_subset/not_wake_word_09961.wav
0,1,0.5826,experiments/hey_mycroft/dataset/negatives/not_wake_word_subset/not_wake_word_05261.wav
0,1,0.6098,experiments/hey_mycroft/dataset/negatives/not_wake_word_subset/not_wake_word_03909.wav
0,1,0.5464,experiments/hey_mycroft/dataset/negatives/not_wake_word_subset/not_wake_word_05494.wav
0,1,0.6324,experiments/hey_mycroft/dataset/negatives/not_wake_word_subset/not_wake_word_00978.wav
0,1,0.6045,experiments/hey_mycroft/dataset/negatives/not_wake_word_subset/not_wake_word_03712.wav
0,1,0.6042,experiments/hey_mycroft/dataset/negatives/not_wake_word_subset/not_wake_word_02038.wav
0,1,0.6415,experiments/hey_mycroft/dataset/negatives/not_wake_word_subset/not_wake_word_05935.wav
0,1,0.5483,experiments/hey_mycroft/dataset/negatives/not_wake_word_subset/not_wake_word_02514.wav
0,1,0.6019,experiments/hey_mycroft/dataset/negatives/not_wake_word_subset/not_wake_word_07995.wav
0,1,0.5861,experiments/hey_mycroft/dataset/negatives/not_wake_word_subset/not_wake_word_05120.wav
0,1,0.6318,experiments/hey_mycroft/dataset/negatives/not_wake_word_subset/not_wake_word_00371.wav
0,1,0.5597,experiments/hey_mycroft/dataset/negatives/not_wake_word_subset/not_wake_word_08154.wav
0,1,0.5735,experiments/hey_mycroft/dataset/negatives/not_wake_word_subset/not_wake_word_07171.wav
0,1,0.5801,/home/miro/Workspace/MachineLearningProjects/ww-trainer/experiments/hey_mycroft/dataset/negatives/processed/000539.wav
0,1,0.5413,/home/miro/Workspace/MachineLearningProjects/ww-trainer/experiments/hey_mycroft/dataset/negatives/processed/001790.wav
0,1,0.5992,/home/miro/Workspace/MachineLearningProjects/ww-trainer/experiments/hey_mycroft/dataset/negatives/processed/000465.wav
0,1,0.6211,experiments/hey_mycroft/dataset/negatives/not_wake_word_subset/not_wake_word_01252.wav
0,1,0.6117,experiments/hey_mycroft/dataset/negatives/not_wake_word_subset/not_wake_word_06079.wav
0,1,0.6517,experiments/hey_mycroft/dataset/negatives/not_wake_word_subset/not_wake_word_08585.wav
0,1,0.6199,experiments/hey_mycroft/dataset/negatives/not_wake_word_subset/not_wake_word_08006.wav
0,1,0.6021,experiments/hey_mycroft/dataset/negatives/not_wake_word_subset/not_wake_word_02501.wav
0,1,0.5541,experiments/hey_mycroft/dataset/negatives/not_wake_word_subset/not_wake_word_07239.wav
0,1,0.6888,/home/miro/Workspace/MachineLearningProjects/ww-trainer/experiments/hey_mycroft/dataset/negatives/processed/001469.wav
0,1,0.5878,experiments/hey_mycroft/dataset/negatives/not_wake_word_subset/not_wake_word_04832.wav
0,1,0.5974,experiments/hey_mycroft/dataset/negatives/not_wake_word_subset/not_wake_word_06106.wav
0,1,0.6450,experiments/hey_mycroft/dataset/negatives/not_wake_word_subset/not_wake_word_09615.wav
0,1,0.6367,experiments/hey_mycroft/dataset/negatives/not_wake_word_subset/not_wake_word_07137.wav
0,1,0.5831,experiments/hey_mycroft/dataset/negatives/not_wake_word_subset/not_wake_word_04603.wav
0,1,0.5738,experiments/hey_mycroft/dataset/negatives/not_wake_word_subset/not_wake_word_04060.wav
0,1,0.5752,experiments/hey_mycroft/dataset/negatives/not_wake_word_subset/not_wake_word_00252.wav
0,1,0.6207,/home/miro/Workspace/MachineLearningProjects/ww-trainer/experiments/hey_mycroft/dataset/negatives/processed/000173.wav
0,1,0.6058,experiments/hey_mycroft/dataset/negatives/not_wake_word_subset/not_wake_word_02954.wav
0,1,0.5880,experiments/hey_mycroft/dataset/negatives/not_wake_word_subset/not_wake_word_04089.wav
0,1,0.6032,experiments/hey_mycroft/dataset/negatives/not_wake_word_subset/not_wake_word_01887.wav
0,1,0.5584,experiments/hey_mycroft/dataset/negatives/not_wake_word_subset/not_wake_word_01520.wav
0,1,0.5918,experiments/hey_mycroft/dataset/negatives/not_wake_word_subset/not_wake_word_06117.wav
0,1,0.6269,experiments/hey_mycroft/dataset/negatives/not_wake_word_subset/not_wake_word_08904.wav
0,1,0.6167,experiments/hey_mycroft/dataset/negatives/not_wake_word_subset/not_wake_word_05155.wav
0,1,0.6160,experiments/hey_mycroft/dataset/negatives/not_wake_word_subset/not_wake_word_08072.wav
0,1,0.6184,experiments/hey_mycroft/dataset/negatives/not_wake_word_subset/not_wake_word_03919.wav
0,1,0.6421,experiments/hey_mycroft/dataset/negatives/not_wake_word_subset/not_wake_word_09293.wav
0,1,0.6268,experiments/hey_mycroft/dataset/negatives/not_wake_word_subset/not_wake_word_09039.wav
0,1,0.6385,/home/miro/Workspace/MachineLearningProjects/ww-trainer/experiments/hey_mycroft/dataset/negatives/processed/000772.wav
0,1,0.6275,experiments/hey_mycroft/dataset/negatives/not_wake_word_subset/not_wake_word_04012.wav
0,1,0.5930,experiments/hey_mycroft/dataset/negatives/not_wake_word_subset/not_wake_word_00028.wav
0,1,0.5566,experiments/hey_mycroft/dataset/negatives/not_wake_word_subset/not_wake_word_04333.wav
0,1,0.5961,experiments/hey_mycroft/dataset/negatives/not_wake_word_subset/not_wake_word_07063.wav
0,1,0.6290,experiments/hey_mycroft/dataset/negatives/not_wake_word_subset/not_wake_word_04950.wav
0,1,0.6142,experiments/hey_mycroft/dataset/negatives/not_wake_word_subset/not_wake_word_01754.wav
0,1,0.5731,experiments/hey_mycroft/dataset/negatives/not_wake_word_subset/not_wake_word_04074.wav
0,1,0.5925,experiments/hey_mycroft/dataset/negatives/not_wake_word_subset/not_wake_word_01444.wav
0,1,0.6344,experiments/hey_mycroft/dataset/negatives/not_wake_word_subset/not_wake_word_02365.wav
0,1,0.6213,experiments/hey_mycroft/dataset/negatives/not_wake_word_subset/not_wake_word_03856.wav
0,1,0.6055,experiments/hey_mycroft/dataset/negatives/not_wake_word_subset/not_wake_word_07462.wav
0,1,0.6217,experiments/hey_mycroft/dataset/negatives/not_wake_word_subset/not_wake_word_03471.wav
0,1,0.5799,/home/miro/Workspace/MachineLearningProjects/ww-trainer/experiments/hey_mycroft/dataset/negatives/processed/000506.wav
0,1,0.6036,experiments/hey_mycroft/dataset/negatives/not_wake_word_subset/not_wake_word_08693.wav
0,1,0.5828,experiments/hey_mycroft/dataset/negatives/not_wake_word_subset/not_wake_word_08677.wav
0,1,0.6088,experiments/hey_mycroft/dataset/negatives/not_wake_word_subset/not_wake_word_04495.wav
0,1,0.5866,experiments/hey_mycroft/dataset/negatives/not_wake_word_subset/not_wake_word_07633.wav
0,1,0.5531,/home/miro/Workspace/MachineLearningProjects/ww-trainer/experiments/hey_mycroft/dataset/negatives/processed/000024.wav
0,1,0.6044,experiments/hey_mycroft/dataset/negatives/not_wake_word_subset/not_wake_word_00007.wav
0,1,0.6051,experiments/hey_mycroft/dataset/negatives/not_wake_word_subset/not_wake_word_01888.wav
0,1,0.5783,experiments/hey_mycroft/dataset/negatives/not_wake_word_subset/not_wake_word_09928.wav
0,1,0.5456,experiments/hey_mycroft/dataset/negatives/not_wake_word_subset/not_wake_word_08875.wav
0,1,0.6055,experiments/hey_mycroft/dataset/negatives/not_wake_word_subset/not_wake_word_07913.wav
0,1,0.6401,experiments/hey_mycroft/dataset/negatives/not_wake_word_subset/not_wake_word_04316.wav
0,1,0.6007,experiments/hey_mycroft/dataset/negatives/not_wake_word_subset/not_wake_word_09025.wav
0,1,0.5150,experiments/hey_mycroft/dataset/negatives/not_wake_word_subset/not_wake_word_06173.wav
0,1,0.5775,experiments/hey_mycroft/dataset/negatives/not_wake_word_subset/not_wake_word_03444.wav
0,1,0.5796,experiments/hey_mycroft/dataset/negatives/not_wake_word_subset/not_wake_word_00431.wav
0,1,0.6189,experiments/hey_mycroft/dataset/negatives/not_wake_word_subset/not_wake_word_02956.wav
0,1,0.6119,experiments/hey_mycroft/dataset/negatives/not_wake_word_subset/not_wake_word_01316.wav
0,1,0.5911,/home/miro/Workspace/MachineLearningProjects/ww-trainer/experiments/hey_mycroft/dataset/negatives/processed/000088.wav
0,1,0.6469,experiments/hey_mycroft/dataset/negatives/not_wake_word_subset/not_wake_word_02276.wav
0,1,0.5474,experiments/hey_mycroft/dataset/negatives/not_wake_word_subset/not_wake_word_07374.wav
0,1,0.6097,experiments/hey_mycroft/dataset/negatives/not_wake_word_subset/not_wake_word_07658.wav
0,1,0.6457,experiments/hey_mycroft/dataset/negatives/not_wake_word_subset/not_wake_word_02778.wav
0,1,0.6417,/home/miro/Workspace/MachineLearningProjects/ww-trainer/experiments/hey_mycroft/dataset/negatives/processed/001139.wav
0,1,0.5663,/home/miro/Workspace/MachineLearningProjects/ww-trainer/experiments/hey_mycroft/dataset/negatives/processed/000324.wav
0,1,0.5969,experiments/hey_mycroft/dataset/negatives/not_wake_word_subset/not_wake_word_07674.wav
0,1,0.5851,experiments/hey_mycroft/dataset/negatives/not_wake_word_subset/not_wake_word_00855.wav
0,1,0.6078,experiments/hey_mycroft/dataset/negatives/not_wake_word_subset/not_wake_word_09261.wav
0,1,0.6361,experiments/hey_mycroft/dataset/negatives/not_wake_word_subset/not_wake_word_07542.wav
0,1,0.6245,experiments/hey_mycroft/dataset/negatives/not_wake_word_subset/not_wake_word_06305.wav
0,1,0.5439,experiments/hey_mycroft/dataset/negatives/not_wake_word_subset/not_wake_word_01021.wav
0,1,0.6403,experiments/hey_mycroft/dataset/negatives/not_wake_word_subset/not_wake_word_09492.wav
0,1,0.6031,experiments/hey_mycroft/dataset/negatives/not_wake_word_subset/not_wake_word_00437.wav
0,1,0.6208,experiments/hey_mycroft/dataset/negatives/not_wake_word_subset/not_wake_word_02046.wav
0,1,0.6181,experiments/hey_mycroft/dataset/negatives/not_wake_word_subset/not_wake_word_01859.wav
0,1,0.6407,experiments/hey_mycroft/dataset/negatives/not_wake_word_subset/not_wake_word_04501.wav
0,1,0.6174,experiments/hey_mycroft/dataset/negatives/not_wake_word_subset/not_wake_word_08890.wav
0,1,0.5914,experiments/hey_mycroft/dataset/negatives/not_wake_word_subset/not_wake_word_02167.wav
0,1,0.5287,/home/miro/Workspace/MachineLearningProjects/ww-trainer/experiments/hey_mycroft/dataset/negatives/processed/000404.wav
0,1,0.6190,experiments/hey_mycroft/dataset/negatives/not_wake_word_subset/not_wake_word_09432.wav
0,1,0.5945,/home/miro/Workspace/MachineLearningProjects/ww-trainer/experiments/hey_mycroft/dataset/negatives/processed/000751.wav
0,1,0.5011,/home/miro/Workspace/MachineLearningProjects/ww-trainer/experiments/hey_mycroft/dataset/negatives/processed/000733.wav
0,1,0.5908,experiments/hey_mycroft/dataset/negatives/not_wake_word_subset/not_wake_word_08318.wav
0,1,0.6269,experiments/hey_mycroft/dataset/negatives/not_wake_word_subset/not_wake_word_02305.wav
0,1,0.6142,experiments/hey_mycroft/dataset/negatives/not_wake_word_subset/not_wake_word_09764.wav
0,1,0.5860,experiments/hey_mycroft/dataset/negatives/not_wake_word_subset/not_wake_word_01822.wav
0,1,0.5242,experiments/hey_mycroft/dataset/negatives/not_wake_word_subset/not_wake_word_06905.wav
0,1,0.5215,/home/miro/Workspace/MachineLearningProjects/ww-trainer/experiments/hey_mycroft/dataset/negatives/processed/000354.wav
0,1,0.6293,experiments/hey_mycroft/dataset/negatives/not_wake_word_subset/not_wake_word_03531.wav
0,1,0.5943,experiments/hey_mycroft/dataset/negatives/not_wake_word_subset/not_wake_word_01109.wav
0,1,0.6117,experiments/hey_mycroft/dataset/negatives/not_wake_word_subset/not_wake_word_03744.wav
0,1,0.5831,experiments/hey_mycroft/dataset/negatives/not_wake_word_subset/not_wake_word_01050.wav
0,1,0.5741,/home/miro/Workspace/MachineLearningProjects/ww-trainer/experiments/hey_mycroft/dataset/negatives/processed/000646.wav
0,1,0.6059,experiments/hey_mycroft/dataset/negatives/not_wake_word_subset/not_wake_word_08503.wav
0,1,0.6484,experiments/hey_mycroft/dataset/negatives/not_wake_word_subset/not_wake_word_07179.wav
0,1,0.6176,experiments/hey_mycroft/dataset/negatives/not_wake_word_subset/not_wake_word_09655.wav
0,1,0.5850,experiments/hey_mycroft/dataset/negatives/not_wake_word_subset/not_wake_word_02035.wav
0,1,0.6085,experiments/hey_mycroft/dataset/negatives/not_wake_word_subset/not_wake_word_07317.wav
0,1,0.5757,experiments/hey_mycroft/dataset/negatives/not_wake_word_subset/not_wake_word_06390.wav
0,1,0.6032,/home/miro/Workspace/MachineLearningProjects/ww-trainer/experiments/hey_mycroft/dataset/negatives/processed/000676.wav
0,1,0.6054,experiments/hey_mycroft/dataset/negatives/not_wake_word_subset/not_wake_word_09198.wav
0,1,0.5699,experiments/hey_mycroft/dataset/negatives/not_wake_word_subset/not_wake_word_02940.wav
0,1,0.6123,experiments/hey_mycroft/dataset/negatives/not_wake_word_subset/not_wake_word_09578.wav
0,1,0.6416,experiments/hey_mycroft/dataset/negatives/not_wake_word_subset/not_wake_word_02982.wav
0,1,0.5904,/home/miro/Workspace/MachineLearningProjects/ww-trainer/experiments/hey_mycroft/dataset/negatives/processed/000749.wav
0,1,0.6130,experiments/hey_mycroft/dataset/negatives/not_wake_word_subset/not_wake_word_08495.wav
0,1,0.6051,experiments/hey_mycroft/dataset/negatives/not_wake_word_subset/not_wake_word_02443.wav
0,1,0.6164,experiments/hey_mycroft/dataset/negatives/not_wake_word_subset/not_wake_word_06538.wav
0,1,0.5860,experiments/hey_mycroft/dataset/negatives/not_wake_word_subset/not_wake_word_09193.wav
0,1,0.6336,/home/miro/Workspace/MachineLearningProjects/ww-trainer/experiments/hey_mycroft/dataset/negatives/processed/000780.wav
0,1,0.6000,experiments/hey_mycroft/dataset/negatives/not_wake_word_subset/not_wake_word_02064.wav
0,1,0.5746,experiments/hey_mycroft/dataset/negatives/not_wake_word_subset/not_wake_word_02003.wav
0,1,0.6425,experiments/hey_mycroft/dataset/negatives/not_wake_word_subset/not_wake_word_05273.wav
0,1,0.5726,experiments/hey_mycroft/dataset/negatives/not_wake_word_subset/not_wake_word_02533.wav
0,1,0.6415,experiments/hey_mycroft/dataset/negatives/not_wake_word_subset/not_wake_word_06078.wav
0,1,0.5394,experiments/hey_mycroft/dataset/negatives/not_wake_word_subset/not_wake_word_06917.wav
0,1,0.6020,experiments/hey_mycroft/dataset/negatives/not_wake_word_subset/not_wake_word_07874.wav
0,1,0.5915,experiments/hey_mycroft/dataset/negatives/not_wake_word_subset/not_wake_word_02580.wav
0,1,0.5809,experiments/hey_mycroft/dataset/negatives/not_wake_word_subset/not_wake_word_00067.wav
0,1,0.5279,experiments/hey_mycroft/dataset/negatives/not_wake_word_subset/not_wake_word_06414.wav
0,1,0.5902,experiments/hey_mycroft/dataset/negatives/not_wake_word_subset/not_wake_word_05752.wav
0,1,0.5250,experiments/hey_mycroft/dataset/negatives/not_wake_word_subset/not_wake_word_02828.wav
0,1,0.5305,experiments/hey_mycroft/dataset/negatives/not_wake_word_subset/not_wake_word_09349.wav
0,1,0.5902,experiments/hey_mycroft/dataset/negatives/not_wake_word_subset/not_wake_word_01532.wav
0,1,0.5487,experiments/hey_mycroft/dataset/negatives/not_wake_word_subset/not_wake_word_00743.wav
0,1,0.6025,experiments/hey_mycroft/dataset/negatives/not_wake_word_subset/not_wake_word_06654.wav
0,1,0.5266,/home/miro/Workspace/MachineLearningProjects/ww-trainer/experiments/hey_mycroft/dataset/negatives/processed/000960.wav
0,1,0.6399,experiments/hey_mycroft/dataset/negatives/not_wake_word_subset/not_wake_word_05106.wav
0,1,0.6024,experiments/hey_mycroft/dataset/negatives/not_wake_word_subset/not_wake_word_01583.wav
0,1,0.5714,experiments/hey_mycroft/dataset/negatives/not_wake_word_subset/not_wake_word_01064.wav
0,1,0.6272,experiments/hey_mycroft/dataset/negatives/not_wake_word_subset/not_wake_word_07753.wav
0,1,0.5565,experiments/hey_mycroft/dataset/negatives/not_wake_word_subset/not_wake_word_08511.wav
0,1,0.6322,experiments/hey_mycroft/dataset/negatives/not_wake_word_subset/not_wake_word_05040.wav
0,1,0.5683,/home/miro/Workspace/MachineLearningProjects/ww-trainer/experiments/hey_mycroft/dataset/negatives/processed/000281.wav
0,1,0.6178,experiments/hey_mycroft/dataset/negatives/not_wake_word_subset/not_wake_word_05995.wav
0,1,0.6119,experiments/hey_mycroft/dataset/negatives/not_wake_word_subset/not_wake_word_06566.wav
0,1,0.5856,experiments/hey_mycroft/dataset/negatives/not_wake_word_subset/not_wake_word_06581.wav
0,1,0.6031,experiments/hey_mycroft/dataset/negatives/not_wake_word_subset/not_wake_word_05086.wav
0,1,0.5984,experiments/hey_mycroft/dataset/negatives/not_wake_word_subset/not_wake_word_01776.wav
0,1,0.5450,experiments/hey_mycroft/dataset/negatives/not_wake_word_subset/not_wake_word_05461.wav
0,1,0.6106,experiments/hey_mycroft/dataset/negatives/not_wake_word_subset/not_wake_word_02786.wav
0,1,0.5785,experiments/hey_mycroft/dataset/negatives/not_wake_word_subset/not_wake_word_04023.wav
0,1,0.6227,experiments/hey_mycroft/dataset/negatives/not_wake_word_subset/not_wake_word_05577.wav
0,1,0.6068,experiments/hey_mycroft/dataset/negatives/not_wake_word_subset/not_wake_word_09069.wav
0,1,0.6209,experiments/hey_mycroft/dataset/negatives/not_wake_word_subset/not_wake_word_07261.wav
0,1,0.5614,experiments/hey_mycroft/dataset/negatives/not_wake_word_subset/not_wake_word_04397.wav
0,1,0.6207,experiments/hey_mycroft/dataset/negatives/not_wake_word_subset/not_wake_word_01989.wav
0,1,0.6285,experiments/hey_mycroft/dataset/negatives/not_wake_word_subset/not_wake_word_01504.wav
0,1,0.5448,/home/miro/Workspace/MachineLearningProjects/ww-trainer/experiments/hey_mycroft/dataset/negatives/processed/001249.wav
0,1,0.6190,experiments/hey_mycroft/dataset/negatives/not_wake_word_subset/not_wake_word_04567.wav
0,1,0.6104,experiments/hey_mycroft/dataset/negatives/not_wake_word_subset/not_wake_word_09477.wav
0,1,0.6061,experiments/hey_mycroft/dataset/negatives/not_wake_word_subset/not_wake_word_04563.wav
0,1,0.6084,experiments/hey_mycroft/dataset/negatives/not_wake_word_subset/not_wake_word_06334.wav
0,1,0.6430,experiments/hey_mycroft/dataset/negatives/not_wake_word_subset/not_wake_word_01735.wav
0,1,0.5853,/home/miro/Workspace/MachineLearningProjects/ww-trainer/experiments/hey_mycroft/dataset/negatives/processed/000802.wav
0,1,0.5967,experiments/hey_mycroft/dataset/negatives/not_wake_word_subset/not_wake_word_09305.wav
0,1,0.5674,/home/miro/Workspace/MachineLearningProjects/ww-trainer/experiments/hey_mycroft/dataset/negatives/processed/000018.wav
0,1,0.5857,experiments/hey_mycroft/dataset/negatives/not_wake_word_subset/not_wake_word_03061.wav
0,1,0.6012,experiments/hey_mycroft/dataset/negatives/not_wake_word_subset/not_wake_word_06252.wav
0,1,0.6136,experiments/hey_mycroft/dataset/negatives/not_wake_word_subset/not_wake_word_02435.wav
0,1,0.6311,experiments/hey_mycroft/dataset/negatives/not_wake_word_subset/not_wake_word_08685.wav
0,1,0.6286,experiments/hey_mycroft/dataset/negatives/not_wake_word_subset/not_wake_word_03156.wav
0,1,0.6176,experiments/hey_mycroft/dataset/negatives/not_wake_word_subset/not_wake_word_05943.wav
0,1,0.6367,experiments/hey_mycroft/dataset/negatives/not_wake_word_subset/not_wake_word_05004.wav
0,1,0.6453,experiments/hey_mycroft/dataset/negatives/not_wake_word_subset/not_wake_word_07434.wav
0,1,0.5632,experiments/hey_mycroft/dataset/negatives/not_wake_word_subset/not_wake_word_03946.wav
0,1,0.6271,/home/miro/Workspace/MachineLearningProjects/ww-trainer/experiments/hey_mycroft/dataset/negatives/processed/000764.wav
0,1,0.6154,experiments/hey_mycroft/dataset/negatives/not_wake_word_subset/not_wake_word_05371.wav
0,1,0.6378,experiments/hey_mycroft/dataset/negatives/not_wake_word_subset/not_wake_word_05022.wav
0,1,0.6152,experiments/hey_mycroft/dataset/negatives/not_wake_word_subset/not_wake_word_05555.wav
0,1,0.6298,experiments/hey_mycroft/dataset/negatives/not_wake_word_subset/not_wake_word_09742.wav
0,1,0.6222,experiments/hey_mycroft/dataset/negatives/not_wake_word_subset/not_wake_word_08395.wav
0,1,0.6486,experiments/hey_mycroft/dataset/negatives/not_wake_word_subset/not_wake_word_00445.wav
0,1,0.6298,experiments/hey_mycroft/dataset/negatives/not_wake_word_subset/not_wake_word_00107.wav
0,1,0.6262,experiments/hey_mycroft/dataset/negatives/not_wake_word_subset/not_wake_word_03942.wav
0,1,0.6131,experiments/hey_mycroft/dataset/negatives/not_wake_word_subset/not_wake_word_01744.wav
0,1,0.5523,experiments/hey_mycroft/dataset/negatives/not_wake_word_subset/not_wake_word_04983.wav
0,1,0.6339,experiments/hey_mycroft/dataset/negatives/not_wake_word_subset/not_wake_word_01528.wav
0,1,0.5903,experiments/hey_mycroft/dataset/negatives/not_wake_word_subset/not_wake_word_04119.wav
0,1,0.5815,experiments/hey_mycroft/dataset/negatives/not_wake_word_subset/not_wake_word_01230.wav
0,1,0.5280,experiments/hey_mycroft/dataset/negatives/not_wake_word_subset/not_wake_word_00675.wav
0,1,0.5823,/home/miro/Workspace/MachineLearningProjects/ww-trainer/experiments/hey_mycroft/dataset/negatives/processed/001208.wav
0,1,0.5654,/home/miro/Workspace/MachineLearningProjects/ww-trainer/experiments/hey_mycroft/dataset/negatives/processed/000027.wav
0,1,0.6409,experiments/hey_mycroft/dataset/negatives/not_wake_word_subset/not_wake_word_00334.wav
0,1,0.6412,experiments/hey_mycroft/dataset/negatives/not_wake_word_subset/not_wake_word_03018.wav
0,1,0.6248,experiments/hey_mycroft/dataset/negatives/not_wake_word_subset/not_wake_word_08703.wav
0,1,0.6197,/home/miro/Workspace/MachineLearningProjects/ww-trainer/experiments/hey_mycroft/dataset/negatives/processed/000564.wav
0,1,0.6023,experiments/hey_mycroft/dataset/negatives/not_wake_word_subset/not_wake_word_09144.wav
0,1,0.6278,experiments/hey_mycroft/dataset/negatives/not_wake_word_subset/not_wake_word_02804.wav
0,1,0.6117,experiments/hey_mycroft/dataset/negatives/not_wake_word_subset/not_wake_word_01098.wav
0,1,0.5873,experiments/hey_mycroft/dataset/negatives/not_wake_word_subset/not_wake_word_07450.wav
0,1,0.6207,experiments/hey_mycroft/dataset/negatives/not_wake_word_subset/not_wake_word_07350.wav
0,1,0.6138,experiments/hey_mycroft/dataset/negatives/not_wake_word_subset/not_wake_word_05462.wav
0,1,0.6148,experiments/hey_mycroft/dataset/negatives/not_wake_word_subset/not_wake_word_02168.wav
0,1,0.6196,experiments/hey_mycroft/dataset/negatives/not_wake_word_subset/not_wake_word_09650.wav
0,1,0.6191,experiments/hey_mycroft/dataset/negatives/not_wake_word_subset/not_wake_word_06030.wav
0,1,0.6248,experiments/hey_mycroft/dataset/negatives/not_wake_word_subset/not_wake_word_05081.wav
0,1,0.6002,experiments/hey_mycroft/dataset/negatives/not_wake_word_subset/not_wake_word_02297.wav
0,1,0.5734,experiments/hey_mycroft/dataset/negatives/not_wake_word_subset/not_wake_word_07278.wav
0,1,0.6066,experiments/hey_mycroft/dataset/negatives/not_wake_word_subset/not_wake_word_04921.wav
0,1,0.5581,experiments/hey_mycroft/dataset/negatives/not_wake_word_subset/not_wake_word_01313.wav
0,1,0.6002,experiments/hey_mycroft/dataset/negatives/not_wake_word_subset/not_wake_word_07614.wav
0,1,0.5118,/home/miro/Workspace/MachineLearningProjects/ww-trainer/experiments/hey_mycroft/dataset/negatives/processed/000446.wav
0,1,0.5669,experiments/hey_mycroft/dataset/negatives/not_wake_word_subset/not_wake_word_01973.wav
0,1,0.5142,experiments/hey_mycroft/dataset/negatives/not_wake_word_subset/not_wake_word_07392.wav
0,1,0.5342,experiments/hey_mycroft/dataset/negatives/not_wake_word_subset/not_wake_word_08596.wav
0,1,0.5678,experiments/hey_mycroft/dataset/negatives/not_wake_word_subset/not_wake_word_05001.wav
0,1,0.5905,experiments/hey_mycroft/dataset/negatives/not_wake_word_subset/not_wake_word_06948.wav
0,1,0.6083,/home/miro/Workspace/MachineLearningProjects/ww-trainer/experiments/hey_mycroft/dataset/negatives/processed/000816.wav
0,1,0.5815,experiments/hey_mycroft/dataset/negatives/not_wake_word_subset/not_wake_word_08332.wav
0,1,0.5782,experiments/hey_mycroft/dataset/negatives/not_wake_word_subset/not_wake_word_03523.wav
0,1,0.5992,experiments/hey_mycroft/dataset/negatives/not_wake_word_subset/not_wake_word_03289.wav
0,1,0.6063,experiments/hey_mycroft/dataset/negatives/not_wake_word_subset/not_wake_word_08023.wav
0,1,0.5833,experiments/hey_mycroft/dataset/negatives/not_wake_word_subset/not_wake_word_00784.wav
0,1,0.5967,experiments/hey_mycroft/dataset/negatives/not_wake_word_subset/not_wake_word_00804.wav
0,1,0.5928,experiments/hey_mycroft/dataset/negatives/not_wake_word_subset/not_wake_word_00259.wav
0,1,0.6089,experiments/hey_mycroft/dataset/negatives/not_wake_word_subset/not_wake_word_03484.wav
0,1,0.6150,experiments/hey_mycroft/dataset/negatives/not_wake_word_subset/not_wake_word_05870.wav
0,1,0.6357,experiments/hey_mycroft/dataset/negatives/not_wake_word_subset/not_wake_word_00794.wav
0,1,0.6169,experiments/hey_mycroft/dataset/negatives/not_wake_word_subset/not_wake_word_06593.wav
0,1,0.5998,experiments/hey_mycroft/dataset/negatives/not_wake_word_subset/not_wake_word_05732.wav
0,1,0.6089,experiments/hey_mycroft/dataset/negatives/not_wake_word_subset/not_wake_word_00940.wav
0,1,0.5911,experiments/hey_mycroft/dataset/negatives/not_wake_word_subset/not_wake_word_09190.wav
0,1,0.6308,experiments/hey_mycroft/dataset/negatives/not_wake_word_subset/not_wake_word_03572.wav
0,1,0.6048,experiments/hey_mycroft/dataset/negatives/not_wake_word_subset/not_wake_word_02750.wav
0,1,0.5847,experiments/hey_mycroft/dataset/negatives/not_wake_word_subset/not_wake_word_04171.wav
0,1,0.6290,experiments/hey_mycroft/dataset/negatives/not_wake_word_subset/not_wake_word_04713.wav
0,1,0.5707,/home/miro/Workspace/MachineLearningProjects/ww-trainer/experiments/hey_mycroft/dataset/negatives/processed/000214.wav
0,1,0.6273,experiments/hey_mycroft/dataset/negatives/not_wake_word_subset/not_wake_word_00627.wav
0,1,0.6065,experiments/hey_mycroft/dataset/negatives/not_wake_word_subset/not_wake_word_02054.wav
0,1,0.5907,experiments/hey_mycroft/dataset/negatives/not_wake_word_subset/not_wake_word_09757.wav
0,1,0.6141,experiments/hey_mycroft/dataset/negatives/not_wake_word_subset/not_wake_word_08767.wav
0,1,0.6272,experiments/hey_mycroft/dataset/negatives/not_wake_word_subset/not_wake_word_06808.wav
0,1,0.5725,experiments/hey_mycroft/dataset/negatives/not_wake_word_subset/not_wake_word_07265.wav
0,1,0.5334,experiments/hey_mycroft/dataset/negatives/not_wake_word_subset/not_wake_word_04387.wav
0,1,0.6281,experiments/hey_mycroft/dataset/negatives/not_wake_word_subset/not_wake_word_07812.wav
0,1,0.5951,experiments/hey_mycroft/dataset/negatives/not_wake_word_subset/not_wake_word_07326.wav
0,1,0.5876,experiments/hey_mycroft/dataset/negatives/not_wake_word_subset/not_wake_word_08665.wav
0,1,0.6324,experiments/hey_mycroft/dataset/negatives/not_wake_word_subset/not_wake_word_06055.wav
0,1,0.5969,/home/miro/Workspace/MachineLearningProjects/ww-trainer/experiments/hey_mycroft/dataset/negatives/processed/000473.wav
0,1,0.6235,experiments/hey_mycroft/dataset/negatives/not_wake_word_subset/not_wake_word_04398.wav
0,1,0.5429,/home/miro/Workspace/MachineLearningProjects/ww-trainer/experiments/hey_mycroft/dataset/negatives/processed/001844.wav
0,1,0.6283,experiments/hey_mycroft/dataset/negatives/not_wake_word_subset/not_wake_word_06528.wav
0,1,0.6210,experiments/hey_mycroft/dataset/negatives/not_wake_word_subset/not_wake_word_09226.wav
0,1,0.5867,experiments/hey_mycroft/dataset/negatives/not_wake_word_subset/not_wake_word_08271.wav
0,1,0.6927,/home/miro/Workspace/MachineLearningProjects/ww-trainer/experiments/hey_mycroft/dataset/negatives/processed/001043.wav
0,1,0.6200,experiments/hey_mycroft/dataset/negatives/not_wake_word_subset/not_wake_word_07785.wav
0,1,0.5819,experiments/hey_mycroft/dataset/negatives/not_wake_word_subset/not_wake_word_09527.wav
0,1,0.5680,experiments/hey_mycroft/dataset/negatives/not_wake_word_subset/not_wake_word_07757.wav
0,1,0.5503,experiments/hey_mycroft/dataset/negatives/not_wake_word_subset/not_wake_word_05908.wav
0,1,0.6183,experiments/hey_mycroft/dataset/negatives/not_wake_word_subset/not_wake_word_08854.wav
0,1,0.6045,experiments/hey_mycroft/dataset/negatives/not_wake_word_subset/not_wake_word_07922.wav
0,1,0.5904,experiments/hey_mycroft/dataset/negatives/not_wake_word_subset/not_wake_word_09858.wav
0,1,0.5778,experiments/hey_mycroft/dataset/negatives/not_wake_word_subset/not_wake_word_05599.wav
0,1,0.6207,experiments/hey_mycroft/dataset/negatives/not_wake_word_subset/not_wake_word_02077.wav
0,1,0.6270,/home/miro/Workspace/MachineLearningProjects/ww-trainer/experiments/hey_mycroft/dataset/negatives/processed/000622.wav
0,1,0.6025,experiments/hey_mycroft/dataset/negatives/not_wake_word_subset/not_wake_word_01670.wav
0,1,0.5936,experiments/hey_mycroft/dataset/negatives/not_wake_word_subset/not_wake_word_08349.wav
0,1,0.6250,experiments/hey_mycroft/dataset/negatives/not_wake_word_subset/not_wake_word_00591.wav
0,1,0.6125,experiments/hey_mycroft/dataset/negatives/not_wake_word_subset/not_wake_word_02731.wav
0,1,0.6250,experiments/hey_mycroft/dataset/negatives/not_wake_word_subset/not_wake_word_05978.wav
0,1,0.5379,experiments/hey_mycroft/dataset/negatives/not_wake_word_subset/not_wake_word_03892.wav
0,1,0.5360,experiments/hey_mycroft/dataset/negatives/not_wake_word_subset/not_wake_word_04162.wav
0,1,0.6297,experiments/hey_mycroft/dataset/negatives/not_wake_word_subset/not_wake_word_01477.wav
0,1,0.5985,experiments/hey_mycroft/dataset/negatives/not_wake_word_subset/not_wake_word_04654.wav
0,1,0.6296,experiments/hey_mycroft/dataset/negatives/not_wake_word_subset/not_wake_word_01624.wav
0,1,0.6005,experiments/hey_mycroft/dataset/negatives/not_wake_word_subset/not_wake_word_05039.wav
0,1,0.6570,experiments/hey_mycroft/dataset/negatives/not_wake_word_subset/not_wake_word_06745.wav
0,1,0.5298,experiments/hey_mycroft/dataset/negatives/not_wake_word_subset/not_wake_word_03827.wav
0,1,0.6077,experiments/hey_mycroft/dataset/negatives/not_wake_word_subset/not_wake_word_03546.wav
0,1,0.5782,experiments/hey_mycroft/dataset/negatives/not_wake_word_subset/not_wake_word_00127.wav
0,1,0.5723,/home/miro/Workspace/MachineLearningProjects/ww-trainer/experiments/hey_mycroft/dataset/negatives/processed/000729.wav
0,1,0.5018,experiments/hey_mycroft/dataset/negatives/not_wake_word_subset/not_wake_word_05530.wav
0,1,0.5924,experiments/hey_mycroft/dataset/negatives/not_wake_word_subset/not_wake_word_05297.wav
0,1,0.6320,experiments/hey_mycroft/dataset/negatives/not_wake_word_subset/not_wake_word_03058.wav
0,1,0.6142,experiments/hey_mycroft/dataset/negatives/not_wake_word_subset/not_wake_word_04915.wav
0,1,0.6141,experiments/hey_mycroft/dataset/negatives/not_wake_word_subset/not_wake_word_06326.wav
0,1,0.5778,experiments/hey_mycroft/dataset/negatives/not_wake_word_subset/not_wake_word_09017.wav
0,1,0.6354,experiments/hey_mycroft/dataset/negatives/not_wake_word_subset/not_wake_word_09974.wav
0,1,0.6062,experiments/hey_mycroft/dataset/negatives/not_wake_word_subset/not_wake_word_03493.wav
0,1,0.5847,experiments/hey_mycroft/dataset/negatives/not_wake_word_subset/not_wake_word_09788.wav
0,1,0.5412,/home/miro/Workspace/MachineLearningProjects/ww-trainer/experiments/hey_mycroft/dataset/negatives/processed/000386.wav
0,1,0.6227,experiments/hey_mycroft/dataset/negatives/not_wake_word_subset/not_wake_word_05382.wav
0,1,0.5981,experiments/hey_mycroft/dataset/negatives/not_wake_word_subset/not_wake_word_00888.wav
0,1,0.6149,/home/miro/Workspace/MachineLearningProjects/ww-trainer/experiments/hey_mycroft/dataset/negatives/processed/000073.wav
0,1,0.5658,experiments/hey_mycroft/dataset/negatives/not_wake_word_subset/not_wake_word_09642.wav
0,1,0.6366,experiments/hey_mycroft/dataset/negatives/not_wake_word_subset/not_wake_word_08865.wav
0,1,0.6215,experiments/hey_mycroft/dataset/negatives/not_wake_word_subset/not_wake_word_01392.wav
0,1,0.6186,experiments/hey_mycroft/dataset/negatives/not_wake_word_subset/not_wake_word_08634.wav
0,1,0.6256,experiments/hey_mycroft/dataset/negatives/not_wake_word_subset/not_wake_word_04709.wav
0,1,0.5972,experiments/hey_mycroft/dataset/negatives/not_wake_word_subset/not_wake_word_09997.wav
0,1,0.6254,experiments/hey_mycroft/dataset/negatives/not_wake_word_subset/not_wake_word_09802.wav
0,1,0.6316,experiments/hey_mycroft/dataset/negatives/not_wake_word_subset/not_wake_word_08620.wav
0,1,0.6451,experiments/hey_mycroft/dataset/negatives/not_wake_word_subset/not_wake_word_02901.wav
0,1,0.6006,experiments/hey_mycroft/dataset/negatives/not_wake_word_subset/not_wake_word_02186.wav
0,1,0.6243,experiments/hey_mycroft/dataset/negatives/not_wake_word_subset/not_wake_word_08484.wav
0,1,0.5736,experiments/hey_mycroft/dataset/negatives/not_wake_word_subset/not_wake_word_02536.wav
0,1,0.5961,experiments/hey_mycroft/dataset/negatives/not_wake_word_subset/not_wake_word_07031.wav
0,1,0.5428,experiments/hey_mycroft/dataset/negatives/not_wake_word_subset/not_wake_word_02331.wav
0,1,0.5817,/home/miro/Workspace/MachineLearningProjects/ww-trainer/experiments/hey_mycroft/dataset/negatives/processed/000673.wav
0,1,0.6064,experiments/hey_mycroft/dataset/negatives/not_wake_word_subset/not_wake_word_08549.wav
0,1,0.6080,experiments/hey_mycroft/dataset/negatives/not_wake_word_subset/not_wake_word_04184.wav
0,1,0.5415,experiments/hey_mycroft/dataset/negatives/not_wake_word_subset/not_wake_word_06982.wav
0,1,0.5820,experiments/hey_mycroft/dataset/negatives/not_wake_word_subset/not_wake_word_00987.wav
0,1,0.6238,experiments/hey_mycroft/dataset/negatives/not_wake_word_subset/not_wake_word_05575.wav
0,1,0.6251,experiments/hey_mycroft/dataset/negatives/not_wake_word_subset/not_wake_word_08347.wav
0,1,0.6339,experiments/hey_mycroft/dataset/negatives/not_wake_word_subset/not_wake_word_04836.wav
0,1,0.6295,experiments/hey_mycroft/dataset/negatives/not_wake_word_subset/not_wake_word_07042.wav
0,1,0.6266,/home/miro/Workspace/MachineLearningProjects/ww-trainer/experiments/hey_mycroft/dataset/negatives/processed/000789.wav
0,1,0.6103,experiments/hey_mycroft/dataset/negatives/not_wake_word_subset/not_wake_word_04902.wav
0,1,0.6173,experiments/hey_mycroft/dataset/negatives/not_wake_word_subset/not_wake_word_01125.wav
0,1,0.6361,experiments/hey_mycroft/dataset/negatives/not_wake_word_subset/not_wake_word_03222.wav
0,1,0.6381,/home/miro/Workspace/MachineLearningProjects/ww-trainer/experiments/hey_mycroft/dataset/negatives/processed/000790.wav
0,1,0.6079,experiments/hey_mycroft/dataset/negatives/not_wake_word_subset/not_wake_word_05760.wav
0,1,0.6533,experiments/hey_mycroft/dataset/negatives/not_wake_word_subset/not_wake_word_08997.wav
0,1,0.5476,/home/miro/Workspace/MachineLearningProjects/ww-trainer/experiments/hey_mycroft/dataset/negatives/processed/000083.wav
0,1,0.6228,experiments/hey_mycroft/dataset/negatives/not_wake_word_subset/not_wake_word_06637.wav
0,1,0.6043,experiments/hey_mycroft/dataset/negatives/not_wake_word_subset/not_wake_word_03831.wav
0,1,0.5734,experiments/hey_mycroft/dataset/negatives/not_wake_word_subset/not_wake_word_08212.wav
0,1,0.6352,/home/miro/Workspace/MachineLearningProjects/ww-trainer/experiments/hey_mycroft/dataset/negatives/processed/000669.wav
0,1,0.6156,experiments/hey_mycroft/dataset/negatives/not_wake_word_subset/not_wake_word_00738.wav
0,1,0.5472,/home/miro/Workspace/MachineLearningProjects/ww-trainer/experiments/hey_mycroft/dataset/negatives/processed/001855.wav
0,1,0.6399,experiments/hey_mycroft/dataset/negatives/not_wake_word_subset/not_wake_word_06285.wav
0,1,0.6255,experiments/hey_mycroft/dataset/negatives/not_wake_word_subset/not_wake_word_01164.wav
0,1,0.5970,experiments/hey_mycroft/dataset/negatives/not_wake_word_subset/not_wake_word_09174.wav
0,1,0.5656,experiments/hey_mycroft/dataset/negatives/not_wake_word_subset/not_wake_word_06522.wav
0,1,0.6292,experiments/hey_mycroft/dataset/negatives/not_wake_word_subset/not_wake_word_06561.wav
0,1,0.5775,experiments/hey_mycroft/dataset/negatives/not_wake_word_subset/not_wake_word_07934.wav
0,1,0.5826,experiments/hey_mycroft/dataset/negatives/not_wake_word_subset/not_wake_word_00999.wav
0,1,0.6215,experiments/hey_mycroft/dataset/negatives/not_wake_word_subset/not_wake_word_07089.wav
0,1,0.5341,/home/miro/Workspace/MachineLearningProjects/ww-trainer/experiments/hey_mycroft/dataset/negatives/processed/001487.wav
0,1,0.6145,experiments/hey_mycroft/dataset/negatives/not_wake_word_subset/not_wake_word_07620.wav
0,1,0.6002,experiments/hey_mycroft/dataset/negatives/not_wake_word_subset/not_wake_word_06013.wav
0,1,0.6023,experiments/hey_mycroft/dataset/negatives/not_wake_word_subset/not_wake_word_07206.wav
0,1,0.6185,experiments/hey_mycroft/dataset/negatives/not_wake_word_subset/not_wake_word_08667.wav
0,1,0.6322,experiments/hey_mycroft/dataset/negatives/not_wake_word_subset/not_wake_word_05184.wav
0,1,0.5790,experiments/hey_mycroft/dataset/negatives/not_wake_word_subset/not_wake_word_02274.wav
0,1,0.6110,experiments/hey_mycroft/dataset/negatives/not_wake_word_subset/not_wake_word_06683.wav
0,1,0.5458,/home/miro/Workspace/MachineLearningProjects/ww-trainer/experiments/hey_mycroft/dataset/negatives/processed/000470.wav
0,1,0.6126,experiments/hey_mycroft/dataset/negatives/not_wake_word_subset/not_wake_word_01747.wav
0,1,0.5783,/home/miro/Workspace/MachineLearningProjects/ww-trainer/experiments/hey_mycroft/dataset/negatives/processed/001168.wav
0,1,0.5619,experiments/hey_mycroft/dataset/negatives/not_wake_word_subset/not_wake_word_04370.wav
0,1,0.6342,experiments/hey_mycroft/dataset/negatives/not_wake_word_subset/not_wake_word_00982.wav
0,1,0.5927,experiments/hey_mycroft/dataset/negatives/not_wake_word_subset/not_wake_word_01077.wav
0,1,0.6270,/home/miro/Workspace/MachineLearningProjects/ww-trainer/experiments/hey_mycroft/dataset/negatives/processed/000622.wav
0,1,0.5344,/home/miro/Workspace/MachineLearningProjects/ww-trainer/experiments/hey_mycroft/dataset/negatives/processed/001040.wav
0,1,0.6298,experiments/hey_mycroft/dataset/negatives/not_wake_word_subset/not_wake_word_08951.wav
0,1,0.6004,experiments/hey_mycroft/dataset/negatives/not_wake_word_subset/not_wake_word_01529.wav
0,1,0.6405,experiments/hey_mycroft/dataset/negatives/not_wake_word_subset/not_wake_word_05926.wav
0,1,0.6206,experiments/hey_mycroft/dataset/negatives/not_wake_word_subset/not_wake_word_04565.wav
0,1,0.6362,experiments/hey_mycroft/dataset/negatives/not_wake_word_subset/not_wake_word_07744.wav
0,1,0.5707,experiments/hey_mycroft/dataset/negatives/not_wake_word_subset/not_wake_word_07841.wav
0,1,0.6179,experiments/hey_mycroft/dataset/negatives/not_wake_word_subset/not_wake_word_03151.wav
0,1,0.5937,experiments/hey_mycroft/dataset/negatives/not_wake_word_subset/not_wake_word_00816.wav
0,1,0.6300,experiments/hey_mycroft/dataset/negatives/not_wake_word_subset/not_wake_word_02464.wav
0,1,0.5137,experiments/hey_mycroft/dataset/negatives/not_wake_word_subset/not_wake_word_03675.wav
0,1,0.5098,experiments/hey_mycroft/dataset/negatives/not_wake_word_subset/not_wake_word_05440.wav
0,1,0.5812,experiments/hey_mycroft/dataset/negatives/not_wake_word_subset/not_wake_word_05662.wav
0,1,0.5762,experiments/hey_mycroft/dataset/negatives/not_wake_word_subset/not_wake_word_04967.wav
0,1,0.6459,experiments/hey_mycroft/dataset/negatives/not_wake_word_subset/not_wake_word_08851.wav
0,1,0.6085,experiments/hey_mycroft/dataset/negatives/not_wake_word_subset/not_wake_word_02002.wav
0,1,0.6269,experiments/hey_mycroft/dataset/negatives/not_wake_word_subset/not_wake_word_04292.wav
0,1,0.5037,experiments/hey_mycroft/dataset/negatives/not_wake_word_subset/not_wake_word_04782.wav
0,1,0.5040,experiments/hey_mycroft/dataset/negatives/not_wake_word_subset/not_wake_word_05655.wav
0,1,0.5588,experiments/hey_mycroft/dataset/negatives/not_wake_word_subset/not_wake_word_09197.wav
0,1,0.5425,experiments/hey_mycroft/dataset/negatives/not_wake_word_subset/not_wake_word_06019.wav
0,1,0.5689,experiments/hey_mycroft/dataset/negatives/not_wake_word_subset/not_wake_word_05913.wav
0,1,0.5827,experiments/hey_mycroft/dataset/negatives/not_wake_word_subset/not_wake_word_05112.wav
0,1,0.5733,experiments/hey_mycroft/dataset/negatives/not_wake_word_subset/not_wake_word_05140.wav
0,1,0.5981,experiments/hey_mycroft/dataset/negatives/not_wake_word_subset/not_wake_word_06718.wav
0,1,0.6435,experiments/hey_mycroft/dataset/negatives/not_wake_word_subset/not_wake_word_04635.wav
0,1,0.6277,experiments/hey_mycroft/dataset/negatives/not_wake_word_subset/not_wake_word_01903.wav
0,1,0.5955,experiments/hey_mycroft/dataset/negatives/not_wake_word_subset/not_wake_word_05583.wav
0,1,0.6186,experiments/hey_mycroft/dataset/negatives/not_wake_word_subset/not_wake_word_02663.wav
0,1,0.6303,experiments/hey_mycroft/dataset/negatives/not_wake_word_subset/not_wake_word_06483.wav
0,1,0.6449,experiments/hey_mycroft/dataset/negatives/not_wake_word_subset/not_wake_word_07703.wav
0,1,0.5660,experiments/hey_mycroft/dataset/negatives/not_wake_word_subset/not_wake_word_05729.wav
0,1,0.6203,/home/miro/Workspace/MachineLearningProjects/ww-trainer/experiments/hey_mycroft/dataset/negatives/processed/000754.wav
0,1,0.6254,experiments/hey_mycroft/dataset/negatives/not_wake_word_subset/not_wake_word_03729.wav
0,1,0.5861,experiments/hey_mycroft/dataset/negatives/not_wake_word_subset/not_wake_word_03272.wav
0,1,0.5895,experiments/hey_mycroft/dataset/negatives/not_wake_word_subset/not_wake_word_01605.wav
0,1,0.6242,/home/miro/Workspace/MachineLearningProjects/ww-trainer/experiments/hey_mycroft/dataset/negatives/processed/000826.wav
0,1,0.6317,experiments/hey_mycroft/dataset/negatives/not_wake_word_subset/not_wake_word_01041.wav
0,1,0.6451,experiments/hey_mycroft/dataset/negatives/not_wake_word_subset/not_wake_word_05618.wav
0,1,0.6240,experiments/hey_mycroft/dataset/negatives/not_wake_word_subset/not_wake_word_04217.wav
0,1,0.5815,experiments/hey_mycroft/dataset/negatives/not_wake_word_subset/not_wake_word_04723.wav
0,1,0.6513,experiments/hey_mycroft/dataset/negatives/not_wake_word_subset/not_wake_word_04187.wav
0,1,0.6223,experiments/hey_mycroft/dataset/negatives/not_wake_word_subset/not_wake_word_07461.wav
0,1,0.5039,/home/miro/Workspace/MachineLearningProjects/ww-trainer/experiments/hey_mycroft/dataset/negatives/processed/000907.wav
0,1,0.5450,experiments/hey_mycroft/dataset/negatives/not_wake_word_subset/not_wake_word_05821.wav
0,1,0.5781,experiments/hey_mycroft/dataset/negatives/not_wake_word_subset/not_wake_word_08908.wav
0,1,0.5976,experiments/hey_mycroft/dataset/negatives/not_wake_word_subset/not_wake_word_04559.wav
0,1,0.6039,experiments/hey_mycroft/dataset/negatives/not_wake_word_subset/not_wake_word_05401.wav
0,1,0.6073,experiments/hey_mycroft/dataset/negatives/not_wake_word_subset/not_wake_word_01626.wav
0,1,0.5477,/home/miro/Workspace/MachineLearningProjects/ww-trainer/experiments/hey_mycroft/dataset/negatives/processed/000402.wav
0,1,0.5981,experiments/hey_mycroft/dataset/negatives/not_wake_word_subset/not_wake_word_03269.wav
0,1,0.6236,experiments/hey_mycroft/dataset/negatives/not_wake_word_subset/not_wake_word_00471.wav
0,1,0.5986,experiments/hey_mycroft/dataset/negatives/not_wake_word_subset/not_wake_word_08936.wav
0,1,0.5841,experiments/hey_mycroft/dataset/negatives/not_wake_word_subset/not_wake_word_07026.wav
0,1,0.5724,experiments/hey_mycroft/dataset/negatives/not_wake_word_subset/not_wake_word_05929.wav
0,1,0.6052,experiments/hey_mycroft/dataset/negatives/not_wake_word_subset/not_wake_word_07268.wav
0,1,0.6495,experiments/hey_mycroft/dataset/negatives/not_wake_word_subset/not_wake_word_04787.wav
0,1,0.5835,experiments/hey_mycroft/dataset/negatives/not_wake_word_subset/not_wake_word_05777.wav
0,1,0.6435,experiments/hey_mycroft/dataset/negatives/not_wake_word_subset/not_wake_word_05268.wav
0,1,0.5975,experiments/hey_mycroft/dataset/negatives/not_wake_word_subset/not_wake_word_05544.wav
0,1,0.6223,/home/miro/Workspace/MachineLearningProjects/ww-trainer/experiments/hey_mycroft/dataset/negatives/processed/000611.wav
0,1,0.5761,/home/miro/Workspace/MachineLearningProjects/ww-trainer/experiments/hey_mycroft/dataset/negatives/processed/000004.wav
0,1,0.6487,experiments/hey_mycroft/dataset/negatives/not_wake_word_subset/not_wake_word_04233.wav
0,1,0.6417,experiments/hey_mycroft/dataset/negatives/not_wake_word_subset/not_wake_word_03074.wav
0,1,0.5547,experiments/hey_mycroft/dataset/negatives/not_wake_word_subset/not_wake_word_03936.wav
0,1,0.5992,experiments/hey_mycroft/dataset/negatives/not_wake_word_subset/not_wake_word_07692.wav
0,1,0.6339,experiments/hey_mycroft/dataset/negatives/not_wake_word_subset/not_wake_word_03539.wav
0,1,0.5888,experiments/hey_mycroft/dataset/negatives/not_wake_word_subset/not_wake_word_06780.wav
0,1,0.6050,experiments/hey_mycroft/dataset/negatives/not_wake_word_subset/not_wake_word_01959.wav
0,1,0.6397,/home/miro/Workspace/MachineLearningProjects/ww-trainer/experiments/hey_mycroft/dataset/negatives/processed/000663.wav
0,1,0.5171,experiments/hey_mycroft/dataset/negatives/not_wake_word_subset/not_wake_word_03609.wav
0,1,0.6013,experiments/hey_mycroft/dataset/negatives/not_wake_word_subset/not_wake_word_09307.wav
0,1,0.6184,experiments/hey_mycroft/dataset/negatives/not_wake_word_subset/not_wake_word_06761.wav
0,1,0.6324,experiments/hey_mycroft/dataset/negatives/not_wake_word_subset/not_wake_word_00489.wav
0,1,0.5587,experiments/hey_mycroft/dataset/negatives/not_wake_word_subset/not_wake_word_09126.wav
0,1,0.6368,experiments/hey_mycroft/dataset/negatives/not_wake_word_subset/not_wake_word_03998.wav
0,1,0.6237,experiments/hey_mycroft/dataset/negatives/not_wake_word_subset/not_wake_word_08042.wav
0,1,0.5340,/home/miro/Workspace/MachineLearningProjects/ww-trainer/experiments/hey_mycroft/dataset/negatives/processed/000030.wav
0,1,0.6038,experiments/hey_mycroft/dataset/negatives/not_wake_word_subset/not_wake_word_02756.wav
0,1,0.5747,experiments/hey_mycroft/dataset/negatives/not_wake_word_subset/not_wake_word_04137.wav
0,1,0.6287,experiments/hey_mycroft/dataset/negatives/not_wake_word_subset/not_wake_word_03753.wav
0,1,0.6435,experiments/hey_mycroft/dataset/negatives/not_wake_word_subset/not_wake_word_05650.wav
0,1,0.6145,experiments/hey_mycroft/dataset/negatives/not_wake_word_subset/not_wake_word_08749.wav
0,1,0.6085,/home/miro/Workspace/MachineLearningProjects/ww-trainer/experiments/hey_mycroft/dataset/negatives/processed/000063.wav
0,1,0.5358,experiments/hey_mycroft/dataset/negatives/not_wake_word_subset/not_wake_word_06346.wav
0,1,0.6197,experiments/hey_mycroft/dataset/negatives/not_wake_word_subset/not_wake_word_06292.wav
0,1,0.6293,experiments/hey_mycroft/dataset/negatives/not_wake_word_subset/not_wake_word_02528.wav
0,1,0.5849,experiments/hey_mycroft/dataset/negatives/not_wake_word_subset/not_wake_word_05375.wav
0,1,0.6244,experiments/hey_mycroft/dataset/negatives/not_wake_word_subset/not_wake_word_04744.wav
0,1,0.6258,experiments/hey_mycroft/dataset/negatives/not_wake_word_subset/not_wake_word_05084.wav
0,1,0.6120,experiments/hey_mycroft/dataset/negatives/not_wake_word_subset/not_wake_word_01130.wav
0,1,0.5475,experiments/hey_mycroft/dataset/negatives/not_wake_word_subset/not_wake_word_01699.wav
0,1,0.5233,experiments/hey_mycroft/dataset/negatives/not_wake_word_subset/not_wake_word_01892.wav
0,1,0.6186,experiments/hey_mycroft/dataset/negatives/not_wake_word_subset/not_wake_word_02928.wav
0,1,0.6355,experiments/hey_mycroft/dataset/negatives/not_wake_word_subset/not_wake_word_00772.wav
0,1,0.6136,experiments/hey_mycroft/dataset/negatives/not_wake_word_subset/not_wake_word_07398.wav
0,1,0.6125,/home/miro/Workspace/MachineLearningProjects/ww-trainer/experiments/hey_mycroft/dataset/negatives/processed/000617.wav
0,1,0.5804,experiments/hey_mycroft/dataset/negatives/not_wake_word_subset/not_wake_word_03091.wav
0,1,0.6429,experiments/hey_mycroft/dataset/negatives/not_wake_word_subset/not_wake_word_00854.wav
0,1,0.5869,experiments/hey_mycroft/dataset/negatives/not_wake_word_subset/not_wake_word_06810.wav
0,1,0.5862,experiments/hey_mycroft/dataset/negatives/not_wake_word_subset/not_wake_word_09441.wav
0,1,0.6361,experiments/hey_mycroft/dataset/negatives/not_wake_word_subset/not_wake_word_05153.wav
0,1,0.6393,experiments/hey_mycroft/dataset/negatives/not_wake_word_subset/not_wake_word_04337.wav
0,1,0.5277,/home/miro/Workspace/MachineLearningProjects/ww-trainer/experiments/hey_mycroft/dataset/negatives/processed/001939.wav
0,1,0.5743,experiments/hey_mycroft/dataset/negatives/not_wake_word_subset/not_wake_word_06791.wav
0,1,0.6187,/home/miro/Workspace/MachineLearningProjects/ww-trainer/experiments/hey_mycroft/dataset/negatives/processed/000052.wav
0,1,0.5827,experiments/hey_mycroft/dataset/negatives/not_wake_word_subset/not_wake_word_05877.wav
0,1,0.6044,experiments/hey_mycroft/dataset/negatives/not_wake_word_subset/not_wake_word_01696.wav
0,1,0.5947,experiments/hey_mycroft/dataset/negatives/not_wake_word_subset/not_wake_word_08870.wav
0,1,0.6161,experiments/hey_mycroft/dataset/negatives/not_wake_word_subset/not_wake_word_04672.wav
0,1,0.6577,experiments/hey_mycroft/dataset/negatives/not_wake_word_subset/not_wake_word_00126.wav
0,1,0.5324,experiments/hey_mycroft/dataset/negatives/not_wake_word_subset/not_wake_word_04174.wav
0,1,0.5720,experiments/hey_mycroft/dataset/negatives/not_wake_word_subset/not_wake_word_07490.wav
0,1,0.5457,/home/miro/Workspace/MachineLearningProjects/ww-trainer/experiments/hey_mycroft/dataset/negatives/processed/001656.wav
0,1,0.5866,/home/miro/Workspace/MachineLearningProjects/ww-trainer/experiments/hey_mycroft/dataset/negatives/processed/000677.wav
0,1,0.6161,experiments/hey_mycroft/dataset/negatives/not_wake_word_subset/not_wake_word_03350.wav
0,1,0.6056,experiments/hey_mycroft/dataset/negatives/not_wake_word_subset/not_wake_word_09743.wav
0,1,0.6419,experiments/hey_mycroft/dataset/negatives/not_wake_word_subset/not_wake_word_08380.wav
0,1,0.5512,experiments/hey_mycroft/dataset/negatives/not_wake_word_subset/not_wake_word_02855.wav
0,1,0.6436,experiments/hey_mycroft/dataset/negatives/not_wake_word_subset/not_wake_word_01140.wav
0,1,0.5962,experiments/hey_mycroft/dataset/negatives/not_wake_word_subset/not_wake_word_02370.wav
0,1,0.5587,/home/miro/Workspace/MachineLearningProjects/ww-trainer/experiments/hey_mycroft/dataset/negatives/processed/001836.wav
0,1,0.6026,experiments/hey_mycroft/dataset/negatives/not_wake_word_subset/not_wake_word_06938.wav
0,1,0.6075,experiments/hey_mycroft/dataset/negatives/not_wake_word_subset/not_wake_word_06587.wav
0,1,0.6277,experiments/hey_mycroft/dataset/negatives/not_wake_word_subset/not_wake_word_00694.wav
0,1,0.6339,experiments/hey_mycroft/dataset/negatives/not_wake_word_subset/not_wake_word_05426.wav
0,1,0.6169,experiments/hey_mycroft/dataset/negatives/not_wake_word_subset/not_wake_word_03586.wav
0,1,0.6248,/home/miro/Workspace/MachineLearningProjects/ww-trainer/experiments/hey_mycroft/dataset/negatives/processed/000342.wav
0,1,0.6103,experiments/hey_mycroft/dataset/negatives/not_wake_word_subset/not_wake_word_00723.wav
0,1,0.6372,experiments/hey_mycroft/dataset/negatives/not_wake_word_subset/not_wake_word_03583.wav
0,1,0.5524,experiments/hey_mycroft/dataset/negatives/not_wake_word_subset/not_wake_word_09347.wav
0,1,0.6098,experiments/hey_mycroft/dataset/negatives/not_wake_word_subset/not_wake_word_05345.wav
0,1,0.6168,/home/miro/Workspace/MachineLearningProjects/ww-trainer/experiments/hey_mycroft/dataset/negatives/processed/000821.wav
0,1,0.6020,/home/miro/Workspace/MachineLearningProjects/ww-trainer/experiments/hey_mycroft/dataset/negatives/processed/000753.wav
0,1,0.5862,experiments/hey_mycroft/dataset/negatives/not_wake_word_subset/not_wake_word_02654.wav
0,1,0.5538,experiments/hey_mycroft/dataset/negatives/not_wake_word_subset/not_wake_word_08018.wav
0,1,0.6357,experiments/hey_mycroft/dataset/negatives/not_wake_word_subset/not_wake_word_06143.wav
0,1,0.6338,experiments/hey_mycroft/dataset/negatives/not_wake_word_subset/not_wake_word_03793.wav
0,1,0.6426,experiments/hey_mycroft/dataset/negatives/not_wake_word_subset/not_wake_word_05948.wav
0,1,0.5967,experiments/hey_mycroft/dataset/negatives/not_wake_word_subset/not_wake_word_09860.wav
0,1,0.6314,/home/miro/Workspace/MachineLearningProjects/ww-trainer/experiments/hey_mycroft/dataset/negatives/processed/000230.wav
0,1,0.6128,experiments/hey_mycroft/dataset/negatives/not_wake_word_subset/not_wake_word_04650.wav
0,1,0.5870,experiments/hey_mycroft/dataset/negatives/not_wake_word_subset/not_wake_word_02581.wav
0,1,0.5775,experiments/hey_mycroft/dataset/negatives/not_wake_word_subset/not_wake_word_00410.wav
0,1,0.5711,experiments/hey_mycroft/dataset/negatives/not_wake_word_subset/not_wake_word_03140.wav
0,1,0.5800,experiments/hey_mycroft/dataset/negatives/not_wake_word_subset/not_wake_word_06506.wav
0,1,0.6060,experiments/hey_mycroft/dataset/negatives/not_wake_word_subset/not_wake_word_01308.wav
0,1,0.5903,/home/miro/Workspace/MachineLearningProjects/ww-trainer/experiments/hey_mycroft/dataset/negatives/processed/000145.wav
0,1,0.6208,experiments/hey_mycroft/dataset/negatives/not_wake_word_subset/not_wake_word_03991.wav
0,1,0.6268,/home/miro/Workspace/MachineLearningProjects/ww-trainer/experiments/hey_mycroft/dataset/negatives/processed/000226.wav
0,1,0.6028,experiments/hey_mycroft/dataset/negatives/not_wake_word_subset/not_wake_word_09296.wav
0,1,0.5558,experiments/hey_mycroft/dataset/negatives/not_wake_word_subset/not_wake_word_04470.wav
0,1,0.6200,experiments/hey_mycroft/dataset/negatives/not_wake_word_subset/not_wake_word_01226.wav
0,1,0.6147,experiments/hey_mycroft/dataset/negatives/not_wake_word_subset/not_wake_word_07219.wav
0,1,0.6315,experiments/hey_mycroft/dataset/negatives/not_wake_word_subset/not_wake_word_01053.wav
0,1,0.6062,experiments/hey_mycroft/dataset/negatives/not_wake_word_subset/not_wake_word_07652.wav
0,1,0.6423,experiments/hey_mycroft/dataset/negatives/not_wake_word_subset/not_wake_word_09772.wav
0,1,0.5709,experiments/hey_mycroft/dataset/negatives/not_wake_word_subset/not_wake_word_09178.wav
0,1,0.6346,experiments/hey_mycroft/dataset/negatives/not_wake_word_subset/not_wake_word_09090.wav
0,1,0.5581,experiments/hey_mycroft/dataset/negatives/not_wake_word_subset/not_wake_word_05670.wav
0,1,0.6211,experiments/hey_mycroft/dataset/negatives/not_wake_word_subset/not_wake_word_09754.wav
0,1,0.6112,experiments/hey_mycroft/dataset/negatives/not_wake_word_subset/not_wake_word_02781.wav
0,1,0.6279,experiments/hey_mycroft/dataset/negatives/not_wake_word_subset/not_wake_word_06512.wav
0,1,0.5406,experiments/hey_mycroft/dataset/negatives/not_wake_word_subset/not_wake_word_09563.wav
0,1,0.5733,experiments/hey_mycroft/dataset/negatives/not_wake_word_subset/not_wake_word_03888.wav
0,1,0.6027,/home/miro/Workspace/MachineLearningProjects/ww-trainer/experiments/hey_mycroft/dataset/negatives/processed/000819.wav
0,1,0.5782,experiments/hey_mycroft/dataset/negatives/not_wake_word_subset/not_wake_word_01147.wav
0,1,0.5693,experiments/hey_mycroft/dataset/negatives/not_wake_word_subset/not_wake_word_09196.wav
0,1,0.5752,experiments/hey_mycroft/dataset/negatives/not_wake_word_subset/not_wake_word_02092.wav
0,1,0.6047,experiments/hey_mycroft/dataset/negatives/not_wake_word_subset/not_wake_word_01291.wav
0,1,0.5543,experiments/hey_mycroft/dataset/negatives/not_wake_word_subset/not_wake_word_02427.wav
0,1,0.6147,/home/miro/Workspace/MachineLearningProjects/ww-trainer/experiments/hey_mycroft/dataset/negatives/processed/000567.wav
0,1,0.5676,experiments/hey_mycroft/dataset/negatives/not_wake_word_subset/not_wake_word_08095.wav
0,1,0.6053,experiments/hey_mycroft/dataset/negatives/not_wake_word_subset/not_wake_word_07964.wav
0,1,0.6220,/home/miro/Workspace/MachineLearningProjects/ww-trainer/experiments/hey_mycroft/dataset/negatives/processed/000115.wav
0,1,0.5591,experiments/hey_mycroft/dataset/negatives/not_wake_word_subset/not_wake_word_01774.wav
0,1,0.5741,/home/miro/Workspace/MachineLearningProjects/ww-trainer/experiments/hey_mycroft/dataset/negatives/processed/000646.wav
0,1,0.6024,experiments/hey_mycroft/dataset/negatives/not_wake_word_subset/not_wake_word_01900.wav
0,1,0.5887,experiments/hey_mycroft/dataset/negatives/not_wake_word_subset/not_wake_word_00842.wav
0,1,0.6250,experiments/hey_mycroft/dataset/negatives/not_wake_word_subset/not_wake_word_00388.wav
0,1,0.6124,experiments/hey_mycroft/dataset/negatives/not_wake_word_subset/not_wake_word_03303.wav
0,1,0.5974,experiments/hey_mycroft/dataset/negatives/not_wake_word_subset/not_wake_word_00026.wav
0,1,0.6239,experiments/hey_mycroft/dataset/negatives/not_wake_word_subset/not_wake_word_01293.wav
0,1,0.6331,experiments/hey_mycroft/dataset/negatives/not_wake_word_subset/not_wake_word_03115.wav
0,1,0.6268,/home/miro/Workspace/MachineLearningProjects/ww-trainer/experiments/hey_mycroft/dataset/negatives/processed/000226.wav
0,1,0.6054,experiments/hey_mycroft/dataset/negatives/not_wake_word_subset/not_wake_word_01890.wav
0,1,0.5808,experiments/hey_mycroft/dataset/negatives/not_wake_word_subset/not_wake_word_05063.wav
0,1,0.6208,experiments/hey_mycroft/dataset/negatives/not_wake_word_subset/not_wake_word_05092.wav
0,1,0.6463,experiments/hey_mycroft/dataset/negatives/not_wake_word_subset/not_wake_word_08544.wav
0,1,0.5226,experiments/hey_mycroft/dataset/negatives/not_wake_word_subset/not_wake_word_03336.wav
0,1,0.5605,experiments/hey_mycroft/dataset/negatives/not_wake_word_subset/not_wake_word_07363.wav
0,1,0.5856,experiments/hey_mycroft/dataset/negatives/not_wake_word_subset/not_wake_word_01258.wav
0,1,0.5517,experiments/hey_mycroft/dataset/negatives/not_wake_word_subset/not_wake_word_07240.wav
0,1,0.5633,experiments/hey_mycroft/dataset/negatives/not_wake_word_subset/not_wake_word_09873.wav
0,1,0.6302,experiments/hey_mycroft/dataset/negatives/not_wake_word_subset/not_wake_word_00937.wav
0,1,0.5937,experiments/hey_mycroft/dataset/negatives/not_wake_word_subset/not_wake_word_09255.wav
0,1,0.6135,experiments/hey_mycroft/dataset/negatives/not_wake_word_subset/not_wake_word_07533.wav
0,1,0.5512,experiments/hey_mycroft/dataset/negatives/not_wake_word_subset/not_wake_word_09828.wav
0,1,0.6083,experiments/hey_mycroft/dataset/negatives/not_wake_word_subset/not_wake_word_07602.wav
0,1,0.5808,experiments/hey_mycroft/dataset/negatives/not_wake_word_subset/not_wake_word_08705.wav
0,1,0.6100,experiments/hey_mycroft/dataset/negatives/not_wake_word_subset/not_wake_word_07274.wav
0,1,0.6468,experiments/hey_mycroft/dataset/negatives/not_wake_word_subset/not_wake_word_09525.wav
0,1,0.6457,experiments/hey_mycroft/dataset/negatives/not_wake_word_subset/not_wake_word_04962.wav
0,1,0.6007,experiments/hey_mycroft/dataset/negatives/not_wake_word_subset/not_wake_word_00509.wav
0,1,0.6373,experiments/hey_mycroft/dataset/negatives/not_wake_word_subset/not_wake_word_00994.wav
0,1,0.5159,/home/miro/Workspace/MachineLearningProjects/ww-trainer/experiments/hey_mycroft/dataset/negatives/processed/000416.wav
0,1,0.5949,experiments/hey_mycroft/dataset/negatives/not_wake_word_subset/not_wake_word_04086.wav
0,1,0.6068,/home/miro/Workspace/MachineLearningProjects/ww-trainer/experiments/hey_mycroft/dataset/negatives/processed/000464.wav
0,1,0.6184,experiments/hey_mycroft/dataset/negatives/not_wake_word_subset/not_wake_word_00497.wav
0,1,0.5636,experiments/hey_mycroft/dataset/negatives/not_wake_word_subset/not_wake_word_09133.wav
0,1,0.6154,experiments/hey_mycroft/dataset/negatives/not_wake_word_subset/not_wake_word_01196.wav
0,1,0.5999,experiments/hey_mycroft/dataset/negatives/not_wake_word_subset/not_wake_word_06626.wav
0,1,0.5936,experiments/hey_mycroft/dataset/negatives/not_wake_word_subset/not_wake_word_03805.wav
0,1,0.5913,/home/miro/Workspace/MachineLearningProjects/ww-trainer/experiments/hey_mycroft/dataset/negatives/processed/000342.wav
0,1,0.6015,/home/miro/Workspace/MachineLearningProjects/ww-trainer/experiments/hey_mycroft/dataset/negatives/processed/000383.wav
0,1,0.5027,experiments/hey_mycroft/dataset/negatives/not_wake_word_subset/not_wake_word_04872.wav
0,1,0.5471,experiments/hey_mycroft/dataset/negatives/not_wake_word_subset/not_wake_word_00718.wav
